ARM GAS  C:\Users\PC\AppData\Local\Temp\ccxEDZ41.s 			page 1


   1              		.syntax unified
   2              		.cpu cortex-m3
   3              		.fpu softvfp
   4              		.eabi_attribute 20, 1
   5              		.eabi_attribute 21, 1
   6              		.eabi_attribute 23, 3
   7              		.eabi_attribute 24, 1
   8              		.eabi_attribute 25, 1
   9              		.eabi_attribute 26, 1
  10              		.eabi_attribute 30, 1
  11              		.eabi_attribute 34, 1
  12              		.eabi_attribute 18, 4
  13              		.thumb
  14              		.syntax unified
  15              		.file	"cyfitter_cfg.c"
  16              		.text
  17              	.Ltext0:
  18              		.cfi_sections	.debug_frame
  19              		.section	.text.CyClockStartupError,"ax",%progbits
  20              		.align	2
  21              		.thumb
  22              		.thumb_func
  23              		.type	CyClockStartupError, %function
  24              	CyClockStartupError:
  25              	.LFB3:
  26              		.file 1 "Generated_Source\\PSoC5\\cyfitter_cfg.c"
   1:Generated_Source\PSoC5/cyfitter_cfg.c **** 
   2:Generated_Source\PSoC5/cyfitter_cfg.c **** /*******************************************************************************
   3:Generated_Source\PSoC5/cyfitter_cfg.c **** * File Name: cyfitter_cfg.c
   4:Generated_Source\PSoC5/cyfitter_cfg.c **** * 
   5:Generated_Source\PSoC5/cyfitter_cfg.c **** * PSoC Creator  4.4
   6:Generated_Source\PSoC5/cyfitter_cfg.c **** *
   7:Generated_Source\PSoC5/cyfitter_cfg.c **** * Description:
   8:Generated_Source\PSoC5/cyfitter_cfg.c **** * This file contains device initialization code.
   9:Generated_Source\PSoC5/cyfitter_cfg.c **** * Except for the user defined sections in CyClockStartupError(), this file should not be modified.
  10:Generated_Source\PSoC5/cyfitter_cfg.c **** * This file is automatically generated by PSoC Creator.
  11:Generated_Source\PSoC5/cyfitter_cfg.c **** *
  12:Generated_Source\PSoC5/cyfitter_cfg.c **** ********************************************************************************
  13:Generated_Source\PSoC5/cyfitter_cfg.c **** * Copyright (c) 2007-2020 Cypress Semiconductor.  All rights reserved.
  14:Generated_Source\PSoC5/cyfitter_cfg.c **** * You may use this file only in accordance with the license, terms, conditions, 
  15:Generated_Source\PSoC5/cyfitter_cfg.c **** * disclaimers, and limitations in the end user license agreement accompanying 
  16:Generated_Source\PSoC5/cyfitter_cfg.c **** * the software package with which this file was provided.
  17:Generated_Source\PSoC5/cyfitter_cfg.c **** ********************************************************************************/
  18:Generated_Source\PSoC5/cyfitter_cfg.c **** 
  19:Generated_Source\PSoC5/cyfitter_cfg.c **** #include <string.h>
  20:Generated_Source\PSoC5/cyfitter_cfg.c **** #include "cytypes.h"
  21:Generated_Source\PSoC5/cyfitter_cfg.c **** #include "cydevice_trm.h"
  22:Generated_Source\PSoC5/cyfitter_cfg.c **** #include "cyfitter.h"
  23:Generated_Source\PSoC5/cyfitter_cfg.c **** #include "CyLib.h"
  24:Generated_Source\PSoC5/cyfitter_cfg.c **** #include "cyfitter_cfg.h"
  25:Generated_Source\PSoC5/cyfitter_cfg.c **** #include "cyapicallbacks.h"
  26:Generated_Source\PSoC5/cyfitter_cfg.c **** 
  27:Generated_Source\PSoC5/cyfitter_cfg.c **** #define CY_NEED_CYCLOCKSTARTUPERROR 1
  28:Generated_Source\PSoC5/cyfitter_cfg.c **** 
  29:Generated_Source\PSoC5/cyfitter_cfg.c **** 
  30:Generated_Source\PSoC5/cyfitter_cfg.c **** #if defined(__GNUC__) || defined(__ARMCC_VERSION)
  31:Generated_Source\PSoC5/cyfitter_cfg.c ****     #define CYPACKED 
ARM GAS  C:\Users\PC\AppData\Local\Temp\ccxEDZ41.s 			page 2


  32:Generated_Source\PSoC5/cyfitter_cfg.c ****     #define CYPACKED_ATTR __attribute__ ((packed))
  33:Generated_Source\PSoC5/cyfitter_cfg.c ****     #define CYALIGNED __attribute__ ((aligned))
  34:Generated_Source\PSoC5/cyfitter_cfg.c ****     #define CY_CFG_UNUSED __attribute__ ((unused))
  35:Generated_Source\PSoC5/cyfitter_cfg.c ****     #ifndef CY_CFG_SECTION
  36:Generated_Source\PSoC5/cyfitter_cfg.c ****         #define CY_CFG_SECTION __attribute__ ((section(".psocinit")))
  37:Generated_Source\PSoC5/cyfitter_cfg.c ****     #endif
  38:Generated_Source\PSoC5/cyfitter_cfg.c ****     
  39:Generated_Source\PSoC5/cyfitter_cfg.c ****     #if defined(__ARMCC_VERSION)
  40:Generated_Source\PSoC5/cyfitter_cfg.c ****         #define CY_CFG_MEMORY_BARRIER() __memory_changed()
  41:Generated_Source\PSoC5/cyfitter_cfg.c ****     #else
  42:Generated_Source\PSoC5/cyfitter_cfg.c ****         #define CY_CFG_MEMORY_BARRIER() __sync_synchronize()
  43:Generated_Source\PSoC5/cyfitter_cfg.c ****     #endif
  44:Generated_Source\PSoC5/cyfitter_cfg.c ****     
  45:Generated_Source\PSoC5/cyfitter_cfg.c **** #elif defined(__ICCARM__)
  46:Generated_Source\PSoC5/cyfitter_cfg.c ****     #include <intrinsics.h>
  47:Generated_Source\PSoC5/cyfitter_cfg.c **** 
  48:Generated_Source\PSoC5/cyfitter_cfg.c ****     #define CYPACKED __packed
  49:Generated_Source\PSoC5/cyfitter_cfg.c ****     #define CYPACKED_ATTR 
  50:Generated_Source\PSoC5/cyfitter_cfg.c ****     #define CYALIGNED _Pragma("data_alignment=4")
  51:Generated_Source\PSoC5/cyfitter_cfg.c ****     #define CY_CFG_UNUSED _Pragma("diag_suppress=Pe177")
  52:Generated_Source\PSoC5/cyfitter_cfg.c ****     #define CY_CFG_SECTION _Pragma("location=\".psocinit\"")
  53:Generated_Source\PSoC5/cyfitter_cfg.c ****     
  54:Generated_Source\PSoC5/cyfitter_cfg.c ****     #define CY_CFG_MEMORY_BARRIER() __DMB()
  55:Generated_Source\PSoC5/cyfitter_cfg.c ****     
  56:Generated_Source\PSoC5/cyfitter_cfg.c **** #else
  57:Generated_Source\PSoC5/cyfitter_cfg.c ****     #error Unsupported toolchain
  58:Generated_Source\PSoC5/cyfitter_cfg.c **** #endif
  59:Generated_Source\PSoC5/cyfitter_cfg.c **** 
  60:Generated_Source\PSoC5/cyfitter_cfg.c **** #ifndef CYCODE
  61:Generated_Source\PSoC5/cyfitter_cfg.c ****     #define CYCODE
  62:Generated_Source\PSoC5/cyfitter_cfg.c **** #endif
  63:Generated_Source\PSoC5/cyfitter_cfg.c **** #ifndef CYDATA
  64:Generated_Source\PSoC5/cyfitter_cfg.c ****     #define CYDATA
  65:Generated_Source\PSoC5/cyfitter_cfg.c **** #endif
  66:Generated_Source\PSoC5/cyfitter_cfg.c **** #ifndef CYFAR
  67:Generated_Source\PSoC5/cyfitter_cfg.c ****     #define CYFAR
  68:Generated_Source\PSoC5/cyfitter_cfg.c **** #endif
  69:Generated_Source\PSoC5/cyfitter_cfg.c **** #ifndef CYXDATA
  70:Generated_Source\PSoC5/cyfitter_cfg.c ****     #define CYXDATA
  71:Generated_Source\PSoC5/cyfitter_cfg.c **** #endif
  72:Generated_Source\PSoC5/cyfitter_cfg.c **** 
  73:Generated_Source\PSoC5/cyfitter_cfg.c **** 
  74:Generated_Source\PSoC5/cyfitter_cfg.c **** CY_CFG_UNUSED
  75:Generated_Source\PSoC5/cyfitter_cfg.c **** static void CYMEMZERO(void *s, size_t n);
  76:Generated_Source\PSoC5/cyfitter_cfg.c **** CY_CFG_UNUSED
  77:Generated_Source\PSoC5/cyfitter_cfg.c **** static void CYMEMZERO(void *s, size_t n)
  78:Generated_Source\PSoC5/cyfitter_cfg.c **** {
  79:Generated_Source\PSoC5/cyfitter_cfg.c **** 	(void)memset(s, 0, n);
  80:Generated_Source\PSoC5/cyfitter_cfg.c **** }
  81:Generated_Source\PSoC5/cyfitter_cfg.c **** CY_CFG_UNUSED
  82:Generated_Source\PSoC5/cyfitter_cfg.c **** static void CYCONFIGCPY(void *dest, const void *src, size_t n);
  83:Generated_Source\PSoC5/cyfitter_cfg.c **** CY_CFG_UNUSED
  84:Generated_Source\PSoC5/cyfitter_cfg.c **** static void CYCONFIGCPY(void *dest, const void *src, size_t n)
  85:Generated_Source\PSoC5/cyfitter_cfg.c **** {
  86:Generated_Source\PSoC5/cyfitter_cfg.c **** 	(void)memcpy(dest, src, n);
  87:Generated_Source\PSoC5/cyfitter_cfg.c **** }
  88:Generated_Source\PSoC5/cyfitter_cfg.c **** CY_CFG_UNUSED
ARM GAS  C:\Users\PC\AppData\Local\Temp\ccxEDZ41.s 			page 3


  89:Generated_Source\PSoC5/cyfitter_cfg.c **** static void CYCONFIGCPYCODE(void *dest, const void *src, size_t n);
  90:Generated_Source\PSoC5/cyfitter_cfg.c **** CY_CFG_UNUSED
  91:Generated_Source\PSoC5/cyfitter_cfg.c **** static void CYCONFIGCPYCODE(void *dest, const void *src, size_t n)
  92:Generated_Source\PSoC5/cyfitter_cfg.c **** {
  93:Generated_Source\PSoC5/cyfitter_cfg.c **** 	(void)memcpy(dest, src, n);
  94:Generated_Source\PSoC5/cyfitter_cfg.c **** }
  95:Generated_Source\PSoC5/cyfitter_cfg.c **** 
  96:Generated_Source\PSoC5/cyfitter_cfg.c **** 
  97:Generated_Source\PSoC5/cyfitter_cfg.c **** 
  98:Generated_Source\PSoC5/cyfitter_cfg.c **** 
  99:Generated_Source\PSoC5/cyfitter_cfg.c **** /* Clock startup error codes                                                   */
 100:Generated_Source\PSoC5/cyfitter_cfg.c **** #define CYCLOCKSTART_NO_ERROR    0u
 101:Generated_Source\PSoC5/cyfitter_cfg.c **** #define CYCLOCKSTART_XTAL_ERROR  1u
 102:Generated_Source\PSoC5/cyfitter_cfg.c **** #define CYCLOCKSTART_32KHZ_ERROR 2u
 103:Generated_Source\PSoC5/cyfitter_cfg.c **** #define CYCLOCKSTART_PLL_ERROR   3u
 104:Generated_Source\PSoC5/cyfitter_cfg.c **** #define CYCLOCKSTART_FLL_ERROR   4u
 105:Generated_Source\PSoC5/cyfitter_cfg.c **** #define CYCLOCKSTART_WCO_ERROR   5u
 106:Generated_Source\PSoC5/cyfitter_cfg.c **** 
 107:Generated_Source\PSoC5/cyfitter_cfg.c **** 
 108:Generated_Source\PSoC5/cyfitter_cfg.c **** #ifdef CY_NEED_CYCLOCKSTARTUPERROR
 109:Generated_Source\PSoC5/cyfitter_cfg.c **** /*******************************************************************************
 110:Generated_Source\PSoC5/cyfitter_cfg.c **** * Function Name: CyClockStartupError
 111:Generated_Source\PSoC5/cyfitter_cfg.c **** ********************************************************************************
 112:Generated_Source\PSoC5/cyfitter_cfg.c **** * Summary:
 113:Generated_Source\PSoC5/cyfitter_cfg.c **** *  If an error is encountered during clock configuration (crystal startup error,
 114:Generated_Source\PSoC5/cyfitter_cfg.c **** *  PLL lock error, etc.), the system will end up here.  Unless reimplemented by
 115:Generated_Source\PSoC5/cyfitter_cfg.c **** *  the customer, this function will stop in an infinite loop.
 116:Generated_Source\PSoC5/cyfitter_cfg.c **** *
 117:Generated_Source\PSoC5/cyfitter_cfg.c **** * Parameters:
 118:Generated_Source\PSoC5/cyfitter_cfg.c **** *   void
 119:Generated_Source\PSoC5/cyfitter_cfg.c **** *
 120:Generated_Source\PSoC5/cyfitter_cfg.c **** * Return:
 121:Generated_Source\PSoC5/cyfitter_cfg.c **** *   void
 122:Generated_Source\PSoC5/cyfitter_cfg.c **** *
 123:Generated_Source\PSoC5/cyfitter_cfg.c **** *******************************************************************************/
 124:Generated_Source\PSoC5/cyfitter_cfg.c **** CY_CFG_UNUSED
 125:Generated_Source\PSoC5/cyfitter_cfg.c **** static void CyClockStartupError(uint8 errorCode);
 126:Generated_Source\PSoC5/cyfitter_cfg.c **** CY_CFG_UNUSED
 127:Generated_Source\PSoC5/cyfitter_cfg.c **** static void CyClockStartupError(uint8 errorCode)
 128:Generated_Source\PSoC5/cyfitter_cfg.c **** {
  27              		.loc 1 128 0
  28              		.cfi_startproc
  29              		@ Volatile: function does not return.
  30              		@ args = 0, pretend = 0, frame = 0
  31              		@ frame_needed = 0, uses_anonymous_args = 0
  32              		@ link register save eliminated.
  33              	.LVL0:
  34              	.L2:
  35 0000 FEE7     		b	.L2
  36              		.cfi_endproc
  37              	.LFE3:
  38              		.size	CyClockStartupError, .-CyClockStartupError
  39 0002 00BF     		.section	.text.cfg_write_bytes32,"ax",%progbits
  40              		.align	2
  41              		.thumb
  42              		.thumb_func
  43              		.type	cfg_write_bytes32, %function
ARM GAS  C:\Users\PC\AppData\Local\Temp\ccxEDZ41.s 			page 4


  44              	cfg_write_bytes32:
  45              	.LFB4:
 129:Generated_Source\PSoC5/cyfitter_cfg.c ****     /* To remove the compiler warning if errorCode not used.                */
 130:Generated_Source\PSoC5/cyfitter_cfg.c ****     errorCode = errorCode;
 131:Generated_Source\PSoC5/cyfitter_cfg.c **** 
 132:Generated_Source\PSoC5/cyfitter_cfg.c ****     /* If we have a clock startup error (bad MHz crystal, PLL lock, etc.),  */
 133:Generated_Source\PSoC5/cyfitter_cfg.c ****     /* we will end up here to allow the customer to implement something to  */
 134:Generated_Source\PSoC5/cyfitter_cfg.c ****     /* deal with the clock condition.                                       */
 135:Generated_Source\PSoC5/cyfitter_cfg.c **** 
 136:Generated_Source\PSoC5/cyfitter_cfg.c **** #ifdef CY_CFG_CLOCK_STARTUP_ERROR_CALLBACK
 137:Generated_Source\PSoC5/cyfitter_cfg.c ****     CY_CFG_Clock_Startup_ErrorCallback();
 138:Generated_Source\PSoC5/cyfitter_cfg.c **** #else
 139:Generated_Source\PSoC5/cyfitter_cfg.c ****     /*  If not using CY_CFG_CLOCK_STARTUP_ERROR_CALLBACK, place your clock startup code here. */
 140:Generated_Source\PSoC5/cyfitter_cfg.c ****     /* `#START CyClockStartupError` */
 141:Generated_Source\PSoC5/cyfitter_cfg.c **** 
 142:Generated_Source\PSoC5/cyfitter_cfg.c **** 
 143:Generated_Source\PSoC5/cyfitter_cfg.c **** 
 144:Generated_Source\PSoC5/cyfitter_cfg.c ****     /* `#END` */
 145:Generated_Source\PSoC5/cyfitter_cfg.c **** 
 146:Generated_Source\PSoC5/cyfitter_cfg.c ****     while(1) {}
 147:Generated_Source\PSoC5/cyfitter_cfg.c **** #endif /* CY_CFG_CLOCK_STARTUP_ERROR_CALLBACK */
 148:Generated_Source\PSoC5/cyfitter_cfg.c **** }
 149:Generated_Source\PSoC5/cyfitter_cfg.c **** #endif
 150:Generated_Source\PSoC5/cyfitter_cfg.c **** 
 151:Generated_Source\PSoC5/cyfitter_cfg.c **** #define CY_CFG_BASE_ADDR_COUNT 34u
 152:Generated_Source\PSoC5/cyfitter_cfg.c **** CYPACKED typedef struct
 153:Generated_Source\PSoC5/cyfitter_cfg.c **** {
 154:Generated_Source\PSoC5/cyfitter_cfg.c **** 	uint8 offset;
 155:Generated_Source\PSoC5/cyfitter_cfg.c **** 	uint8 value;
 156:Generated_Source\PSoC5/cyfitter_cfg.c **** } CYPACKED_ATTR cy_cfg_addrvalue_t;
 157:Generated_Source\PSoC5/cyfitter_cfg.c **** 
 158:Generated_Source\PSoC5/cyfitter_cfg.c **** #define cy_cfg_addr_table ((const uint32 CYFAR *)0x48000000u)
 159:Generated_Source\PSoC5/cyfitter_cfg.c **** #define cy_cfg_data_table ((const cy_cfg_addrvalue_t CYFAR *)0x48000088u)
 160:Generated_Source\PSoC5/cyfitter_cfg.c **** 
 161:Generated_Source\PSoC5/cyfitter_cfg.c **** /* IOPORT_7 Address: CYDEV_PRTDSI_PRT12_BASE Size (bytes): 6 */
 162:Generated_Source\PSoC5/cyfitter_cfg.c **** #define BS_IOPORT_7_VAL ((const uint8 CYFAR *)0x48000A94u)
 163:Generated_Source\PSoC5/cyfitter_cfg.c **** 
 164:Generated_Source\PSoC5/cyfitter_cfg.c **** /* IOPINS0_0 Address: CYREG_PRT0_DM0 Size (bytes): 8 */
 165:Generated_Source\PSoC5/cyfitter_cfg.c **** #define BS_IOPINS0_0_VAL ((const uint8 CYFAR *)0x48000A9Cu)
 166:Generated_Source\PSoC5/cyfitter_cfg.c **** 
 167:Generated_Source\PSoC5/cyfitter_cfg.c **** /* IOPINS0_7 Address: CYREG_PRT12_DR Size (bytes): 10 */
 168:Generated_Source\PSoC5/cyfitter_cfg.c **** #define BS_IOPINS0_7_VAL ((const uint8 CYFAR *)0x48000AA4u)
 169:Generated_Source\PSoC5/cyfitter_cfg.c **** 
 170:Generated_Source\PSoC5/cyfitter_cfg.c **** /* IOPINS0_8 Address: CYREG_PRT15_DM0 Size (bytes): 8 */
 171:Generated_Source\PSoC5/cyfitter_cfg.c **** #define BS_IOPINS0_8_VAL ((const uint8 CYFAR *)0x48000AB0u)
 172:Generated_Source\PSoC5/cyfitter_cfg.c **** 
 173:Generated_Source\PSoC5/cyfitter_cfg.c **** /* IOPINS0_1 Address: CYREG_PRT1_DM0 Size (bytes): 8 */
 174:Generated_Source\PSoC5/cyfitter_cfg.c **** #define BS_IOPINS0_1_VAL ((const uint8 CYFAR *)0x48000AB8u)
 175:Generated_Source\PSoC5/cyfitter_cfg.c **** 
 176:Generated_Source\PSoC5/cyfitter_cfg.c **** /* IOPINS0_2 Address: CYREG_PRT2_DM0 Size (bytes): 8 */
 177:Generated_Source\PSoC5/cyfitter_cfg.c **** #define BS_IOPINS0_2_VAL ((const uint8 CYFAR *)0x48000AC0u)
 178:Generated_Source\PSoC5/cyfitter_cfg.c **** 
 179:Generated_Source\PSoC5/cyfitter_cfg.c **** 
 180:Generated_Source\PSoC5/cyfitter_cfg.c **** /*******************************************************************************
 181:Generated_Source\PSoC5/cyfitter_cfg.c **** * Function Name: cfg_write_bytes32
 182:Generated_Source\PSoC5/cyfitter_cfg.c **** ********************************************************************************
 183:Generated_Source\PSoC5/cyfitter_cfg.c **** * Summary:
ARM GAS  C:\Users\PC\AppData\Local\Temp\ccxEDZ41.s 			page 5


 184:Generated_Source\PSoC5/cyfitter_cfg.c **** *  This function is used for setting up the chip configuration areas that
 185:Generated_Source\PSoC5/cyfitter_cfg.c **** *  contain relatively sparse data.
 186:Generated_Source\PSoC5/cyfitter_cfg.c **** *
 187:Generated_Source\PSoC5/cyfitter_cfg.c **** * Parameters:
 188:Generated_Source\PSoC5/cyfitter_cfg.c **** *   void
 189:Generated_Source\PSoC5/cyfitter_cfg.c **** *
 190:Generated_Source\PSoC5/cyfitter_cfg.c **** * Return:
 191:Generated_Source\PSoC5/cyfitter_cfg.c **** *   void
 192:Generated_Source\PSoC5/cyfitter_cfg.c **** *
 193:Generated_Source\PSoC5/cyfitter_cfg.c **** *******************************************************************************/
 194:Generated_Source\PSoC5/cyfitter_cfg.c **** static void cfg_write_bytes32(const uint32 addr_table[], const cy_cfg_addrvalue_t data_table[]);
 195:Generated_Source\PSoC5/cyfitter_cfg.c **** static void cfg_write_bytes32(const uint32 addr_table[], const cy_cfg_addrvalue_t data_table[])
 196:Generated_Source\PSoC5/cyfitter_cfg.c **** {
  46              		.loc 1 196 0
  47              		.cfi_startproc
  48              		@ args = 0, pretend = 0, frame = 0
  49              		@ frame_needed = 0, uses_anonymous_args = 0
  50              		@ link register save eliminated.
  51              	.LVL1:
  52              		.loc 1 196 0
  53 0000 F0B4     		push	{r4, r5, r6, r7}
  54              		.cfi_def_cfa_offset 16
  55              		.cfi_offset 4, -16
  56              		.cfi_offset 5, -12
  57              		.cfi_offset 6, -8
  58              		.cfi_offset 7, -4
  59              	.LVL2:
 197:Generated_Source\PSoC5/cyfitter_cfg.c **** 	/* For 32-bit little-endian architectures */
 198:Generated_Source\PSoC5/cyfitter_cfg.c **** 	uint32 i, j = 0u;
  60              		.loc 1 198 0
  61 0002 0022     		movs	r2, #0
 199:Generated_Source\PSoC5/cyfitter_cfg.c **** 	for (i = 0u; i < CY_CFG_BASE_ADDR_COUNT; i++)
  62              		.loc 1 199 0
  63 0004 1746     		mov	r7, r2
  64 0006 11E0     		b	.L4
  65              	.LVL3:
  66              	.L7:
  67              	.LBB2:
 200:Generated_Source\PSoC5/cyfitter_cfg.c **** 	{
 201:Generated_Source\PSoC5/cyfitter_cfg.c **** 		uint32 baseAddr = addr_table[i];
  68              		.loc 1 201 0
  69 0008 50F82760 		ldr	r6, [r0, r7, lsl #2]
  70              	.LVL4:
 202:Generated_Source\PSoC5/cyfitter_cfg.c **** 		uint8 count = (uint8)baseAddr;
  71              		.loc 1 202 0
  72 000c F3B2     		uxtb	r3, r6
  73              	.LVL5:
 203:Generated_Source\PSoC5/cyfitter_cfg.c **** 		baseAddr &= 0xFFFFFF00u;
  74              		.loc 1 203 0
  75 000e 26F0FF06 		bic	r6, r6, #255
  76              	.LVL6:
 204:Generated_Source\PSoC5/cyfitter_cfg.c **** 		while (count != 0u)
  77              		.loc 1 204 0
  78 0012 08E0     		b	.L5
  79              	.L6:
 205:Generated_Source\PSoC5/cyfitter_cfg.c **** 		{
 206:Generated_Source\PSoC5/cyfitter_cfg.c **** 			CY_SET_REG8((void *)(baseAddr + data_table[j].offset), data_table[j].value);
ARM GAS  C:\Users\PC\AppData\Local\Temp\ccxEDZ41.s 			page 6


  80              		.loc 1 206 0
  81 0014 01EB4205 		add	r5, r1, r2, lsl #1
  82 0018 11F81240 		ldrb	r4, [r1, r2, lsl #1]	@ zero_extendqisi2
  83 001c 6D78     		ldrb	r5, [r5, #1]	@ zero_extendqisi2
  84 001e A555     		strb	r5, [r4, r6]
 207:Generated_Source\PSoC5/cyfitter_cfg.c **** 			j++;
  85              		.loc 1 207 0
  86 0020 0132     		adds	r2, r2, #1
  87              	.LVL7:
 208:Generated_Source\PSoC5/cyfitter_cfg.c **** 			count--;
  88              		.loc 1 208 0
  89 0022 013B     		subs	r3, r3, #1
  90              	.LVL8:
  91 0024 DBB2     		uxtb	r3, r3
  92              	.LVL9:
  93              	.L5:
 204:Generated_Source\PSoC5/cyfitter_cfg.c **** 		{
  94              		.loc 1 204 0
  95 0026 002B     		cmp	r3, #0
  96 0028 F4D1     		bne	.L6
  97              	.LBE2:
 199:Generated_Source\PSoC5/cyfitter_cfg.c **** 	{
  98              		.loc 1 199 0 discriminator 2
  99 002a 0137     		adds	r7, r7, #1
 100              	.LVL10:
 101              	.L4:
 199:Generated_Source\PSoC5/cyfitter_cfg.c **** 	{
 102              		.loc 1 199 0 is_stmt 0 discriminator 1
 103 002c 212F     		cmp	r7, #33
 104 002e EBD9     		bls	.L7
 209:Generated_Source\PSoC5/cyfitter_cfg.c **** 		}
 210:Generated_Source\PSoC5/cyfitter_cfg.c **** 	}
 211:Generated_Source\PSoC5/cyfitter_cfg.c **** }
 105              		.loc 1 211 0 is_stmt 1
 106 0030 F0BC     		pop	{r4, r5, r6, r7}
 107              		.cfi_restore 7
 108              		.cfi_restore 6
 109              		.cfi_restore 5
 110              		.cfi_restore 4
 111              		.cfi_def_cfa_offset 0
 112              	.LVL11:
 113 0032 7047     		bx	lr
 114              		.cfi_endproc
 115              	.LFE4:
 116              		.size	cfg_write_bytes32, .-cfg_write_bytes32
 117              		.section	.text.AnalogSetDefault,"ax",%progbits
 118              		.align	2
 119              		.thumb
 120              		.thumb_func
 121              		.type	AnalogSetDefault, %function
 122              	AnalogSetDefault:
 123              	.LFB6:
 212:Generated_Source\PSoC5/cyfitter_cfg.c **** 
 213:Generated_Source\PSoC5/cyfitter_cfg.c **** /*******************************************************************************
 214:Generated_Source\PSoC5/cyfitter_cfg.c **** * Function Name: ClockSetup
 215:Generated_Source\PSoC5/cyfitter_cfg.c **** ********************************************************************************
 216:Generated_Source\PSoC5/cyfitter_cfg.c **** *
ARM GAS  C:\Users\PC\AppData\Local\Temp\ccxEDZ41.s 			page 7


 217:Generated_Source\PSoC5/cyfitter_cfg.c **** * Summary:
 218:Generated_Source\PSoC5/cyfitter_cfg.c **** *  Performs the initialization of all of the clocks in the device based on the
 219:Generated_Source\PSoC5/cyfitter_cfg.c **** *  settings in the Clock tab of the DWR.  This includes enabling the requested
 220:Generated_Source\PSoC5/cyfitter_cfg.c **** *  clocks and setting the necessary dividers to produce the desired frequency. 
 221:Generated_Source\PSoC5/cyfitter_cfg.c **** *
 222:Generated_Source\PSoC5/cyfitter_cfg.c **** * Parameters:
 223:Generated_Source\PSoC5/cyfitter_cfg.c **** *  void
 224:Generated_Source\PSoC5/cyfitter_cfg.c **** *
 225:Generated_Source\PSoC5/cyfitter_cfg.c **** * Return:
 226:Generated_Source\PSoC5/cyfitter_cfg.c **** *  void
 227:Generated_Source\PSoC5/cyfitter_cfg.c **** *
 228:Generated_Source\PSoC5/cyfitter_cfg.c **** *******************************************************************************/
 229:Generated_Source\PSoC5/cyfitter_cfg.c **** static void ClockSetup(void);
 230:Generated_Source\PSoC5/cyfitter_cfg.c **** static void ClockSetup(void)
 231:Generated_Source\PSoC5/cyfitter_cfg.c **** {
 232:Generated_Source\PSoC5/cyfitter_cfg.c **** 	uint32 timeout;
 233:Generated_Source\PSoC5/cyfitter_cfg.c **** 	uint8 pllLock;
 234:Generated_Source\PSoC5/cyfitter_cfg.c **** 
 235:Generated_Source\PSoC5/cyfitter_cfg.c **** 
 236:Generated_Source\PSoC5/cyfitter_cfg.c **** 	/* Configure Digital Clocks based on settings from Clock DWR */
 237:Generated_Source\PSoC5/cyfitter_cfg.c **** 	CY_SET_XTND_REG16((void CYFAR *)(CYREG_CLKDIST_DCFG0_CFG0), 0x0017u);
 238:Generated_Source\PSoC5/cyfitter_cfg.c **** 	CY_SET_XTND_REG8((void CYFAR *)(CYREG_CLKDIST_DCFG0_CFG0 + 0x2u), 0x18u);
 239:Generated_Source\PSoC5/cyfitter_cfg.c **** 	CY_SET_XTND_REG16((void CYFAR *)(CYREG_CLKDIST_DCFG1_CFG0), 0x0019u);
 240:Generated_Source\PSoC5/cyfitter_cfg.c **** 	CY_SET_XTND_REG8((void CYFAR *)(CYREG_CLKDIST_DCFG1_CFG0 + 0x2u), 0x18u);
 241:Generated_Source\PSoC5/cyfitter_cfg.c **** 	CY_SET_XTND_REG16((void CYFAR *)(CYREG_CLKDIST_DCFG2_CFG0), 0x00EFu);
 242:Generated_Source\PSoC5/cyfitter_cfg.c **** 	CY_SET_XTND_REG8((void CYFAR *)(CYREG_CLKDIST_DCFG2_CFG0 + 0x2u), 0x18u);
 243:Generated_Source\PSoC5/cyfitter_cfg.c **** 	CY_SET_XTND_REG16((void CYFAR *)(CYREG_CLKDIST_DCFG3_CFG0), 0x00EFu);
 244:Generated_Source\PSoC5/cyfitter_cfg.c **** 	CY_SET_XTND_REG8((void CYFAR *)(CYREG_CLKDIST_DCFG3_CFG0 + 0x2u), 0x18u);
 245:Generated_Source\PSoC5/cyfitter_cfg.c **** 
 246:Generated_Source\PSoC5/cyfitter_cfg.c **** 	/* Configure ILO based on settings from Clock DWR */
 247:Generated_Source\PSoC5/cyfitter_cfg.c **** 	CY_SET_XTND_REG8((void CYFAR *)(CYREG_SLOWCLK_ILO_CR0), 0x02u);
 248:Generated_Source\PSoC5/cyfitter_cfg.c **** 	CY_SET_XTND_REG8((void CYFAR *)(CYREG_CLKDIST_CR), 0x08u);
 249:Generated_Source\PSoC5/cyfitter_cfg.c **** 
 250:Generated_Source\PSoC5/cyfitter_cfg.c **** 	/* Configure IMO based on settings from Clock DWR */
 251:Generated_Source\PSoC5/cyfitter_cfg.c **** 	CY_SET_XTND_REG8((void CYFAR *)(CYREG_FASTCLK_IMO_CR), 0x03u);
 252:Generated_Source\PSoC5/cyfitter_cfg.c **** 	CY_SET_XTND_REG8((void CYFAR *)(CYREG_IMO_TR1), (CY_GET_XTND_REG8((void CYFAR *)CYREG_FLSHID_CUST_
 253:Generated_Source\PSoC5/cyfitter_cfg.c **** 
 254:Generated_Source\PSoC5/cyfitter_cfg.c **** 	/* Configure PLL based on settings from Clock DWR */
 255:Generated_Source\PSoC5/cyfitter_cfg.c **** 	CY_SET_XTND_REG16((void CYFAR *)(CYREG_FASTCLK_PLL_P), 0x0008u);
 256:Generated_Source\PSoC5/cyfitter_cfg.c **** 	CY_SET_XTND_REG16((void CYFAR *)(CYREG_FASTCLK_PLL_CFG0), 0x1251u);
 257:Generated_Source\PSoC5/cyfitter_cfg.c **** 	/* Wait up to 250us for the PLL to lock */
 258:Generated_Source\PSoC5/cyfitter_cfg.c **** 	pllLock = 0u;
 259:Generated_Source\PSoC5/cyfitter_cfg.c **** 	for (timeout = 250u / 10u; (timeout > 0u) && (pllLock != 0x03u); timeout--)
 260:Generated_Source\PSoC5/cyfitter_cfg.c **** 	{ 
 261:Generated_Source\PSoC5/cyfitter_cfg.c **** 		pllLock = 0x03u & ((uint8)((uint8)pllLock << 1) | ((CY_GET_XTND_REG8((void CYFAR *)CYREG_FASTCLK_
 262:Generated_Source\PSoC5/cyfitter_cfg.c **** 		CyDelayCycles(10u * 48u); /* Delay 10us based on 48MHz clock */
 263:Generated_Source\PSoC5/cyfitter_cfg.c **** 	}
 264:Generated_Source\PSoC5/cyfitter_cfg.c **** 	/* If we ran out of time the PLL didn't lock so go to the error function */
 265:Generated_Source\PSoC5/cyfitter_cfg.c **** 	if (timeout == 0u)
 266:Generated_Source\PSoC5/cyfitter_cfg.c **** 	{
 267:Generated_Source\PSoC5/cyfitter_cfg.c **** 		CyClockStartupError(CYCLOCKSTART_PLL_ERROR);
 268:Generated_Source\PSoC5/cyfitter_cfg.c **** 	}
 269:Generated_Source\PSoC5/cyfitter_cfg.c **** 
 270:Generated_Source\PSoC5/cyfitter_cfg.c **** 	/* Configure Bus/Master Clock based on settings from Clock DWR */
 271:Generated_Source\PSoC5/cyfitter_cfg.c **** 	CY_SET_XTND_REG16((void CYFAR *)(CYREG_CLKDIST_MSTR0), 0x0100u);
 272:Generated_Source\PSoC5/cyfitter_cfg.c **** 	CY_SET_XTND_REG8((void CYFAR *)(CYREG_CLKDIST_MSTR0), 0x07u);
 273:Generated_Source\PSoC5/cyfitter_cfg.c **** 	CY_SET_XTND_REG8((void CYFAR *)(CYREG_CLKDIST_BCFG0), 0x00u);
ARM GAS  C:\Users\PC\AppData\Local\Temp\ccxEDZ41.s 			page 8


 274:Generated_Source\PSoC5/cyfitter_cfg.c **** 	CY_SET_XTND_REG8((void CYFAR *)(CYREG_CLKDIST_BCFG2), 0x48u);
 275:Generated_Source\PSoC5/cyfitter_cfg.c **** 	CY_SET_XTND_REG8((void CYFAR *)(CYREG_CLKDIST_MSTR0), 0x00u);
 276:Generated_Source\PSoC5/cyfitter_cfg.c **** 	CY_SET_XTND_REG8((void CYFAR *)(CYREG_CLKDIST_LD), 0x02u);
 277:Generated_Source\PSoC5/cyfitter_cfg.c **** 
 278:Generated_Source\PSoC5/cyfitter_cfg.c **** 	CY_SET_XTND_REG8((void CYFAR *)(CYREG_PM_ACT_CFG2), ((CY_GET_XTND_REG8((void CYFAR *)CYREG_PM_ACT_
 279:Generated_Source\PSoC5/cyfitter_cfg.c **** }
 280:Generated_Source\PSoC5/cyfitter_cfg.c **** 
 281:Generated_Source\PSoC5/cyfitter_cfg.c **** 
 282:Generated_Source\PSoC5/cyfitter_cfg.c **** /* Analog API Functions */
 283:Generated_Source\PSoC5/cyfitter_cfg.c **** 
 284:Generated_Source\PSoC5/cyfitter_cfg.c **** 
 285:Generated_Source\PSoC5/cyfitter_cfg.c **** /*******************************************************************************
 286:Generated_Source\PSoC5/cyfitter_cfg.c **** * Function Name: AnalogSetDefault
 287:Generated_Source\PSoC5/cyfitter_cfg.c **** ********************************************************************************
 288:Generated_Source\PSoC5/cyfitter_cfg.c **** *
 289:Generated_Source\PSoC5/cyfitter_cfg.c **** * Summary:
 290:Generated_Source\PSoC5/cyfitter_cfg.c **** *  Sets up the analog portions of the chip to default values based on chip
 291:Generated_Source\PSoC5/cyfitter_cfg.c **** *  configuration options from the project.
 292:Generated_Source\PSoC5/cyfitter_cfg.c **** *
 293:Generated_Source\PSoC5/cyfitter_cfg.c **** * Parameters:
 294:Generated_Source\PSoC5/cyfitter_cfg.c **** *  void
 295:Generated_Source\PSoC5/cyfitter_cfg.c **** *
 296:Generated_Source\PSoC5/cyfitter_cfg.c **** * Return:
 297:Generated_Source\PSoC5/cyfitter_cfg.c **** *  void
 298:Generated_Source\PSoC5/cyfitter_cfg.c **** *
 299:Generated_Source\PSoC5/cyfitter_cfg.c **** *******************************************************************************/
 300:Generated_Source\PSoC5/cyfitter_cfg.c **** static void AnalogSetDefault(void);
 301:Generated_Source\PSoC5/cyfitter_cfg.c **** static void AnalogSetDefault(void)
 302:Generated_Source\PSoC5/cyfitter_cfg.c **** {
 124              		.loc 1 302 0
 125              		.cfi_startproc
 126              		@ args = 0, pretend = 0, frame = 0
 127              		@ frame_needed = 0, uses_anonymous_args = 0
 128              		@ link register save eliminated.
 303:Generated_Source\PSoC5/cyfitter_cfg.c **** 	uint8 bg_xover_inl_trim = CY_GET_XTND_REG8((void CYFAR *)(CYREG_FLSHID_MFG_CFG_BG_XOVER_INL_TRIM +
 129              		.loc 1 303 0
 130 0000 064B     		ldr	r3, .L10
 131 0002 1B78     		ldrb	r3, [r3]	@ zero_extendqisi2
 132 0004 DBB2     		uxtb	r3, r3
 133              	.LVL12:
 304:Generated_Source\PSoC5/cyfitter_cfg.c **** 	CY_SET_XTND_REG8((void CYFAR *)(CYREG_BG_DFT0), (bg_xover_inl_trim & 0x07u));
 134              		.loc 1 304 0
 135 0006 03F00701 		and	r1, r3, #7
 136 000a 054A     		ldr	r2, .L10+4
 137 000c 1170     		strb	r1, [r2]
 305:Generated_Source\PSoC5/cyfitter_cfg.c **** 	CY_SET_XTND_REG8((void CYFAR *)(CYREG_BG_DFT1), ((bg_xover_inl_trim >> 4) & 0x0Fu));
 138              		.loc 1 305 0
 139 000e 1B09     		lsrs	r3, r3, #4
 140              	.LVL13:
 141 0010 0132     		adds	r2, r2, #1
 142 0012 1370     		strb	r3, [r2]
 306:Generated_Source\PSoC5/cyfitter_cfg.c **** 	CY_SET_XTND_REG8((void CYFAR *)CYREG_PUMP_CR0, 0x44u);
 143              		.loc 1 306 0
 144 0014 4422     		movs	r2, #68
 145 0016 034B     		ldr	r3, .L10+8
 146 0018 1A70     		strb	r2, [r3]
 147 001a 7047     		bx	lr
ARM GAS  C:\Users\PC\AppData\Local\Temp\ccxEDZ41.s 			page 9


 148              	.L11:
 149              		.align	2
 150              	.L10:
 151 001c CF010049 		.word	1224737231
 152 0020 6E580040 		.word	1073764462
 153 0024 76580040 		.word	1073764470
 154              		.cfi_endproc
 155              	.LFE6:
 156              		.size	AnalogSetDefault, .-AnalogSetDefault
 157              		.section	.text.CYMEMZERO,"ax",%progbits
 158              		.align	2
 159              		.thumb
 160              		.thumb_func
 161              		.type	CYMEMZERO, %function
 162              	CYMEMZERO:
 163              	.LFB0:
  78:Generated_Source\PSoC5/cyfitter_cfg.c **** 	(void)memset(s, 0, n);
 164              		.loc 1 78 0
 165              		.cfi_startproc
 166              		@ args = 0, pretend = 0, frame = 0
 167              		@ frame_needed = 0, uses_anonymous_args = 0
 168              	.LVL14:
 169 0000 08B5     		push	{r3, lr}
 170              		.cfi_def_cfa_offset 8
 171              		.cfi_offset 3, -8
 172              		.cfi_offset 14, -4
  79:Generated_Source\PSoC5/cyfitter_cfg.c **** }
 173              		.loc 1 79 0
 174 0002 0A46     		mov	r2, r1
 175 0004 0021     		movs	r1, #0
 176              	.LVL15:
 177 0006 FFF7FEFF 		bl	memset
 178              	.LVL16:
 179 000a 08BD     		pop	{r3, pc}
 180              		.cfi_endproc
 181              	.LFE0:
 182              		.size	CYMEMZERO, .-CYMEMZERO
 183              		.section	.text.ClockSetup,"ax",%progbits
 184              		.align	2
 185              		.thumb
 186              		.thumb_func
 187              		.type	ClockSetup, %function
 188              	ClockSetup:
 189              	.LFB5:
 231:Generated_Source\PSoC5/cyfitter_cfg.c **** 	uint32 timeout;
 190              		.loc 1 231 0
 191              		.cfi_startproc
 192              		@ args = 0, pretend = 0, frame = 0
 193              		@ frame_needed = 0, uses_anonymous_args = 0
 194 0000 38B5     		push	{r3, r4, r5, lr}
 195              		.cfi_def_cfa_offset 16
 196              		.cfi_offset 3, -16
 197              		.cfi_offset 4, -12
 198              		.cfi_offset 5, -8
 199              		.cfi_offset 14, -4
 237:Generated_Source\PSoC5/cyfitter_cfg.c **** 	CY_SET_XTND_REG8((void CYFAR *)(CYREG_CLKDIST_DCFG0_CFG0 + 0x2u), 0x18u);
 200              		.loc 1 237 0
ARM GAS  C:\Users\PC\AppData\Local\Temp\ccxEDZ41.s 			page 10


 201 0002 1722     		movs	r2, #23
 202 0004 2A4B     		ldr	r3, .L20
 203 0006 1A80     		strh	r2, [r3]	@ movhi
 238:Generated_Source\PSoC5/cyfitter_cfg.c **** 	CY_SET_XTND_REG16((void CYFAR *)(CYREG_CLKDIST_DCFG1_CFG0), 0x0019u);
 204              		.loc 1 238 0
 205 0008 1823     		movs	r3, #24
 206 000a 2A4A     		ldr	r2, .L20+4
 207 000c 1370     		strb	r3, [r2]
 239:Generated_Source\PSoC5/cyfitter_cfg.c **** 	CY_SET_XTND_REG8((void CYFAR *)(CYREG_CLKDIST_DCFG1_CFG0 + 0x2u), 0x18u);
 208              		.loc 1 239 0
 209 000e 1925     		movs	r5, #25
 210 0010 0232     		adds	r2, r2, #2
 211 0012 1580     		strh	r5, [r2]	@ movhi
 240:Generated_Source\PSoC5/cyfitter_cfg.c **** 	CY_SET_XTND_REG16((void CYFAR *)(CYREG_CLKDIST_DCFG2_CFG0), 0x00EFu);
 212              		.loc 1 240 0
 213 0014 0232     		adds	r2, r2, #2
 214 0016 1370     		strb	r3, [r2]
 241:Generated_Source\PSoC5/cyfitter_cfg.c **** 	CY_SET_XTND_REG8((void CYFAR *)(CYREG_CLKDIST_DCFG2_CFG0 + 0x2u), 0x18u);
 215              		.loc 1 241 0
 216 0018 EF22     		movs	r2, #239
 217 001a 2749     		ldr	r1, .L20+8
 218 001c 0A80     		strh	r2, [r1]	@ movhi
 242:Generated_Source\PSoC5/cyfitter_cfg.c **** 	CY_SET_XTND_REG16((void CYFAR *)(CYREG_CLKDIST_DCFG3_CFG0), 0x00EFu);
 219              		.loc 1 242 0
 220 001e 0231     		adds	r1, r1, #2
 221 0020 0B70     		strb	r3, [r1]
 243:Generated_Source\PSoC5/cyfitter_cfg.c **** 	CY_SET_XTND_REG8((void CYFAR *)(CYREG_CLKDIST_DCFG3_CFG0 + 0x2u), 0x18u);
 222              		.loc 1 243 0
 223 0022 0231     		adds	r1, r1, #2
 224 0024 0A80     		strh	r2, [r1]	@ movhi
 244:Generated_Source\PSoC5/cyfitter_cfg.c **** 
 225              		.loc 1 244 0
 226 0026 254A     		ldr	r2, .L20+12
 227 0028 1370     		strb	r3, [r2]
 247:Generated_Source\PSoC5/cyfitter_cfg.c **** 	CY_SET_XTND_REG8((void CYFAR *)(CYREG_CLKDIST_CR), 0x08u);
 228              		.loc 1 247 0
 229 002a 0222     		movs	r2, #2
 230 002c 244B     		ldr	r3, .L20+16
 231 002e 1A70     		strb	r2, [r3]
 248:Generated_Source\PSoC5/cyfitter_cfg.c **** 
 232              		.loc 1 248 0
 233 0030 0822     		movs	r2, #8
 234 0032 4FF04023 		mov	r3, #1073758208
 235 0036 1A70     		strb	r2, [r3]
 251:Generated_Source\PSoC5/cyfitter_cfg.c **** 	CY_SET_XTND_REG8((void CYFAR *)(CYREG_IMO_TR1), (CY_GET_XTND_REG8((void CYFAR *)CYREG_FLSHID_CUST_
 236              		.loc 1 251 0
 237 0038 0321     		movs	r1, #3
 238 003a 03F50073 		add	r3, r3, #512
 239 003e 1970     		strb	r1, [r3]
 252:Generated_Source\PSoC5/cyfitter_cfg.c **** 
 240              		.loc 1 252 0
 241 0040 204B     		ldr	r3, .L20+20
 242 0042 1B78     		ldrb	r3, [r3]	@ zero_extendqisi2
 243 0044 DBB2     		uxtb	r3, r3
 244 0046 2049     		ldr	r1, .L20+24
 245 0048 0B70     		strb	r3, [r1]
 255:Generated_Source\PSoC5/cyfitter_cfg.c **** 	CY_SET_XTND_REG16((void CYFAR *)(CYREG_FASTCLK_PLL_CFG0), 0x1251u);
ARM GAS  C:\Users\PC\AppData\Local\Temp\ccxEDZ41.s 			page 11


 246              		.loc 1 255 0
 247 004a 204B     		ldr	r3, .L20+28
 248 004c 1A80     		strh	r2, [r3]	@ movhi
 256:Generated_Source\PSoC5/cyfitter_cfg.c **** 	/* Wait up to 250us for the PLL to lock */
 249              		.loc 1 256 0
 250 004e 41F25122 		movw	r2, #4689
 251 0052 023B     		subs	r3, r3, #2
 252 0054 1A80     		strh	r2, [r3]	@ movhi
 253              	.LVL17:
 258:Generated_Source\PSoC5/cyfitter_cfg.c **** 	for (timeout = 250u / 10u; (timeout > 0u) && (pllLock != 0x03u); timeout--)
 254              		.loc 1 258 0
 255 0056 0024     		movs	r4, #0
 259:Generated_Source\PSoC5/cyfitter_cfg.c **** 	{ 
 256              		.loc 1 259 0
 257 0058 0CE0     		b	.L15
 258              	.LVL18:
 259              	.L17:
 261:Generated_Source\PSoC5/cyfitter_cfg.c **** 		CyDelayCycles(10u * 48u); /* Delay 10us based on 48MHz clock */
 260              		.loc 1 261 0 discriminator 4
 261 005a 1D4B     		ldr	r3, .L20+32
 262 005c 1B78     		ldrb	r3, [r3]	@ zero_extendqisi2
 263 005e 03F00103 		and	r3, r3, #1
 264 0062 43EA4404 		orr	r4, r3, r4, lsl #1
 265              	.LVL19:
 266 0066 04F00304 		and	r4, r4, #3
 267              	.LVL20:
 262:Generated_Source\PSoC5/cyfitter_cfg.c **** 	}
 268              		.loc 1 262 0 discriminator 4
 269 006a 4FF4F070 		mov	r0, #480
 270 006e FFF7FEFF 		bl	CyDelayCycles
 271              	.LVL21:
 259:Generated_Source\PSoC5/cyfitter_cfg.c **** 	{ 
 272              		.loc 1 259 0 discriminator 4
 273 0072 013D     		subs	r5, r5, #1
 274              	.LVL22:
 275              	.L15:
 259:Generated_Source\PSoC5/cyfitter_cfg.c **** 	{ 
 276              		.loc 1 259 0 is_stmt 0 discriminator 1
 277 0074 0DB1     		cbz	r5, .L16
 259:Generated_Source\PSoC5/cyfitter_cfg.c **** 	{ 
 278              		.loc 1 259 0 discriminator 3
 279 0076 032C     		cmp	r4, #3
 280 0078 EFD1     		bne	.L17
 281              	.L16:
 265:Generated_Source\PSoC5/cyfitter_cfg.c **** 	{
 282              		.loc 1 265 0 is_stmt 1
 283 007a 15B9     		cbnz	r5, .L18
 267:Generated_Source\PSoC5/cyfitter_cfg.c **** 	}
 284              		.loc 1 267 0
 285 007c 0320     		movs	r0, #3
 286 007e FFF7FEFF 		bl	CyClockStartupError
 287              	.LVL23:
 288              	.L18:
 271:Generated_Source\PSoC5/cyfitter_cfg.c **** 	CY_SET_XTND_REG8((void CYFAR *)(CYREG_CLKDIST_MSTR0), 0x07u);
 289              		.loc 1 271 0
 290 0082 144B     		ldr	r3, .L20+36
 291 0084 4FF48072 		mov	r2, #256
ARM GAS  C:\Users\PC\AppData\Local\Temp\ccxEDZ41.s 			page 12


 292 0088 1A80     		strh	r2, [r3]	@ movhi
 272:Generated_Source\PSoC5/cyfitter_cfg.c **** 	CY_SET_XTND_REG8((void CYFAR *)(CYREG_CLKDIST_BCFG0), 0x00u);
 293              		.loc 1 272 0
 294 008a 0722     		movs	r2, #7
 295 008c 1A70     		strb	r2, [r3]
 273:Generated_Source\PSoC5/cyfitter_cfg.c **** 	CY_SET_XTND_REG8((void CYFAR *)(CYREG_CLKDIST_BCFG2), 0x48u);
 296              		.loc 1 273 0
 297 008e 0022     		movs	r2, #0
 298 0090 1149     		ldr	r1, .L20+40
 299 0092 0A70     		strb	r2, [r1]
 274:Generated_Source\PSoC5/cyfitter_cfg.c **** 	CY_SET_XTND_REG8((void CYFAR *)(CYREG_CLKDIST_MSTR0), 0x00u);
 300              		.loc 1 274 0
 301 0094 4820     		movs	r0, #72
 302 0096 0231     		adds	r1, r1, #2
 303 0098 0870     		strb	r0, [r1]
 275:Generated_Source\PSoC5/cyfitter_cfg.c **** 	CY_SET_XTND_REG8((void CYFAR *)(CYREG_CLKDIST_LD), 0x02u);
 304              		.loc 1 275 0
 305 009a 1A70     		strb	r2, [r3]
 276:Generated_Source\PSoC5/cyfitter_cfg.c **** 
 306              		.loc 1 276 0
 307 009c 0222     		movs	r2, #2
 308 009e 033B     		subs	r3, r3, #3
 309 00a0 1A70     		strb	r2, [r3]
 278:Generated_Source\PSoC5/cyfitter_cfg.c **** }
 310              		.loc 1 278 0
 311 00a2 0E4A     		ldr	r2, .L20+44
 312 00a4 1378     		ldrb	r3, [r2]	@ zero_extendqisi2
 313 00a6 43F00F03 		orr	r3, r3, #15
 314 00aa 1370     		strb	r3, [r2]
 315 00ac 38BD     		pop	{r3, r4, r5, pc}
 316              	.LVL24:
 317              	.L21:
 318 00ae 00BF     		.align	2
 319              	.L20:
 320 00b0 80400040 		.word	1073758336
 321 00b4 82400040 		.word	1073758338
 322 00b8 88400040 		.word	1073758344
 323 00bc 8E400040 		.word	1073758350
 324 00c0 00430040 		.word	1073758976
 325 00c4 08010049 		.word	1224737032
 326 00c8 A1460040 		.word	1073759905
 327 00cc 22420040 		.word	1073758754
 328 00d0 25420040 		.word	1073758757
 329 00d4 04400040 		.word	1073758212
 330 00d8 06400040 		.word	1073758214
 331 00dc A2430040 		.word	1073759138
 332              		.cfi_endproc
 333              	.LFE5:
 334              		.size	ClockSetup, .-ClockSetup
 335              		.section	.text.CYCONFIGCPY,"ax",%progbits
 336              		.align	2
 337              		.thumb
 338              		.thumb_func
 339              		.type	CYCONFIGCPY, %function
 340              	CYCONFIGCPY:
 341              	.LFB1:
  85:Generated_Source\PSoC5/cyfitter_cfg.c **** 	(void)memcpy(dest, src, n);
ARM GAS  C:\Users\PC\AppData\Local\Temp\ccxEDZ41.s 			page 13


 342              		.loc 1 85 0
 343              		.cfi_startproc
 344              		@ args = 0, pretend = 0, frame = 0
 345              		@ frame_needed = 0, uses_anonymous_args = 0
 346              	.LVL25:
 347 0000 08B5     		push	{r3, lr}
 348              		.cfi_def_cfa_offset 8
 349              		.cfi_offset 3, -8
 350              		.cfi_offset 14, -4
  86:Generated_Source\PSoC5/cyfitter_cfg.c **** }
 351              		.loc 1 86 0
 352 0002 FFF7FEFF 		bl	memcpy
 353              	.LVL26:
 354 0006 08BD     		pop	{r3, pc}
 355              		.cfi_endproc
 356              	.LFE1:
 357              		.size	CYCONFIGCPY, .-CYCONFIGCPY
 358              		.section	.text.SetAnalogRoutingPumps,"ax",%progbits
 359              		.align	2
 360              		.global	SetAnalogRoutingPumps
 361              		.thumb
 362              		.thumb_func
 363              		.type	SetAnalogRoutingPumps, %function
 364              	SetAnalogRoutingPumps:
 365              	.LFB7:
 307:Generated_Source\PSoC5/cyfitter_cfg.c **** }
 308:Generated_Source\PSoC5/cyfitter_cfg.c **** 
 309:Generated_Source\PSoC5/cyfitter_cfg.c **** 
 310:Generated_Source\PSoC5/cyfitter_cfg.c **** /*******************************************************************************
 311:Generated_Source\PSoC5/cyfitter_cfg.c **** * Function Name: SetAnalogRoutingPumps
 312:Generated_Source\PSoC5/cyfitter_cfg.c **** ********************************************************************************
 313:Generated_Source\PSoC5/cyfitter_cfg.c **** *
 314:Generated_Source\PSoC5/cyfitter_cfg.c **** * Summary:
 315:Generated_Source\PSoC5/cyfitter_cfg.c **** * Enables or disables the analog pumps feeding analog routing switches.
 316:Generated_Source\PSoC5/cyfitter_cfg.c **** * Intended to be called at startup, based on the Vdda system configuration;
 317:Generated_Source\PSoC5/cyfitter_cfg.c **** * may be called during operation when the user informs us that the Vdda voltage
 318:Generated_Source\PSoC5/cyfitter_cfg.c **** * crossed the pump threshold.
 319:Generated_Source\PSoC5/cyfitter_cfg.c **** *
 320:Generated_Source\PSoC5/cyfitter_cfg.c **** * Parameters:
 321:Generated_Source\PSoC5/cyfitter_cfg.c **** *  enabled - 1 to enable the pumps, 0 to disable the pumps
 322:Generated_Source\PSoC5/cyfitter_cfg.c **** *
 323:Generated_Source\PSoC5/cyfitter_cfg.c **** * Return:
 324:Generated_Source\PSoC5/cyfitter_cfg.c **** *  void
 325:Generated_Source\PSoC5/cyfitter_cfg.c **** *
 326:Generated_Source\PSoC5/cyfitter_cfg.c **** *******************************************************************************/
 327:Generated_Source\PSoC5/cyfitter_cfg.c **** void SetAnalogRoutingPumps(uint8 enabled)
 328:Generated_Source\PSoC5/cyfitter_cfg.c **** {
 366              		.loc 1 328 0
 367              		.cfi_startproc
 368              		@ args = 0, pretend = 0, frame = 0
 369              		@ frame_needed = 0, uses_anonymous_args = 0
 370              		@ link register save eliminated.
 371              	.LVL27:
 329:Generated_Source\PSoC5/cyfitter_cfg.c **** 	uint8 regValue = CY_GET_XTND_REG8((void CYFAR *)CYREG_PUMP_CR0);
 372              		.loc 1 329 0
 373 0000 024A     		ldr	r2, .L25
 374 0002 1378     		ldrb	r3, [r2]	@ zero_extendqisi2
ARM GAS  C:\Users\PC\AppData\Local\Temp\ccxEDZ41.s 			page 14


 375 0004 DBB2     		uxtb	r3, r3
 376              	.LVL28:
 330:Generated_Source\PSoC5/cyfitter_cfg.c **** 	if (enabled != 0u)
 331:Generated_Source\PSoC5/cyfitter_cfg.c **** 	{
 332:Generated_Source\PSoC5/cyfitter_cfg.c **** 		regValue |= 0x00u;
 333:Generated_Source\PSoC5/cyfitter_cfg.c **** 	}
 334:Generated_Source\PSoC5/cyfitter_cfg.c **** 	else
 335:Generated_Source\PSoC5/cyfitter_cfg.c **** 	{
 336:Generated_Source\PSoC5/cyfitter_cfg.c **** 		regValue &= (uint8)~0x00u;
 337:Generated_Source\PSoC5/cyfitter_cfg.c **** 	}
 338:Generated_Source\PSoC5/cyfitter_cfg.c **** 	CY_SET_XTND_REG8((void CYFAR *)CYREG_PUMP_CR0, regValue);
 377              		.loc 1 338 0
 378 0006 1370     		strb	r3, [r2]
 379 0008 7047     		bx	lr
 380              	.L26:
 381 000a 00BF     		.align	2
 382              	.L25:
 383 000c 76580040 		.word	1073764470
 384              		.cfi_endproc
 385              	.LFE7:
 386              		.size	SetAnalogRoutingPumps, .-SetAnalogRoutingPumps
 387              		.section	.text.cyfitter_cfg,"ax",%progbits
 388              		.align	2
 389              		.global	cyfitter_cfg
 390              		.thumb
 391              		.thumb_func
 392              		.type	cyfitter_cfg, %function
 393              	cyfitter_cfg:
 394              	.LFB8:
 339:Generated_Source\PSoC5/cyfitter_cfg.c **** }
 340:Generated_Source\PSoC5/cyfitter_cfg.c **** 
 341:Generated_Source\PSoC5/cyfitter_cfg.c **** 
 342:Generated_Source\PSoC5/cyfitter_cfg.c **** 
 343:Generated_Source\PSoC5/cyfitter_cfg.c **** 
 344:Generated_Source\PSoC5/cyfitter_cfg.c **** /*******************************************************************************
 345:Generated_Source\PSoC5/cyfitter_cfg.c **** * Function Name: cyfitter_cfg
 346:Generated_Source\PSoC5/cyfitter_cfg.c **** ********************************************************************************
 347:Generated_Source\PSoC5/cyfitter_cfg.c **** * Summary:
 348:Generated_Source\PSoC5/cyfitter_cfg.c **** *  This function is called by the start-up code for the selected device. It
 349:Generated_Source\PSoC5/cyfitter_cfg.c **** *  performs all of the necessary device configuration based on the design
 350:Generated_Source\PSoC5/cyfitter_cfg.c **** *  settings.  This includes settings from the Design Wide Resources (DWR) such
 351:Generated_Source\PSoC5/cyfitter_cfg.c **** *  as Clocks and Pins as well as any component configuration that is necessary.
 352:Generated_Source\PSoC5/cyfitter_cfg.c **** *
 353:Generated_Source\PSoC5/cyfitter_cfg.c **** * Parameters:
 354:Generated_Source\PSoC5/cyfitter_cfg.c **** *   void
 355:Generated_Source\PSoC5/cyfitter_cfg.c **** *
 356:Generated_Source\PSoC5/cyfitter_cfg.c **** * Return:
 357:Generated_Source\PSoC5/cyfitter_cfg.c **** *   void
 358:Generated_Source\PSoC5/cyfitter_cfg.c **** *
 359:Generated_Source\PSoC5/cyfitter_cfg.c **** *******************************************************************************/
 360:Generated_Source\PSoC5/cyfitter_cfg.c **** 
 361:Generated_Source\PSoC5/cyfitter_cfg.c **** void cyfitter_cfg(void)
 362:Generated_Source\PSoC5/cyfitter_cfg.c **** {
 395              		.loc 1 362 0
 396              		.cfi_startproc
 397              		@ args = 0, pretend = 0, frame = 0
 398              		@ frame_needed = 0, uses_anonymous_args = 0
ARM GAS  C:\Users\PC\AppData\Local\Temp\ccxEDZ41.s 			page 15


 399 0000 38B5     		push	{r3, r4, r5, lr}
 400              		.cfi_def_cfa_offset 16
 401              		.cfi_offset 3, -16
 402              		.cfi_offset 4, -12
 403              		.cfi_offset 5, -8
 404              		.cfi_offset 14, -4
 363:Generated_Source\PSoC5/cyfitter_cfg.c **** #ifdef CYGlobalIntDisable
 364:Generated_Source\PSoC5/cyfitter_cfg.c **** 	/* Disable interrupts by default. Let user enable if/when they want. */
 365:Generated_Source\PSoC5/cyfitter_cfg.c **** 	CYGlobalIntDisable
 405              		.loc 1 365 0
 406              		.syntax unified
 407              	@ 365 "Generated_Source\PSoC5\cyfitter_cfg.c" 1
 408 0002 72B6     		CPSID   i
 409              	@ 0 "" 2
 366:Generated_Source\PSoC5/cyfitter_cfg.c **** #endif
 367:Generated_Source\PSoC5/cyfitter_cfg.c **** 
 368:Generated_Source\PSoC5/cyfitter_cfg.c **** 	/* Enable/Disable Debug functionality based on settings from System DWR */
 369:Generated_Source\PSoC5/cyfitter_cfg.c **** 	CY_SET_XTND_REG8((void CYFAR *)CYREG_MLOGIC_DEBUG, (CY_GET_XTND_REG8((void CYFAR *)CYREG_MLOGIC_DE
 410              		.loc 1 369 0
 411              		.thumb
 412              		.syntax unified
 413 0004 384A     		ldr	r2, .L33
 414 0006 1378     		ldrb	r3, [r2]	@ zero_extendqisi2
 415 0008 43F00403 		orr	r3, r3, #4
 416 000c 1370     		strb	r3, [r2]
 417              	.LVL29:
 418              	.LBB3:
 370:Generated_Source\PSoC5/cyfitter_cfg.c **** 
 371:Generated_Source\PSoC5/cyfitter_cfg.c **** 	{
 372:Generated_Source\PSoC5/cyfitter_cfg.c **** 
 373:Generated_Source\PSoC5/cyfitter_cfg.c **** 		CYPACKED typedef struct {
 374:Generated_Source\PSoC5/cyfitter_cfg.c **** 			void CYFAR *address;
 375:Generated_Source\PSoC5/cyfitter_cfg.c **** 			uint16 size;
 376:Generated_Source\PSoC5/cyfitter_cfg.c **** 		} CYPACKED_ATTR cfg_memset_t;
 377:Generated_Source\PSoC5/cyfitter_cfg.c **** 
 378:Generated_Source\PSoC5/cyfitter_cfg.c **** 
 379:Generated_Source\PSoC5/cyfitter_cfg.c **** 		CYPACKED typedef struct {
 380:Generated_Source\PSoC5/cyfitter_cfg.c **** 			void CYFAR *dest;
 381:Generated_Source\PSoC5/cyfitter_cfg.c **** 			const void CYFAR *src;
 382:Generated_Source\PSoC5/cyfitter_cfg.c **** 			uint16 size;
 383:Generated_Source\PSoC5/cyfitter_cfg.c **** 		} CYPACKED_ATTR cfg_memcpy_t;
 384:Generated_Source\PSoC5/cyfitter_cfg.c **** 
 385:Generated_Source\PSoC5/cyfitter_cfg.c **** 		static const cfg_memset_t CYCODE cfg_memset_list[] = {
 386:Generated_Source\PSoC5/cyfitter_cfg.c **** 			/* address, size */
 387:Generated_Source\PSoC5/cyfitter_cfg.c **** 			{(void CYFAR *)(CYREG_TMR0_CFG0), 12u},
 388:Generated_Source\PSoC5/cyfitter_cfg.c **** 			{(void CYFAR *)(CYREG_PRT3_DR), 64u},
 389:Generated_Source\PSoC5/cyfitter_cfg.c **** 			{(void CYFAR *)(CYDEV_UCFG_B0_P0_U0_BASE), 4096u},
 390:Generated_Source\PSoC5/cyfitter_cfg.c **** 			{(void CYFAR *)(CYDEV_UCFG_B1_P2_U0_BASE), 2048u},
 391:Generated_Source\PSoC5/cyfitter_cfg.c **** 			{(void CYFAR *)(CYDEV_UCFG_DSI0_BASE), 2560u},
 392:Generated_Source\PSoC5/cyfitter_cfg.c **** 			{(void CYFAR *)(CYDEV_UCFG_DSI12_BASE), 512u},
 393:Generated_Source\PSoC5/cyfitter_cfg.c **** 			{(void CYFAR *)(CYREG_BCTL0_MDCLK_EN), 32u},
 394:Generated_Source\PSoC5/cyfitter_cfg.c **** 		};
 395:Generated_Source\PSoC5/cyfitter_cfg.c **** 
 396:Generated_Source\PSoC5/cyfitter_cfg.c **** 		static const cfg_memcpy_t CYCODE cfg_memcpy_list [] = {
 397:Generated_Source\PSoC5/cyfitter_cfg.c **** 			/* dest, src, size */
 398:Generated_Source\PSoC5/cyfitter_cfg.c **** 			{(void CYFAR *)(CYDEV_PRTDSI_PRT12_BASE), BS_IOPORT_7_VAL, 6u},
 399:Generated_Source\PSoC5/cyfitter_cfg.c **** 		};
ARM GAS  C:\Users\PC\AppData\Local\Temp\ccxEDZ41.s 			page 16


 400:Generated_Source\PSoC5/cyfitter_cfg.c **** 
 401:Generated_Source\PSoC5/cyfitter_cfg.c **** 		uint8 CYDATA i;
 402:Generated_Source\PSoC5/cyfitter_cfg.c **** 
 403:Generated_Source\PSoC5/cyfitter_cfg.c **** 		/* Zero out critical memory blocks before beginning configuration */
 404:Generated_Source\PSoC5/cyfitter_cfg.c **** 		for (i = 0u; i < (sizeof(cfg_memset_list)/sizeof(cfg_memset_list[0])); i++)
 419              		.loc 1 404 0
 420 000e 0024     		movs	r4, #0
 421 0010 0CE0     		b	.L28
 422              	.LVL30:
 423              	.L29:
 424              	.LBB4:
 405:Generated_Source\PSoC5/cyfitter_cfg.c **** 		{
 406:Generated_Source\PSoC5/cyfitter_cfg.c **** 			const cfg_memset_t CYCODE * CYDATA ms = &cfg_memset_list[i];
 407:Generated_Source\PSoC5/cyfitter_cfg.c **** 			CYMEMZERO(ms->address, (size_t)(uint32)(ms->size));
 425              		.loc 1 407 0 discriminator 3
 426 0012 364D     		ldr	r5, .L33+4
 427 0014 6300     		lsls	r3, r4, #1
 428 0016 1919     		adds	r1, r3, r4
 429 0018 4A00     		lsls	r2, r1, #1
 430 001a 1146     		mov	r1, r2
 431 001c 2A44     		add	r2, r2, r5
 432 001e 0846     		mov	r0, r1
 433 0020 9188     		ldrh	r1, [r2, #4]
 434 0022 2858     		ldr	r0, [r5, r0]	@ unaligned
 435 0024 FFF7FEFF 		bl	CYMEMZERO
 436              	.LVL31:
 437              	.LBE4:
 404:Generated_Source\PSoC5/cyfitter_cfg.c **** 		{
 438              		.loc 1 404 0 discriminator 3
 439 0028 0134     		adds	r4, r4, #1
 440              	.LVL32:
 441 002a E4B2     		uxtb	r4, r4
 442              	.LVL33:
 443              	.L28:
 404:Generated_Source\PSoC5/cyfitter_cfg.c **** 		{
 444              		.loc 1 404 0 is_stmt 0 discriminator 1
 445 002c 062C     		cmp	r4, #6
 446 002e F0D9     		bls	.L29
 447 0030 0024     		movs	r4, #0
 448              	.LVL34:
 449 0032 0BE0     		b	.L30
 450              	.LVL35:
 451              	.L31:
 452              	.LBB5:
 408:Generated_Source\PSoC5/cyfitter_cfg.c **** 		}
 409:Generated_Source\PSoC5/cyfitter_cfg.c **** 
 410:Generated_Source\PSoC5/cyfitter_cfg.c **** 		/* Copy device configuration data into registers */
 411:Generated_Source\PSoC5/cyfitter_cfg.c **** 		for (i = 0u; i < (sizeof(cfg_memcpy_list)/sizeof(cfg_memcpy_list[0])); i++)
 412:Generated_Source\PSoC5/cyfitter_cfg.c **** 		{
 413:Generated_Source\PSoC5/cyfitter_cfg.c **** 			const cfg_memcpy_t CYCODE * CYDATA mc = &cfg_memcpy_list[i];
 414:Generated_Source\PSoC5/cyfitter_cfg.c **** 			void * CYDATA destPtr = mc->dest;
 453              		.loc 1 414 0 is_stmt 1 discriminator 3
 454 0034 2D49     		ldr	r1, .L33+4
 455 0036 A300     		lsls	r3, r4, #2
 456 0038 1819     		adds	r0, r3, r4
 457 003a 4200     		lsls	r2, r0, #1
 458 003c 8818     		adds	r0, r1, r2
ARM GAS  C:\Users\PC\AppData\Local\Temp\ccxEDZ41.s 			page 17


 459              	.LVL36:
 415:Generated_Source\PSoC5/cyfitter_cfg.c **** 			const void * CYDATA srcPtr = mc->src;
 416:Generated_Source\PSoC5/cyfitter_cfg.c **** 			uint16 CYDATA numBytes = mc->size;
 417:Generated_Source\PSoC5/cyfitter_cfg.c **** 			CYCONFIGCPY(destPtr, srcPtr, numBytes);
 460              		.loc 1 417 0 discriminator 3
 461 003e 0622     		movs	r2, #6
 462 0040 016B     		ldr	r1, [r0, #48]	@ unaligned
 463              	.LVL37:
 464 0042 C06A     		ldr	r0, [r0, #44]	@ unaligned
 465              	.LVL38:
 466 0044 FFF7FEFF 		bl	CYCONFIGCPY
 467              	.LVL39:
 468              	.LBE5:
 411:Generated_Source\PSoC5/cyfitter_cfg.c **** 		{
 469              		.loc 1 411 0 discriminator 3
 470 0048 0134     		adds	r4, r4, #1
 471              	.LVL40:
 472 004a E4B2     		uxtb	r4, r4
 473              	.LVL41:
 474              	.L30:
 411:Generated_Source\PSoC5/cyfitter_cfg.c **** 		{
 475              		.loc 1 411 0 is_stmt 0 discriminator 1
 476 004c 002C     		cmp	r4, #0
 477 004e F1D0     		beq	.L31
 418:Generated_Source\PSoC5/cyfitter_cfg.c **** 		}
 419:Generated_Source\PSoC5/cyfitter_cfg.c **** 
 420:Generated_Source\PSoC5/cyfitter_cfg.c **** 		cfg_write_bytes32(cy_cfg_addr_table, cy_cfg_data_table);
 478              		.loc 1 420 0 is_stmt 1
 479 0050 2749     		ldr	r1, .L33+8
 480 0052 4FF09040 		mov	r0, #1207959552
 481 0056 FFF7FEFF 		bl	cfg_write_bytes32
 482              	.LVL42:
 421:Generated_Source\PSoC5/cyfitter_cfg.c **** 
 422:Generated_Source\PSoC5/cyfitter_cfg.c **** 		/* Enable digital routing */
 423:Generated_Source\PSoC5/cyfitter_cfg.c **** 		CY_SET_XTND_REG8((void CYFAR *)CYREG_BCTL0_BANK_CTL, CY_GET_XTND_REG8((void CYFAR *)CYREG_BCTL0_B
 483              		.loc 1 423 0
 484 005a 264A     		ldr	r2, .L33+12
 485 005c 1378     		ldrb	r3, [r2]	@ zero_extendqisi2
 486 005e 43F00203 		orr	r3, r3, #2
 487 0062 1370     		strb	r3, [r2]
 424:Generated_Source\PSoC5/cyfitter_cfg.c **** 		CY_SET_XTND_REG8((void CYFAR *)CYREG_BCTL1_BANK_CTL, CY_GET_XTND_REG8((void CYFAR *)CYREG_BCTL1_B
 488              		.loc 1 424 0
 489 0064 1032     		adds	r2, r2, #16
 490 0066 1378     		ldrb	r3, [r2]	@ zero_extendqisi2
 491 0068 43F00203 		orr	r3, r3, #2
 492 006c 1370     		strb	r3, [r2]
 425:Generated_Source\PSoC5/cyfitter_cfg.c **** 
 426:Generated_Source\PSoC5/cyfitter_cfg.c **** 		/* Enable UDB array */
 427:Generated_Source\PSoC5/cyfitter_cfg.c **** 		CY_SET_XTND_REG8((void CYFAR *)CYREG_PM_ACT_CFG0, CY_GET_XTND_REG8((void CYFAR *)CYREG_PM_ACT_CFG
 493              		.loc 1 427 0
 494 006e 224C     		ldr	r4, .L33+16
 495              	.LVL43:
 496 0070 2378     		ldrb	r3, [r4]	@ zero_extendqisi2
 497 0072 43F04003 		orr	r3, r3, #64
 498 0076 2370     		strb	r3, [r4]
 428:Generated_Source\PSoC5/cyfitter_cfg.c **** 		CY_SET_XTND_REG8((void CYFAR *)CYREG_PM_AVAIL_CR2, CY_GET_XTND_REG8((void CYFAR *)CYREG_PM_AVAIL_
 499              		.loc 1 428 0
ARM GAS  C:\Users\PC\AppData\Local\Temp\ccxEDZ41.s 			page 18


 500 0078 A2F58632 		sub	r2, r2, #68608
 501 007c 513A     		subs	r2, r2, #81
 502 007e 1378     		ldrb	r3, [r2]	@ zero_extendqisi2
 503 0080 43F01003 		orr	r3, r3, #16
 504 0084 1370     		strb	r3, [r2]
 505              	.LBE3:
 429:Generated_Source\PSoC5/cyfitter_cfg.c **** 	}
 430:Generated_Source\PSoC5/cyfitter_cfg.c **** 
 431:Generated_Source\PSoC5/cyfitter_cfg.c **** 
 432:Generated_Source\PSoC5/cyfitter_cfg.c **** 	/* Perform second pass device configuration. These items must be configured in specific order afte
 433:Generated_Source\PSoC5/cyfitter_cfg.c **** 	CYCONFIGCPY((void CYFAR *)(CYREG_PRT0_DM0), (const void CYFAR *)(BS_IOPINS0_0_VAL), 8u);
 506              		.loc 1 433 0
 507 0086 0822     		movs	r2, #8
 508 0088 1C49     		ldr	r1, .L33+20
 509 008a 1D48     		ldr	r0, .L33+24
 510 008c FFF7FEFF 		bl	CYCONFIGCPY
 511              	.LVL44:
 434:Generated_Source\PSoC5/cyfitter_cfg.c **** 	CYCONFIGCPY((void CYFAR *)(CYREG_PRT12_DR), (const void CYFAR *)(BS_IOPINS0_7_VAL), 10u);
 512              		.loc 1 434 0
 513 0090 0A22     		movs	r2, #10
 514 0092 1C49     		ldr	r1, .L33+28
 515 0094 1C48     		ldr	r0, .L33+32
 516 0096 FFF7FEFF 		bl	CYCONFIGCPY
 517              	.LVL45:
 435:Generated_Source\PSoC5/cyfitter_cfg.c **** 	CYCONFIGCPY((void CYFAR *)(CYREG_PRT15_DM0), (const void CYFAR *)(BS_IOPINS0_8_VAL), 8u);
 518              		.loc 1 435 0
 519 009a 0822     		movs	r2, #8
 520 009c 1B49     		ldr	r1, .L33+36
 521 009e 1C48     		ldr	r0, .L33+40
 522 00a0 FFF7FEFF 		bl	CYCONFIGCPY
 523              	.LVL46:
 436:Generated_Source\PSoC5/cyfitter_cfg.c **** 	CYCONFIGCPY((void CYFAR *)(CYREG_PRT1_DM0), (const void CYFAR *)(BS_IOPINS0_1_VAL), 8u);
 524              		.loc 1 436 0
 525 00a4 0822     		movs	r2, #8
 526 00a6 1B49     		ldr	r1, .L33+44
 527 00a8 1B48     		ldr	r0, .L33+48
 528 00aa FFF7FEFF 		bl	CYCONFIGCPY
 529              	.LVL47:
 437:Generated_Source\PSoC5/cyfitter_cfg.c **** 	CYCONFIGCPY((void CYFAR *)(CYREG_PRT2_DM0), (const void CYFAR *)(BS_IOPINS0_2_VAL), 8u);
 530              		.loc 1 437 0
 531 00ae 0822     		movs	r2, #8
 532 00b0 1A49     		ldr	r1, .L33+52
 533 00b2 1B48     		ldr	r0, .L33+56
 534 00b4 FFF7FEFF 		bl	CYCONFIGCPY
 535              	.LVL48:
 438:Generated_Source\PSoC5/cyfitter_cfg.c **** 	/* Switch Boost to the precision bandgap reference from its internal reference */
 439:Generated_Source\PSoC5/cyfitter_cfg.c **** 	CY_SET_REG8((void CYXDATA *)CYREG_BOOST_CR2, (CY_GET_REG8((void CYXDATA *)CYREG_BOOST_CR2) | 0x08u
 536              		.loc 1 439 0
 537 00b8 1A4A     		ldr	r2, .L33+60
 538 00ba 1378     		ldrb	r3, [r2]	@ zero_extendqisi2
 539 00bc 43F00803 		orr	r3, r3, #8
 540 00c0 1370     		strb	r3, [r2]
 440:Generated_Source\PSoC5/cyfitter_cfg.c **** 
 441:Generated_Source\PSoC5/cyfitter_cfg.c **** 	/* Set Flash Cycles based on max possible frequency in case a glitch occurs during ClockSetup(). *
 442:Generated_Source\PSoC5/cyfitter_cfg.c **** 	CY_SET_XTND_REG8((void CYFAR *)(CYREG_CACHE_CC_CTL), (((CYDEV_INSTRUCT_CACHE_ENABLED) != 0) ? 0x61
 541              		.loc 1 442 0
 542 00c2 194D     		ldr	r5, .L33+64
ARM GAS  C:\Users\PC\AppData\Local\Temp\ccxEDZ41.s 			page 19


 543 00c4 6123     		movs	r3, #97
 544 00c6 2B70     		strb	r3, [r5]
 443:Generated_Source\PSoC5/cyfitter_cfg.c **** 	/* Setup clocks based on selections from Clock DWR */
 444:Generated_Source\PSoC5/cyfitter_cfg.c **** 	ClockSetup();
 545              		.loc 1 444 0
 546 00c8 FFF7FEFF 		bl	ClockSetup
 547              	.LVL49:
 445:Generated_Source\PSoC5/cyfitter_cfg.c **** 	/* Set Flash Cycles based on newly configured 24.00MHz Bus Clock. */
 446:Generated_Source\PSoC5/cyfitter_cfg.c **** 	CY_SET_XTND_REG8((void CYFAR *)(CYREG_CACHE_CC_CTL), (((CYDEV_INSTRUCT_CACHE_ENABLED) != 0) ? 0x81
 548              		.loc 1 446 0
 549 00cc 8123     		movs	r3, #129
 550 00ce 2B70     		strb	r3, [r5]
 447:Generated_Source\PSoC5/cyfitter_cfg.c **** 	CY_SET_XTND_REG8((void CYFAR *)(CYREG_PANTHER_WAITPIPE), 0x01u);
 551              		.loc 1 447 0
 552 00d0 0122     		movs	r2, #1
 553 00d2 164B     		ldr	r3, .L33+68
 554 00d4 1A70     		strb	r2, [r3]
 448:Generated_Source\PSoC5/cyfitter_cfg.c **** 
 449:Generated_Source\PSoC5/cyfitter_cfg.c **** 	/* Perform basic analog initialization to defaults */
 450:Generated_Source\PSoC5/cyfitter_cfg.c **** 	AnalogSetDefault();
 555              		.loc 1 450 0
 556 00d6 FFF7FEFF 		bl	AnalogSetDefault
 557              	.LVL50:
 451:Generated_Source\PSoC5/cyfitter_cfg.c **** 
 452:Generated_Source\PSoC5/cyfitter_cfg.c **** 	/* Configure alternate active mode */
 453:Generated_Source\PSoC5/cyfitter_cfg.c **** 	CYCONFIGCPY((void CYFAR *)CYDEV_PM_STBY_BASE, (const void CYFAR *)CYDEV_PM_ACT_BASE, 14u);
 558              		.loc 1 453 0
 559 00da 0E22     		movs	r2, #14
 560 00dc 2146     		mov	r1, r4
 561 00de 1448     		ldr	r0, .L33+72
 562 00e0 FFF7FEFF 		bl	CYCONFIGCPY
 563              	.LVL51:
 564 00e4 38BD     		pop	{r3, r4, r5, pc}
 565              	.L34:
 566 00e6 00BF     		.align	2
 567              	.L33:
 568 00e8 E8460040 		.word	1073759976
 569 00ec 00000000 		.word	.LANCHOR0
 570 00f0 88000048 		.word	1207959688
 571 00f4 03500140 		.word	1073827843
 572 00f8 A0430040 		.word	1073759136
 573 00fc 9C0A0048 		.word	1207962268
 574 0100 02510040 		.word	1073762562
 575 0104 A40A0048 		.word	1207962276
 576 0108 C0510040 		.word	1073762752
 577 010c B00A0048 		.word	1207962288
 578 0110 F2510040 		.word	1073762802
 579 0114 B80A0048 		.word	1207962296
 580 0118 12510040 		.word	1073762578
 581 011c C00A0048 		.word	1207962304
 582 0120 22510040 		.word	1073762594
 583 0124 22430040 		.word	1073759010
 584 0128 00480040 		.word	1073760256
 585 012c 04000840 		.word	1074266116
 586 0130 B0430040 		.word	1073759152
 587              		.cfi_endproc
 588              	.LFE8:
ARM GAS  C:\Users\PC\AppData\Local\Temp\ccxEDZ41.s 			page 20


 589              		.size	cyfitter_cfg, .-cyfitter_cfg
 590              		.section	.rodata
 591              		.align	2
 592              		.set	.LANCHOR0,. + 0
 593              		.type	cfg_memset_list.5018, %object
 594              		.size	cfg_memset_list.5018, 42
 595              	cfg_memset_list.5018:
 596 0000 004F0040 		.word	1073762048
 597 0004 0C00     		.short	12
 598 0006 30510040 		.4byte	1073762608
 599 000a 4000     		.short	64
 600 000c 00000140 		.word	1073807360
 601 0010 0010     		.short	4096
 602 0012 00140140 		.4byte	1073812480
 603 0016 0008     		.short	2048
 604 0018 00400140 		.word	1073823744
 605 001c 000A     		.short	2560
 606 001e 004C0140 		.4byte	1073826816
 607 0022 0002     		.short	512
 608 0024 00500140 		.word	1073827840
 609 0028 2000     		.short	32
 610 002a 0000     		.space	2
 611              		.type	cfg_memcpy_list.5019, %object
 612              		.size	cfg_memcpy_list.5019, 10
 613              	cfg_memcpy_list.5019:
 614 002c 60520040 		.word	1073762912
 615 0030 940A0048 		.word	1207962260
 616 0034 0600     		.short	6
 617              		.text
 618              	.Letext0:
 619              		.file 2 "c:\\program files (x86)\\cypress\\psoc creator\\4.4\\psoc creator\\import\\gnu\\arm\\5.4.
 620              		.file 3 "Generated_Source\\PSoC5\\cytypes.h"
 621              		.file 4 "Generated_Source\\PSoC5\\CyLib.h"
 622              		.section	.debug_info,"",%progbits
 623              	.Ldebug_info0:
 624 0000 DA050000 		.4byte	0x5da
 625 0004 0400     		.2byte	0x4
 626 0006 00000000 		.4byte	.Ldebug_abbrev0
 627 000a 04       		.byte	0x4
 628 000b 01       		.uleb128 0x1
 629 000c 07020000 		.4byte	.LASF52
 630 0010 0C       		.byte	0xc
 631 0011 F4020000 		.4byte	.LASF53
 632 0015 9B000000 		.4byte	.LASF54
 633 0019 00000000 		.4byte	.Ldebug_ranges0+0
 634 001d 00000000 		.4byte	0
 635 0021 00000000 		.4byte	.Ldebug_line0
 636 0025 02       		.uleb128 0x2
 637 0026 04       		.byte	0x4
 638 0027 05       		.byte	0x5
 639 0028 696E7400 		.ascii	"int\000"
 640 002c 03       		.uleb128 0x3
 641 002d 16000000 		.4byte	.LASF12
 642 0031 02       		.byte	0x2
 643 0032 D8       		.byte	0xd8
 644 0033 37000000 		.4byte	0x37
 645 0037 04       		.uleb128 0x4
ARM GAS  C:\Users\PC\AppData\Local\Temp\ccxEDZ41.s 			page 21


 646 0038 04       		.byte	0x4
 647 0039 07       		.byte	0x7
 648 003a 30010000 		.4byte	.LASF0
 649 003e 04       		.uleb128 0x4
 650 003f 08       		.byte	0x8
 651 0040 05       		.byte	0x5
 652 0041 6F000000 		.4byte	.LASF1
 653 0045 04       		.uleb128 0x4
 654 0046 08       		.byte	0x8
 655 0047 04       		.byte	0x4
 656 0048 8E010000 		.4byte	.LASF2
 657 004c 04       		.uleb128 0x4
 658 004d 01       		.byte	0x1
 659 004e 06       		.byte	0x6
 660 004f 7D000000 		.4byte	.LASF3
 661 0053 04       		.uleb128 0x4
 662 0054 01       		.byte	0x1
 663 0055 08       		.byte	0x8
 664 0056 EF010000 		.4byte	.LASF4
 665 005a 04       		.uleb128 0x4
 666 005b 02       		.byte	0x2
 667 005c 05       		.byte	0x5
 668 005d FD010000 		.4byte	.LASF5
 669 0061 04       		.uleb128 0x4
 670 0062 02       		.byte	0x2
 671 0063 07       		.byte	0x7
 672 0064 72010000 		.4byte	.LASF6
 673 0068 04       		.uleb128 0x4
 674 0069 04       		.byte	0x4
 675 006a 05       		.byte	0x5
 676 006b ED000000 		.4byte	.LASF7
 677 006f 04       		.uleb128 0x4
 678 0070 04       		.byte	0x4
 679 0071 07       		.byte	0x7
 680 0072 46010000 		.4byte	.LASF8
 681 0076 04       		.uleb128 0x4
 682 0077 08       		.byte	0x8
 683 0078 07       		.byte	0x7
 684 0079 3C000000 		.4byte	.LASF9
 685 007d 04       		.uleb128 0x4
 686 007e 04       		.byte	0x4
 687 007f 07       		.byte	0x7
 688 0080 85010000 		.4byte	.LASF10
 689 0084 05       		.uleb128 0x5
 690 0085 04       		.byte	0x4
 691 0086 04       		.uleb128 0x4
 692 0087 01       		.byte	0x1
 693 0088 08       		.byte	0x8
 694 0089 B0020000 		.4byte	.LASF11
 695 008d 06       		.uleb128 0x6
 696 008e 03010000 		.4byte	.LASF13
 697 0092 03       		.byte	0x3
 698 0093 E901     		.2byte	0x1e9
 699 0095 53000000 		.4byte	0x53
 700 0099 06       		.uleb128 0x6
 701 009a 06000000 		.4byte	.LASF14
 702 009e 03       		.byte	0x3
ARM GAS  C:\Users\PC\AppData\Local\Temp\ccxEDZ41.s 			page 22


 703 009f EA01     		.2byte	0x1ea
 704 00a1 61000000 		.4byte	0x61
 705 00a5 06       		.uleb128 0x6
 706 00a6 1A010000 		.4byte	.LASF15
 707 00aa 03       		.byte	0x3
 708 00ab EB01     		.2byte	0x1eb
 709 00ad 6F000000 		.4byte	0x6f
 710 00b1 04       		.uleb128 0x4
 711 00b2 04       		.byte	0x4
 712 00b3 04       		.byte	0x4
 713 00b4 CE010000 		.4byte	.LASF16
 714 00b8 04       		.uleb128 0x4
 715 00b9 08       		.byte	0x8
 716 00ba 04       		.byte	0x4
 717 00bb 09010000 		.4byte	.LASF17
 718 00bf 06       		.uleb128 0x6
 719 00c0 EA010000 		.4byte	.LASF18
 720 00c4 03       		.byte	0x3
 721 00c5 9302     		.2byte	0x293
 722 00c7 CB000000 		.4byte	0xcb
 723 00cb 07       		.uleb128 0x7
 724 00cc 8D000000 		.4byte	0x8d
 725 00d0 06       		.uleb128 0x6
 726 00d1 F6000000 		.4byte	.LASF19
 727 00d5 03       		.byte	0x3
 728 00d6 9402     		.2byte	0x294
 729 00d8 DC000000 		.4byte	0xdc
 730 00dc 07       		.uleb128 0x7
 731 00dd 99000000 		.4byte	0x99
 732 00e1 08       		.uleb128 0x8
 733 00e2 02       		.byte	0x2
 734 00e3 01       		.byte	0x1
 735 00e4 98       		.byte	0x98
 736 00e5 02010000 		.4byte	0x102
 737 00e9 09       		.uleb128 0x9
 738 00ea D2020000 		.4byte	.LASF20
 739 00ee 01       		.byte	0x1
 740 00ef 9A       		.byte	0x9a
 741 00f0 8D000000 		.4byte	0x8d
 742 00f4 00       		.byte	0
 743 00f5 09       		.uleb128 0x9
 744 00f6 2A010000 		.4byte	.LASF21
 745 00fa 01       		.byte	0x1
 746 00fb 9B       		.byte	0x9b
 747 00fc 8D000000 		.4byte	0x8d
 748 0100 01       		.byte	0x1
 749 0101 00       		.byte	0
 750 0102 03       		.uleb128 0x3
 751 0103 9D020000 		.4byte	.LASF22
 752 0107 01       		.byte	0x1
 753 0108 9C       		.byte	0x9c
 754 0109 E1000000 		.4byte	0xe1
 755 010d 0A       		.uleb128 0xa
 756 010e 1D000000 		.4byte	.LASF55
 757 0112 01       		.byte	0x1
 758 0113 7F       		.byte	0x7f
 759 0114 00000000 		.4byte	.LFB3
ARM GAS  C:\Users\PC\AppData\Local\Temp\ccxEDZ41.s 			page 23


 760 0118 02000000 		.4byte	.LFE3-.LFB3
 761 011c 01       		.uleb128 0x1
 762 011d 9C       		.byte	0x9c
 763 011e 30010000 		.4byte	0x130
 764 0122 0B       		.uleb128 0xb
 765 0123 E3000000 		.4byte	.LASF23
 766 0127 01       		.byte	0x1
 767 0128 7F       		.byte	0x7f
 768 0129 8D000000 		.4byte	0x8d
 769 012d 01       		.uleb128 0x1
 770 012e 50       		.byte	0x50
 771 012f 00       		.byte	0
 772 0130 0C       		.uleb128 0xc
 773 0131 89000000 		.4byte	.LASF28
 774 0135 01       		.byte	0x1
 775 0136 C3       		.byte	0xc3
 776 0137 00000000 		.4byte	.LFB4
 777 013b 34000000 		.4byte	.LFE4-.LFB4
 778 013f 01       		.uleb128 0x1
 779 0140 9C       		.byte	0x9c
 780 0141 A2010000 		.4byte	0x1a2
 781 0145 0B       		.uleb128 0xb
 782 0146 53000000 		.4byte	.LASF24
 783 014a 01       		.byte	0x1
 784 014b C3       		.byte	0xc3
 785 014c A2010000 		.4byte	0x1a2
 786 0150 01       		.uleb128 0x1
 787 0151 50       		.byte	0x50
 788 0152 0B       		.uleb128 0xb
 789 0153 31000000 		.4byte	.LASF25
 790 0157 01       		.byte	0x1
 791 0158 C3       		.byte	0xc3
 792 0159 AD010000 		.4byte	0x1ad
 793 015d 01       		.uleb128 0x1
 794 015e 51       		.byte	0x51
 795 015f 0D       		.uleb128 0xd
 796 0160 6900     		.ascii	"i\000"
 797 0162 01       		.byte	0x1
 798 0163 C6       		.byte	0xc6
 799 0164 A5000000 		.4byte	0xa5
 800 0168 00000000 		.4byte	.LLST0
 801 016c 0D       		.uleb128 0xd
 802 016d 6A00     		.ascii	"j\000"
 803 016f 01       		.byte	0x1
 804 0170 C6       		.byte	0xc6
 805 0171 A5000000 		.4byte	0xa5
 806 0175 1F000000 		.4byte	.LLST1
 807 0179 0E       		.uleb128 0xe
 808 017a 08000000 		.4byte	.LBB2
 809 017e 22000000 		.4byte	.LBE2-.LBB2
 810 0182 0F       		.uleb128 0xf
 811 0183 0D000000 		.4byte	.LASF26
 812 0187 01       		.byte	0x1
 813 0188 C9       		.byte	0xc9
 814 0189 A5000000 		.4byte	0xa5
 815 018d 3E000000 		.4byte	.LLST2
 816 0191 0F       		.uleb128 0xf
ARM GAS  C:\Users\PC\AppData\Local\Temp\ccxEDZ41.s 			page 24


 817 0192 00000000 		.4byte	.LASF27
 818 0196 01       		.byte	0x1
 819 0197 CA       		.byte	0xca
 820 0198 8D000000 		.4byte	0x8d
 821 019c 51000000 		.4byte	.LLST3
 822 01a0 00       		.byte	0
 823 01a1 00       		.byte	0
 824 01a2 10       		.uleb128 0x10
 825 01a3 04       		.byte	0x4
 826 01a4 A8010000 		.4byte	0x1a8
 827 01a8 11       		.uleb128 0x11
 828 01a9 A5000000 		.4byte	0xa5
 829 01ad 10       		.uleb128 0x10
 830 01ae 04       		.byte	0x4
 831 01af B3010000 		.4byte	0x1b3
 832 01b3 11       		.uleb128 0x11
 833 01b4 02010000 		.4byte	0x102
 834 01b8 12       		.uleb128 0x12
 835 01b9 5E000000 		.4byte	.LASF29
 836 01bd 01       		.byte	0x1
 837 01be 2D01     		.2byte	0x12d
 838 01c0 00000000 		.4byte	.LFB6
 839 01c4 28000000 		.4byte	.LFE6-.LFB6
 840 01c8 01       		.uleb128 0x1
 841 01c9 9C       		.byte	0x9c
 842 01ca DF010000 		.4byte	0x1df
 843 01ce 13       		.uleb128 0x13
 844 01cf 9A010000 		.4byte	.LASF30
 845 01d3 01       		.byte	0x1
 846 01d4 2F01     		.2byte	0x12f
 847 01d6 8D000000 		.4byte	0x8d
 848 01da 6F000000 		.4byte	.LLST4
 849 01de 00       		.byte	0
 850 01df 0C       		.uleb128 0xc
 851 01e0 10010000 		.4byte	.LASF31
 852 01e4 01       		.byte	0x1
 853 01e5 4D       		.byte	0x4d
 854 01e6 00000000 		.4byte	.LFB0
 855 01ea 0C000000 		.4byte	.LFE0-.LFB0
 856 01ee 01       		.uleb128 0x1
 857 01ef 9C       		.byte	0x9c
 858 01f0 2C020000 		.4byte	0x22c
 859 01f4 14       		.uleb128 0x14
 860 01f5 7300     		.ascii	"s\000"
 861 01f7 01       		.byte	0x1
 862 01f8 4D       		.byte	0x4d
 863 01f9 84000000 		.4byte	0x84
 864 01fd 82000000 		.4byte	.LLST5
 865 0201 14       		.uleb128 0x14
 866 0202 6E00     		.ascii	"n\000"
 867 0204 01       		.byte	0x1
 868 0205 4D       		.byte	0x4d
 869 0206 2C000000 		.4byte	0x2c
 870 020a A3000000 		.4byte	.LLST6
 871 020e 15       		.uleb128 0x15
 872 020f 0A000000 		.4byte	.LVL16
 873 0213 C0050000 		.4byte	0x5c0
ARM GAS  C:\Users\PC\AppData\Local\Temp\ccxEDZ41.s 			page 25


 874 0217 16       		.uleb128 0x16
 875 0218 01       		.uleb128 0x1
 876 0219 50       		.byte	0x50
 877 021a 03       		.uleb128 0x3
 878 021b F3       		.byte	0xf3
 879 021c 01       		.uleb128 0x1
 880 021d 50       		.byte	0x50
 881 021e 16       		.uleb128 0x16
 882 021f 01       		.uleb128 0x1
 883 0220 51       		.byte	0x51
 884 0221 01       		.uleb128 0x1
 885 0222 30       		.byte	0x30
 886 0223 16       		.uleb128 0x16
 887 0224 01       		.uleb128 0x1
 888 0225 52       		.byte	0x52
 889 0226 03       		.uleb128 0x3
 890 0227 F3       		.byte	0xf3
 891 0228 01       		.uleb128 0x1
 892 0229 51       		.byte	0x51
 893 022a 00       		.byte	0
 894 022b 00       		.byte	0
 895 022c 0C       		.uleb128 0xc
 896 022d D8000000 		.4byte	.LASF32
 897 0231 01       		.byte	0x1
 898 0232 E6       		.byte	0xe6
 899 0233 00000000 		.4byte	.LFB5
 900 0237 E0000000 		.4byte	.LFE5-.LFB5
 901 023b 01       		.uleb128 0x1
 902 023c 9C       		.byte	0x9c
 903 023d 84020000 		.4byte	0x284
 904 0241 0F       		.uleb128 0xf
 905 0242 58010000 		.4byte	.LASF33
 906 0246 01       		.byte	0x1
 907 0247 E8       		.byte	0xe8
 908 0248 A5000000 		.4byte	0xa5
 909 024c CF000000 		.4byte	.LLST7
 910 0250 0F       		.uleb128 0xf
 911 0251 95020000 		.4byte	.LASF34
 912 0255 01       		.byte	0x1
 913 0256 E9       		.byte	0xe9
 914 0257 8D000000 		.4byte	0x8d
 915 025b EE000000 		.4byte	.LLST8
 916 025f 17       		.uleb128 0x17
 917 0260 72000000 		.4byte	.LVL21
 918 0264 C9050000 		.4byte	0x5c9
 919 0268 74020000 		.4byte	0x274
 920 026c 16       		.uleb128 0x16
 921 026d 01       		.uleb128 0x1
 922 026e 50       		.byte	0x50
 923 026f 03       		.uleb128 0x3
 924 0270 0A       		.byte	0xa
 925 0271 E001     		.2byte	0x1e0
 926 0273 00       		.byte	0
 927 0274 15       		.uleb128 0x15
 928 0275 82000000 		.4byte	.LVL23
 929 0279 0D010000 		.4byte	0x10d
 930 027d 16       		.uleb128 0x16
ARM GAS  C:\Users\PC\AppData\Local\Temp\ccxEDZ41.s 			page 26


 931 027e 01       		.uleb128 0x1
 932 027f 50       		.byte	0x50
 933 0280 01       		.uleb128 0x1
 934 0281 33       		.byte	0x33
 935 0282 00       		.byte	0
 936 0283 00       		.byte	0
 937 0284 0C       		.uleb128 0xc
 938 0285 E8020000 		.4byte	.LASF35
 939 0289 01       		.byte	0x1
 940 028a 54       		.byte	0x54
 941 028b 00000000 		.4byte	.LFB1
 942 028f 08000000 		.4byte	.LFE1-.LFB1
 943 0293 01       		.uleb128 0x1
 944 0294 9C       		.byte	0x9c
 945 0295 E4020000 		.4byte	0x2e4
 946 0299 18       		.uleb128 0x18
 947 029a C9010000 		.4byte	.LASF36
 948 029e 01       		.byte	0x1
 949 029f 54       		.byte	0x54
 950 02a0 84000000 		.4byte	0x84
 951 02a4 18010000 		.4byte	.LLST9
 952 02a8 14       		.uleb128 0x14
 953 02a9 73726300 		.ascii	"src\000"
 954 02ad 01       		.byte	0x1
 955 02ae 54       		.byte	0x54
 956 02af E4020000 		.4byte	0x2e4
 957 02b3 39010000 		.4byte	.LLST10
 958 02b7 14       		.uleb128 0x14
 959 02b8 6E00     		.ascii	"n\000"
 960 02ba 01       		.byte	0x1
 961 02bb 54       		.byte	0x54
 962 02bc 2C000000 		.4byte	0x2c
 963 02c0 5A010000 		.4byte	.LLST11
 964 02c4 15       		.uleb128 0x15
 965 02c5 06000000 		.4byte	.LVL26
 966 02c9 D4050000 		.4byte	0x5d4
 967 02cd 16       		.uleb128 0x16
 968 02ce 01       		.uleb128 0x1
 969 02cf 50       		.byte	0x50
 970 02d0 03       		.uleb128 0x3
 971 02d1 F3       		.byte	0xf3
 972 02d2 01       		.uleb128 0x1
 973 02d3 50       		.byte	0x50
 974 02d4 16       		.uleb128 0x16
 975 02d5 01       		.uleb128 0x1
 976 02d6 51       		.byte	0x51
 977 02d7 03       		.uleb128 0x3
 978 02d8 F3       		.byte	0xf3
 979 02d9 01       		.uleb128 0x1
 980 02da 51       		.byte	0x51
 981 02db 16       		.uleb128 0x16
 982 02dc 01       		.uleb128 0x1
 983 02dd 52       		.byte	0x52
 984 02de 03       		.uleb128 0x3
 985 02df F3       		.byte	0xf3
 986 02e0 01       		.uleb128 0x1
 987 02e1 52       		.byte	0x52
ARM GAS  C:\Users\PC\AppData\Local\Temp\ccxEDZ41.s 			page 27


 988 02e2 00       		.byte	0
 989 02e3 00       		.byte	0
 990 02e4 10       		.uleb128 0x10
 991 02e5 04       		.byte	0x4
 992 02e6 EA020000 		.4byte	0x2ea
 993 02ea 19       		.uleb128 0x19
 994 02eb 1A       		.uleb128 0x1a
 995 02ec BC020000 		.4byte	.LASF39
 996 02f0 01       		.byte	0x1
 997 02f1 4701     		.2byte	0x147
 998 02f3 00000000 		.4byte	.LFB7
 999 02f7 10000000 		.4byte	.LFE7-.LFB7
 1000 02fb 01       		.uleb128 0x1
 1001 02fc 9C       		.byte	0x9c
 1002 02fd 1E030000 		.4byte	0x31e
 1003 0301 1B       		.uleb128 0x1b
 1004 0302 D9020000 		.4byte	.LASF37
 1005 0306 01       		.byte	0x1
 1006 0307 4701     		.2byte	0x147
 1007 0309 8D000000 		.4byte	0x8d
 1008 030d 01       		.uleb128 0x1
 1009 030e 50       		.byte	0x50
 1010 030f 1C       		.uleb128 0x1c
 1011 0310 21010000 		.4byte	.LASF38
 1012 0314 01       		.byte	0x1
 1013 0315 4901     		.2byte	0x149
 1014 0317 8D000000 		.4byte	0x8d
 1015 031b 01       		.uleb128 0x1
 1016 031c 53       		.byte	0x53
 1017 031d 00       		.byte	0
 1018 031e 1A       		.uleb128 0x1a
 1019 031f 32030000 		.4byte	.LASF40
 1020 0323 01       		.byte	0x1
 1021 0324 6901     		.2byte	0x169
 1022 0326 00000000 		.4byte	.LFB8
 1023 032a 34010000 		.4byte	.LFE8-.LFB8
 1024 032e 01       		.uleb128 0x1
 1025 032f 9C       		.byte	0x9c
 1026 0330 C0050000 		.4byte	0x5c0
 1027 0334 1D       		.uleb128 0x1d
 1028 0335 0E000000 		.4byte	.LBB3
 1029 0339 78000000 		.4byte	.LBE3-.LBB3
 1030 033d D6040000 		.4byte	0x4d6
 1031 0341 1E       		.uleb128 0x1e
 1032 0342 06       		.byte	0x6
 1033 0343 01       		.byte	0x1
 1034 0344 7501     		.2byte	0x175
 1035 0346 65030000 		.4byte	0x365
 1036 034a 1F       		.uleb128 0x1f
 1037 034b 1A030000 		.4byte	.LASF41
 1038 034f 01       		.byte	0x1
 1039 0350 7601     		.2byte	0x176
 1040 0352 84000000 		.4byte	0x84
 1041 0356 00       		.byte	0
 1042 0357 1F       		.uleb128 0x1f
 1043 0358 6D010000 		.4byte	.LASF42
 1044 035c 01       		.byte	0x1
ARM GAS  C:\Users\PC\AppData\Local\Temp\ccxEDZ41.s 			page 28


 1045 035d 7701     		.2byte	0x177
 1046 035f 99000000 		.4byte	0x99
 1047 0363 04       		.byte	0x4
 1048 0364 00       		.byte	0
 1049 0365 06       		.uleb128 0x6
 1050 0366 AC010000 		.4byte	.LASF43
 1051 036a 01       		.byte	0x1
 1052 036b 7801     		.2byte	0x178
 1053 036d 41030000 		.4byte	0x341
 1054 0371 1E       		.uleb128 0x1e
 1055 0372 0A       		.byte	0xa
 1056 0373 01       		.byte	0x1
 1057 0374 7B01     		.2byte	0x17b
 1058 0376 A2030000 		.4byte	0x3a2
 1059 037a 1F       		.uleb128 0x1f
 1060 037b C9010000 		.4byte	.LASF36
 1061 037f 01       		.byte	0x1
 1062 0380 7C01     		.2byte	0x17c
 1063 0382 84000000 		.4byte	0x84
 1064 0386 00       		.byte	0
 1065 0387 20       		.uleb128 0x20
 1066 0388 73726300 		.ascii	"src\000"
 1067 038c 01       		.byte	0x1
 1068 038d 7D01     		.2byte	0x17d
 1069 038f E4020000 		.4byte	0x2e4
 1070 0393 04       		.byte	0x4
 1071 0394 1F       		.uleb128 0x1f
 1072 0395 6D010000 		.4byte	.LASF42
 1073 0399 01       		.byte	0x1
 1074 039a 7E01     		.2byte	0x17e
 1075 039c 99000000 		.4byte	0x99
 1076 03a0 08       		.byte	0x8
 1077 03a1 00       		.byte	0
 1078 03a2 06       		.uleb128 0x6
 1079 03a3 60010000 		.4byte	.LASF44
 1080 03a7 01       		.byte	0x1
 1081 03a8 7F01     		.2byte	0x17f
 1082 03aa 71030000 		.4byte	0x371
 1083 03ae 21       		.uleb128 0x21
 1084 03af BE030000 		.4byte	0x3be
 1085 03b3 BE030000 		.4byte	0x3be
 1086 03b7 22       		.uleb128 0x22
 1087 03b8 7D000000 		.4byte	0x7d
 1088 03bc 06       		.byte	0x6
 1089 03bd 00       		.byte	0
 1090 03be 11       		.uleb128 0x11
 1091 03bf 65030000 		.4byte	0x365
 1092 03c3 1C       		.uleb128 0x1c
 1093 03c4 B9010000 		.4byte	.LASF45
 1094 03c8 01       		.byte	0x1
 1095 03c9 8101     		.2byte	0x181
 1096 03cb D5030000 		.4byte	0x3d5
 1097 03cf 05       		.uleb128 0x5
 1098 03d0 03       		.byte	0x3
 1099 03d1 00000000 		.4byte	cfg_memset_list.5018
 1100 03d5 11       		.uleb128 0x11
 1101 03d6 AE030000 		.4byte	0x3ae
ARM GAS  C:\Users\PC\AppData\Local\Temp\ccxEDZ41.s 			page 29


 1102 03da 21       		.uleb128 0x21
 1103 03db EA030000 		.4byte	0x3ea
 1104 03df EA030000 		.4byte	0x3ea
 1105 03e3 22       		.uleb128 0x22
 1106 03e4 7D000000 		.4byte	0x7d
 1107 03e8 00       		.byte	0
 1108 03e9 00       		.byte	0
 1109 03ea 11       		.uleb128 0x11
 1110 03eb A2030000 		.4byte	0x3a2
 1111 03ef 1C       		.uleb128 0x1c
 1112 03f0 22030000 		.4byte	.LASF46
 1113 03f4 01       		.byte	0x1
 1114 03f5 8C01     		.2byte	0x18c
 1115 03f7 01040000 		.4byte	0x401
 1116 03fb 05       		.uleb128 0x5
 1117 03fc 03       		.byte	0x3
 1118 03fd 2C000000 		.4byte	cfg_memcpy_list.5019
 1119 0401 11       		.uleb128 0x11
 1120 0402 DA030000 		.4byte	0x3da
 1121 0406 23       		.uleb128 0x23
 1122 0407 6900     		.ascii	"i\000"
 1123 0409 01       		.byte	0x1
 1124 040a 9101     		.2byte	0x191
 1125 040c 8D000000 		.4byte	0x8d
 1126 0410 7B010000 		.4byte	.LLST12
 1127 0414 1D       		.uleb128 0x1d
 1128 0415 12000000 		.4byte	.LBB4
 1129 0419 16000000 		.4byte	.LBE4-.LBB4
 1130 041d 59040000 		.4byte	0x459
 1131 0421 23       		.uleb128 0x23
 1132 0422 6D7300   		.ascii	"ms\000"
 1133 0425 01       		.byte	0x1
 1134 0426 9601     		.2byte	0x196
 1135 0428 30040000 		.4byte	0x430
 1136 042c BB010000 		.4byte	.LLST13
 1137 0430 10       		.uleb128 0x10
 1138 0431 04       		.byte	0x4
 1139 0432 BE030000 		.4byte	0x3be
 1140 0436 15       		.uleb128 0x15
 1141 0437 28000000 		.4byte	.LVL31
 1142 043b DF010000 		.4byte	0x1df
 1143 043f 16       		.uleb128 0x16
 1144 0440 01       		.uleb128 0x1
 1145 0441 51       		.byte	0x51
 1146 0442 14       		.uleb128 0x14
 1147 0443 74       		.byte	0x74
 1148 0444 00       		.sleb128 0
 1149 0445 31       		.byte	0x31
 1150 0446 24       		.byte	0x24
 1151 0447 74       		.byte	0x74
 1152 0448 00       		.sleb128 0
 1153 0449 22       		.byte	0x22
 1154 044a 31       		.byte	0x31
 1155 044b 24       		.byte	0x24
 1156 044c 75       		.byte	0x75
 1157 044d 00       		.sleb128 0
 1158 044e 22       		.byte	0x22
ARM GAS  C:\Users\PC\AppData\Local\Temp\ccxEDZ41.s 			page 30


 1159 044f 23       		.byte	0x23
 1160 0450 04       		.uleb128 0x4
 1161 0451 94       		.byte	0x94
 1162 0452 02       		.byte	0x2
 1163 0453 0A       		.byte	0xa
 1164 0454 FFFF     		.2byte	0xffff
 1165 0456 1A       		.byte	0x1a
 1166 0457 00       		.byte	0
 1167 0458 00       		.byte	0
 1168 0459 1D       		.uleb128 0x1d
 1169 045a 34000000 		.4byte	.LBB5
 1170 045e 14000000 		.4byte	.LBE5-.LBB5
 1171 0462 BB040000 		.4byte	0x4bb
 1172 0466 23       		.uleb128 0x23
 1173 0467 6D6300   		.ascii	"mc\000"
 1174 046a 01       		.byte	0x1
 1175 046b 9D01     		.2byte	0x19d
 1176 046d 75040000 		.4byte	0x475
 1177 0471 ED010000 		.4byte	.LLST14
 1178 0475 10       		.uleb128 0x10
 1179 0476 04       		.byte	0x4
 1180 0477 EA030000 		.4byte	0x3ea
 1181 047b 13       		.uleb128 0x13
 1182 047c E2010000 		.4byte	.LASF47
 1183 0480 01       		.byte	0x1
 1184 0481 9E01     		.2byte	0x19e
 1185 0483 84000000 		.4byte	0x84
 1186 0487 1F020000 		.4byte	.LLST15
 1187 048b 13       		.uleb128 0x13
 1188 048c B5020000 		.4byte	.LASF48
 1189 0490 01       		.byte	0x1
 1190 0491 9F01     		.2byte	0x19f
 1191 0493 E4020000 		.4byte	0x2e4
 1192 0497 32020000 		.4byte	.LLST16
 1193 049b 13       		.uleb128 0x13
 1194 049c 3D010000 		.4byte	.LASF49
 1195 04a0 01       		.byte	0x1
 1196 04a1 A001     		.2byte	0x1a0
 1197 04a3 99000000 		.4byte	0x99
 1198 04a7 45020000 		.4byte	.LLST17
 1199 04ab 15       		.uleb128 0x15
 1200 04ac 48000000 		.4byte	.LVL39
 1201 04b0 84020000 		.4byte	0x284
 1202 04b4 16       		.uleb128 0x16
 1203 04b5 01       		.uleb128 0x1
 1204 04b6 52       		.byte	0x52
 1205 04b7 01       		.uleb128 0x1
 1206 04b8 36       		.byte	0x36
 1207 04b9 00       		.byte	0
 1208 04ba 00       		.byte	0
 1209 04bb 15       		.uleb128 0x15
 1210 04bc 5A000000 		.4byte	.LVL42
 1211 04c0 30010000 		.4byte	0x130
 1212 04c4 16       		.uleb128 0x16
 1213 04c5 01       		.uleb128 0x1
 1214 04c6 50       		.byte	0x50
 1215 04c7 03       		.uleb128 0x3
ARM GAS  C:\Users\PC\AppData\Local\Temp\ccxEDZ41.s 			page 31


 1216 04c8 42       		.byte	0x42
 1217 04c9 4A       		.byte	0x4a
 1218 04ca 24       		.byte	0x24
 1219 04cb 16       		.uleb128 0x16
 1220 04cc 01       		.uleb128 0x1
 1221 04cd 51       		.byte	0x51
 1222 04ce 05       		.uleb128 0x5
 1223 04cf 0C       		.byte	0xc
 1224 04d0 88000048 		.4byte	0x48000088
 1225 04d4 00       		.byte	0
 1226 04d5 00       		.byte	0
 1227 04d6 17       		.uleb128 0x17
 1228 04d7 90000000 		.4byte	.LVL44
 1229 04db 84020000 		.4byte	0x284
 1230 04df FB040000 		.4byte	0x4fb
 1231 04e3 16       		.uleb128 0x16
 1232 04e4 01       		.uleb128 0x1
 1233 04e5 50       		.byte	0x50
 1234 04e6 05       		.uleb128 0x5
 1235 04e7 0C       		.byte	0xc
 1236 04e8 02510040 		.4byte	0x40005102
 1237 04ec 16       		.uleb128 0x16
 1238 04ed 01       		.uleb128 0x1
 1239 04ee 51       		.byte	0x51
 1240 04ef 05       		.uleb128 0x5
 1241 04f0 0C       		.byte	0xc
 1242 04f1 9C0A0048 		.4byte	0x48000a9c
 1243 04f5 16       		.uleb128 0x16
 1244 04f6 01       		.uleb128 0x1
 1245 04f7 52       		.byte	0x52
 1246 04f8 01       		.uleb128 0x1
 1247 04f9 38       		.byte	0x38
 1248 04fa 00       		.byte	0
 1249 04fb 17       		.uleb128 0x17
 1250 04fc 9A000000 		.4byte	.LVL45
 1251 0500 84020000 		.4byte	0x284
 1252 0504 20050000 		.4byte	0x520
 1253 0508 16       		.uleb128 0x16
 1254 0509 01       		.uleb128 0x1
 1255 050a 50       		.byte	0x50
 1256 050b 05       		.uleb128 0x5
 1257 050c 0C       		.byte	0xc
 1258 050d C0510040 		.4byte	0x400051c0
 1259 0511 16       		.uleb128 0x16
 1260 0512 01       		.uleb128 0x1
 1261 0513 51       		.byte	0x51
 1262 0514 05       		.uleb128 0x5
 1263 0515 0C       		.byte	0xc
 1264 0516 A40A0048 		.4byte	0x48000aa4
 1265 051a 16       		.uleb128 0x16
 1266 051b 01       		.uleb128 0x1
 1267 051c 52       		.byte	0x52
 1268 051d 01       		.uleb128 0x1
 1269 051e 3A       		.byte	0x3a
 1270 051f 00       		.byte	0
 1271 0520 17       		.uleb128 0x17
 1272 0521 A4000000 		.4byte	.LVL46
ARM GAS  C:\Users\PC\AppData\Local\Temp\ccxEDZ41.s 			page 32


 1273 0525 84020000 		.4byte	0x284
 1274 0529 45050000 		.4byte	0x545
 1275 052d 16       		.uleb128 0x16
 1276 052e 01       		.uleb128 0x1
 1277 052f 50       		.byte	0x50
 1278 0530 05       		.uleb128 0x5
 1279 0531 0C       		.byte	0xc
 1280 0532 F2510040 		.4byte	0x400051f2
 1281 0536 16       		.uleb128 0x16
 1282 0537 01       		.uleb128 0x1
 1283 0538 51       		.byte	0x51
 1284 0539 05       		.uleb128 0x5
 1285 053a 0C       		.byte	0xc
 1286 053b B00A0048 		.4byte	0x48000ab0
 1287 053f 16       		.uleb128 0x16
 1288 0540 01       		.uleb128 0x1
 1289 0541 52       		.byte	0x52
 1290 0542 01       		.uleb128 0x1
 1291 0543 38       		.byte	0x38
 1292 0544 00       		.byte	0
 1293 0545 17       		.uleb128 0x17
 1294 0546 AE000000 		.4byte	.LVL47
 1295 054a 84020000 		.4byte	0x284
 1296 054e 6A050000 		.4byte	0x56a
 1297 0552 16       		.uleb128 0x16
 1298 0553 01       		.uleb128 0x1
 1299 0554 50       		.byte	0x50
 1300 0555 05       		.uleb128 0x5
 1301 0556 0C       		.byte	0xc
 1302 0557 12510040 		.4byte	0x40005112
 1303 055b 16       		.uleb128 0x16
 1304 055c 01       		.uleb128 0x1
 1305 055d 51       		.byte	0x51
 1306 055e 05       		.uleb128 0x5
 1307 055f 0C       		.byte	0xc
 1308 0560 B80A0048 		.4byte	0x48000ab8
 1309 0564 16       		.uleb128 0x16
 1310 0565 01       		.uleb128 0x1
 1311 0566 52       		.byte	0x52
 1312 0567 01       		.uleb128 0x1
 1313 0568 38       		.byte	0x38
 1314 0569 00       		.byte	0
 1315 056a 17       		.uleb128 0x17
 1316 056b B8000000 		.4byte	.LVL48
 1317 056f 84020000 		.4byte	0x284
 1318 0573 8F050000 		.4byte	0x58f
 1319 0577 16       		.uleb128 0x16
 1320 0578 01       		.uleb128 0x1
 1321 0579 50       		.byte	0x50
 1322 057a 05       		.uleb128 0x5
 1323 057b 0C       		.byte	0xc
 1324 057c 22510040 		.4byte	0x40005122
 1325 0580 16       		.uleb128 0x16
 1326 0581 01       		.uleb128 0x1
 1327 0582 51       		.byte	0x51
 1328 0583 05       		.uleb128 0x5
 1329 0584 0C       		.byte	0xc
ARM GAS  C:\Users\PC\AppData\Local\Temp\ccxEDZ41.s 			page 33


 1330 0585 C00A0048 		.4byte	0x48000ac0
 1331 0589 16       		.uleb128 0x16
 1332 058a 01       		.uleb128 0x1
 1333 058b 52       		.byte	0x52
 1334 058c 01       		.uleb128 0x1
 1335 058d 38       		.byte	0x38
 1336 058e 00       		.byte	0
 1337 058f 24       		.uleb128 0x24
 1338 0590 CC000000 		.4byte	.LVL49
 1339 0594 2C020000 		.4byte	0x22c
 1340 0598 24       		.uleb128 0x24
 1341 0599 DA000000 		.4byte	.LVL50
 1342 059d B8010000 		.4byte	0x1b8
 1343 05a1 15       		.uleb128 0x15
 1344 05a2 E4000000 		.4byte	.LVL51
 1345 05a6 84020000 		.4byte	0x284
 1346 05aa 16       		.uleb128 0x16
 1347 05ab 01       		.uleb128 0x1
 1348 05ac 50       		.byte	0x50
 1349 05ad 05       		.uleb128 0x5
 1350 05ae 0C       		.byte	0xc
 1351 05af B0430040 		.4byte	0x400043b0
 1352 05b3 16       		.uleb128 0x16
 1353 05b4 01       		.uleb128 0x1
 1354 05b5 51       		.byte	0x51
 1355 05b6 02       		.uleb128 0x2
 1356 05b7 74       		.byte	0x74
 1357 05b8 00       		.sleb128 0
 1358 05b9 16       		.uleb128 0x16
 1359 05ba 01       		.uleb128 0x1
 1360 05bb 52       		.byte	0x52
 1361 05bc 01       		.uleb128 0x1
 1362 05bd 3E       		.byte	0x3e
 1363 05be 00       		.byte	0
 1364 05bf 00       		.byte	0
 1365 05c0 25       		.uleb128 0x25
 1366 05c1 E1020000 		.4byte	.LASF50
 1367 05c5 E1020000 		.4byte	.LASF50
 1368 05c9 26       		.uleb128 0x26
 1369 05ca D4010000 		.4byte	.LASF56
 1370 05ce D4010000 		.4byte	.LASF56
 1371 05d2 04       		.byte	0x4
 1372 05d3 79       		.byte	0x79
 1373 05d4 25       		.uleb128 0x25
 1374 05d5 FC000000 		.4byte	.LASF51
 1375 05d9 FC000000 		.4byte	.LASF51
 1376 05dd 00       		.byte	0
 1377              		.section	.debug_abbrev,"",%progbits
 1378              	.Ldebug_abbrev0:
 1379 0000 01       		.uleb128 0x1
 1380 0001 11       		.uleb128 0x11
 1381 0002 01       		.byte	0x1
 1382 0003 25       		.uleb128 0x25
 1383 0004 0E       		.uleb128 0xe
 1384 0005 13       		.uleb128 0x13
 1385 0006 0B       		.uleb128 0xb
 1386 0007 03       		.uleb128 0x3
ARM GAS  C:\Users\PC\AppData\Local\Temp\ccxEDZ41.s 			page 34


 1387 0008 0E       		.uleb128 0xe
 1388 0009 1B       		.uleb128 0x1b
 1389 000a 0E       		.uleb128 0xe
 1390 000b 55       		.uleb128 0x55
 1391 000c 17       		.uleb128 0x17
 1392 000d 11       		.uleb128 0x11
 1393 000e 01       		.uleb128 0x1
 1394 000f 10       		.uleb128 0x10
 1395 0010 17       		.uleb128 0x17
 1396 0011 00       		.byte	0
 1397 0012 00       		.byte	0
 1398 0013 02       		.uleb128 0x2
 1399 0014 24       		.uleb128 0x24
 1400 0015 00       		.byte	0
 1401 0016 0B       		.uleb128 0xb
 1402 0017 0B       		.uleb128 0xb
 1403 0018 3E       		.uleb128 0x3e
 1404 0019 0B       		.uleb128 0xb
 1405 001a 03       		.uleb128 0x3
 1406 001b 08       		.uleb128 0x8
 1407 001c 00       		.byte	0
 1408 001d 00       		.byte	0
 1409 001e 03       		.uleb128 0x3
 1410 001f 16       		.uleb128 0x16
 1411 0020 00       		.byte	0
 1412 0021 03       		.uleb128 0x3
 1413 0022 0E       		.uleb128 0xe
 1414 0023 3A       		.uleb128 0x3a
 1415 0024 0B       		.uleb128 0xb
 1416 0025 3B       		.uleb128 0x3b
 1417 0026 0B       		.uleb128 0xb
 1418 0027 49       		.uleb128 0x49
 1419 0028 13       		.uleb128 0x13
 1420 0029 00       		.byte	0
 1421 002a 00       		.byte	0
 1422 002b 04       		.uleb128 0x4
 1423 002c 24       		.uleb128 0x24
 1424 002d 00       		.byte	0
 1425 002e 0B       		.uleb128 0xb
 1426 002f 0B       		.uleb128 0xb
 1427 0030 3E       		.uleb128 0x3e
 1428 0031 0B       		.uleb128 0xb
 1429 0032 03       		.uleb128 0x3
 1430 0033 0E       		.uleb128 0xe
 1431 0034 00       		.byte	0
 1432 0035 00       		.byte	0
 1433 0036 05       		.uleb128 0x5
 1434 0037 0F       		.uleb128 0xf
 1435 0038 00       		.byte	0
 1436 0039 0B       		.uleb128 0xb
 1437 003a 0B       		.uleb128 0xb
 1438 003b 00       		.byte	0
 1439 003c 00       		.byte	0
 1440 003d 06       		.uleb128 0x6
 1441 003e 16       		.uleb128 0x16
 1442 003f 00       		.byte	0
 1443 0040 03       		.uleb128 0x3
ARM GAS  C:\Users\PC\AppData\Local\Temp\ccxEDZ41.s 			page 35


 1444 0041 0E       		.uleb128 0xe
 1445 0042 3A       		.uleb128 0x3a
 1446 0043 0B       		.uleb128 0xb
 1447 0044 3B       		.uleb128 0x3b
 1448 0045 05       		.uleb128 0x5
 1449 0046 49       		.uleb128 0x49
 1450 0047 13       		.uleb128 0x13
 1451 0048 00       		.byte	0
 1452 0049 00       		.byte	0
 1453 004a 07       		.uleb128 0x7
 1454 004b 35       		.uleb128 0x35
 1455 004c 00       		.byte	0
 1456 004d 49       		.uleb128 0x49
 1457 004e 13       		.uleb128 0x13
 1458 004f 00       		.byte	0
 1459 0050 00       		.byte	0
 1460 0051 08       		.uleb128 0x8
 1461 0052 13       		.uleb128 0x13
 1462 0053 01       		.byte	0x1
 1463 0054 0B       		.uleb128 0xb
 1464 0055 0B       		.uleb128 0xb
 1465 0056 3A       		.uleb128 0x3a
 1466 0057 0B       		.uleb128 0xb
 1467 0058 3B       		.uleb128 0x3b
 1468 0059 0B       		.uleb128 0xb
 1469 005a 01       		.uleb128 0x1
 1470 005b 13       		.uleb128 0x13
 1471 005c 00       		.byte	0
 1472 005d 00       		.byte	0
 1473 005e 09       		.uleb128 0x9
 1474 005f 0D       		.uleb128 0xd
 1475 0060 00       		.byte	0
 1476 0061 03       		.uleb128 0x3
 1477 0062 0E       		.uleb128 0xe
 1478 0063 3A       		.uleb128 0x3a
 1479 0064 0B       		.uleb128 0xb
 1480 0065 3B       		.uleb128 0x3b
 1481 0066 0B       		.uleb128 0xb
 1482 0067 49       		.uleb128 0x49
 1483 0068 13       		.uleb128 0x13
 1484 0069 38       		.uleb128 0x38
 1485 006a 0B       		.uleb128 0xb
 1486 006b 00       		.byte	0
 1487 006c 00       		.byte	0
 1488 006d 0A       		.uleb128 0xa
 1489 006e 2E       		.uleb128 0x2e
 1490 006f 01       		.byte	0x1
 1491 0070 03       		.uleb128 0x3
 1492 0071 0E       		.uleb128 0xe
 1493 0072 3A       		.uleb128 0x3a
 1494 0073 0B       		.uleb128 0xb
 1495 0074 3B       		.uleb128 0x3b
 1496 0075 0B       		.uleb128 0xb
 1497 0076 27       		.uleb128 0x27
 1498 0077 19       		.uleb128 0x19
 1499 0078 8701     		.uleb128 0x87
 1500 007a 19       		.uleb128 0x19
ARM GAS  C:\Users\PC\AppData\Local\Temp\ccxEDZ41.s 			page 36


 1501 007b 11       		.uleb128 0x11
 1502 007c 01       		.uleb128 0x1
 1503 007d 12       		.uleb128 0x12
 1504 007e 06       		.uleb128 0x6
 1505 007f 40       		.uleb128 0x40
 1506 0080 18       		.uleb128 0x18
 1507 0081 9742     		.uleb128 0x2117
 1508 0083 19       		.uleb128 0x19
 1509 0084 01       		.uleb128 0x1
 1510 0085 13       		.uleb128 0x13
 1511 0086 00       		.byte	0
 1512 0087 00       		.byte	0
 1513 0088 0B       		.uleb128 0xb
 1514 0089 05       		.uleb128 0x5
 1515 008a 00       		.byte	0
 1516 008b 03       		.uleb128 0x3
 1517 008c 0E       		.uleb128 0xe
 1518 008d 3A       		.uleb128 0x3a
 1519 008e 0B       		.uleb128 0xb
 1520 008f 3B       		.uleb128 0x3b
 1521 0090 0B       		.uleb128 0xb
 1522 0091 49       		.uleb128 0x49
 1523 0092 13       		.uleb128 0x13
 1524 0093 02       		.uleb128 0x2
 1525 0094 18       		.uleb128 0x18
 1526 0095 00       		.byte	0
 1527 0096 00       		.byte	0
 1528 0097 0C       		.uleb128 0xc
 1529 0098 2E       		.uleb128 0x2e
 1530 0099 01       		.byte	0x1
 1531 009a 03       		.uleb128 0x3
 1532 009b 0E       		.uleb128 0xe
 1533 009c 3A       		.uleb128 0x3a
 1534 009d 0B       		.uleb128 0xb
 1535 009e 3B       		.uleb128 0x3b
 1536 009f 0B       		.uleb128 0xb
 1537 00a0 27       		.uleb128 0x27
 1538 00a1 19       		.uleb128 0x19
 1539 00a2 11       		.uleb128 0x11
 1540 00a3 01       		.uleb128 0x1
 1541 00a4 12       		.uleb128 0x12
 1542 00a5 06       		.uleb128 0x6
 1543 00a6 40       		.uleb128 0x40
 1544 00a7 18       		.uleb128 0x18
 1545 00a8 9742     		.uleb128 0x2117
 1546 00aa 19       		.uleb128 0x19
 1547 00ab 01       		.uleb128 0x1
 1548 00ac 13       		.uleb128 0x13
 1549 00ad 00       		.byte	0
 1550 00ae 00       		.byte	0
 1551 00af 0D       		.uleb128 0xd
 1552 00b0 34       		.uleb128 0x34
 1553 00b1 00       		.byte	0
 1554 00b2 03       		.uleb128 0x3
 1555 00b3 08       		.uleb128 0x8
 1556 00b4 3A       		.uleb128 0x3a
 1557 00b5 0B       		.uleb128 0xb
ARM GAS  C:\Users\PC\AppData\Local\Temp\ccxEDZ41.s 			page 37


 1558 00b6 3B       		.uleb128 0x3b
 1559 00b7 0B       		.uleb128 0xb
 1560 00b8 49       		.uleb128 0x49
 1561 00b9 13       		.uleb128 0x13
 1562 00ba 02       		.uleb128 0x2
 1563 00bb 17       		.uleb128 0x17
 1564 00bc 00       		.byte	0
 1565 00bd 00       		.byte	0
 1566 00be 0E       		.uleb128 0xe
 1567 00bf 0B       		.uleb128 0xb
 1568 00c0 01       		.byte	0x1
 1569 00c1 11       		.uleb128 0x11
 1570 00c2 01       		.uleb128 0x1
 1571 00c3 12       		.uleb128 0x12
 1572 00c4 06       		.uleb128 0x6
 1573 00c5 00       		.byte	0
 1574 00c6 00       		.byte	0
 1575 00c7 0F       		.uleb128 0xf
 1576 00c8 34       		.uleb128 0x34
 1577 00c9 00       		.byte	0
 1578 00ca 03       		.uleb128 0x3
 1579 00cb 0E       		.uleb128 0xe
 1580 00cc 3A       		.uleb128 0x3a
 1581 00cd 0B       		.uleb128 0xb
 1582 00ce 3B       		.uleb128 0x3b
 1583 00cf 0B       		.uleb128 0xb
 1584 00d0 49       		.uleb128 0x49
 1585 00d1 13       		.uleb128 0x13
 1586 00d2 02       		.uleb128 0x2
 1587 00d3 17       		.uleb128 0x17
 1588 00d4 00       		.byte	0
 1589 00d5 00       		.byte	0
 1590 00d6 10       		.uleb128 0x10
 1591 00d7 0F       		.uleb128 0xf
 1592 00d8 00       		.byte	0
 1593 00d9 0B       		.uleb128 0xb
 1594 00da 0B       		.uleb128 0xb
 1595 00db 49       		.uleb128 0x49
 1596 00dc 13       		.uleb128 0x13
 1597 00dd 00       		.byte	0
 1598 00de 00       		.byte	0
 1599 00df 11       		.uleb128 0x11
 1600 00e0 26       		.uleb128 0x26
 1601 00e1 00       		.byte	0
 1602 00e2 49       		.uleb128 0x49
 1603 00e3 13       		.uleb128 0x13
 1604 00e4 00       		.byte	0
 1605 00e5 00       		.byte	0
 1606 00e6 12       		.uleb128 0x12
 1607 00e7 2E       		.uleb128 0x2e
 1608 00e8 01       		.byte	0x1
 1609 00e9 03       		.uleb128 0x3
 1610 00ea 0E       		.uleb128 0xe
 1611 00eb 3A       		.uleb128 0x3a
 1612 00ec 0B       		.uleb128 0xb
 1613 00ed 3B       		.uleb128 0x3b
 1614 00ee 05       		.uleb128 0x5
ARM GAS  C:\Users\PC\AppData\Local\Temp\ccxEDZ41.s 			page 38


 1615 00ef 27       		.uleb128 0x27
 1616 00f0 19       		.uleb128 0x19
 1617 00f1 11       		.uleb128 0x11
 1618 00f2 01       		.uleb128 0x1
 1619 00f3 12       		.uleb128 0x12
 1620 00f4 06       		.uleb128 0x6
 1621 00f5 40       		.uleb128 0x40
 1622 00f6 18       		.uleb128 0x18
 1623 00f7 9742     		.uleb128 0x2117
 1624 00f9 19       		.uleb128 0x19
 1625 00fa 01       		.uleb128 0x1
 1626 00fb 13       		.uleb128 0x13
 1627 00fc 00       		.byte	0
 1628 00fd 00       		.byte	0
 1629 00fe 13       		.uleb128 0x13
 1630 00ff 34       		.uleb128 0x34
 1631 0100 00       		.byte	0
 1632 0101 03       		.uleb128 0x3
 1633 0102 0E       		.uleb128 0xe
 1634 0103 3A       		.uleb128 0x3a
 1635 0104 0B       		.uleb128 0xb
 1636 0105 3B       		.uleb128 0x3b
 1637 0106 05       		.uleb128 0x5
 1638 0107 49       		.uleb128 0x49
 1639 0108 13       		.uleb128 0x13
 1640 0109 02       		.uleb128 0x2
 1641 010a 17       		.uleb128 0x17
 1642 010b 00       		.byte	0
 1643 010c 00       		.byte	0
 1644 010d 14       		.uleb128 0x14
 1645 010e 05       		.uleb128 0x5
 1646 010f 00       		.byte	0
 1647 0110 03       		.uleb128 0x3
 1648 0111 08       		.uleb128 0x8
 1649 0112 3A       		.uleb128 0x3a
 1650 0113 0B       		.uleb128 0xb
 1651 0114 3B       		.uleb128 0x3b
 1652 0115 0B       		.uleb128 0xb
 1653 0116 49       		.uleb128 0x49
 1654 0117 13       		.uleb128 0x13
 1655 0118 02       		.uleb128 0x2
 1656 0119 17       		.uleb128 0x17
 1657 011a 00       		.byte	0
 1658 011b 00       		.byte	0
 1659 011c 15       		.uleb128 0x15
 1660 011d 898201   		.uleb128 0x4109
 1661 0120 01       		.byte	0x1
 1662 0121 11       		.uleb128 0x11
 1663 0122 01       		.uleb128 0x1
 1664 0123 31       		.uleb128 0x31
 1665 0124 13       		.uleb128 0x13
 1666 0125 00       		.byte	0
 1667 0126 00       		.byte	0
 1668 0127 16       		.uleb128 0x16
 1669 0128 8A8201   		.uleb128 0x410a
 1670 012b 00       		.byte	0
 1671 012c 02       		.uleb128 0x2
ARM GAS  C:\Users\PC\AppData\Local\Temp\ccxEDZ41.s 			page 39


 1672 012d 18       		.uleb128 0x18
 1673 012e 9142     		.uleb128 0x2111
 1674 0130 18       		.uleb128 0x18
 1675 0131 00       		.byte	0
 1676 0132 00       		.byte	0
 1677 0133 17       		.uleb128 0x17
 1678 0134 898201   		.uleb128 0x4109
 1679 0137 01       		.byte	0x1
 1680 0138 11       		.uleb128 0x11
 1681 0139 01       		.uleb128 0x1
 1682 013a 31       		.uleb128 0x31
 1683 013b 13       		.uleb128 0x13
 1684 013c 01       		.uleb128 0x1
 1685 013d 13       		.uleb128 0x13
 1686 013e 00       		.byte	0
 1687 013f 00       		.byte	0
 1688 0140 18       		.uleb128 0x18
 1689 0141 05       		.uleb128 0x5
 1690 0142 00       		.byte	0
 1691 0143 03       		.uleb128 0x3
 1692 0144 0E       		.uleb128 0xe
 1693 0145 3A       		.uleb128 0x3a
 1694 0146 0B       		.uleb128 0xb
 1695 0147 3B       		.uleb128 0x3b
 1696 0148 0B       		.uleb128 0xb
 1697 0149 49       		.uleb128 0x49
 1698 014a 13       		.uleb128 0x13
 1699 014b 02       		.uleb128 0x2
 1700 014c 17       		.uleb128 0x17
 1701 014d 00       		.byte	0
 1702 014e 00       		.byte	0
 1703 014f 19       		.uleb128 0x19
 1704 0150 26       		.uleb128 0x26
 1705 0151 00       		.byte	0
 1706 0152 00       		.byte	0
 1707 0153 00       		.byte	0
 1708 0154 1A       		.uleb128 0x1a
 1709 0155 2E       		.uleb128 0x2e
 1710 0156 01       		.byte	0x1
 1711 0157 3F       		.uleb128 0x3f
 1712 0158 19       		.uleb128 0x19
 1713 0159 03       		.uleb128 0x3
 1714 015a 0E       		.uleb128 0xe
 1715 015b 3A       		.uleb128 0x3a
 1716 015c 0B       		.uleb128 0xb
 1717 015d 3B       		.uleb128 0x3b
 1718 015e 05       		.uleb128 0x5
 1719 015f 27       		.uleb128 0x27
 1720 0160 19       		.uleb128 0x19
 1721 0161 11       		.uleb128 0x11
 1722 0162 01       		.uleb128 0x1
 1723 0163 12       		.uleb128 0x12
 1724 0164 06       		.uleb128 0x6
 1725 0165 40       		.uleb128 0x40
 1726 0166 18       		.uleb128 0x18
 1727 0167 9742     		.uleb128 0x2117
 1728 0169 19       		.uleb128 0x19
ARM GAS  C:\Users\PC\AppData\Local\Temp\ccxEDZ41.s 			page 40


 1729 016a 01       		.uleb128 0x1
 1730 016b 13       		.uleb128 0x13
 1731 016c 00       		.byte	0
 1732 016d 00       		.byte	0
 1733 016e 1B       		.uleb128 0x1b
 1734 016f 05       		.uleb128 0x5
 1735 0170 00       		.byte	0
 1736 0171 03       		.uleb128 0x3
 1737 0172 0E       		.uleb128 0xe
 1738 0173 3A       		.uleb128 0x3a
 1739 0174 0B       		.uleb128 0xb
 1740 0175 3B       		.uleb128 0x3b
 1741 0176 05       		.uleb128 0x5
 1742 0177 49       		.uleb128 0x49
 1743 0178 13       		.uleb128 0x13
 1744 0179 02       		.uleb128 0x2
 1745 017a 18       		.uleb128 0x18
 1746 017b 00       		.byte	0
 1747 017c 00       		.byte	0
 1748 017d 1C       		.uleb128 0x1c
 1749 017e 34       		.uleb128 0x34
 1750 017f 00       		.byte	0
 1751 0180 03       		.uleb128 0x3
 1752 0181 0E       		.uleb128 0xe
 1753 0182 3A       		.uleb128 0x3a
 1754 0183 0B       		.uleb128 0xb
 1755 0184 3B       		.uleb128 0x3b
 1756 0185 05       		.uleb128 0x5
 1757 0186 49       		.uleb128 0x49
 1758 0187 13       		.uleb128 0x13
 1759 0188 02       		.uleb128 0x2
 1760 0189 18       		.uleb128 0x18
 1761 018a 00       		.byte	0
 1762 018b 00       		.byte	0
 1763 018c 1D       		.uleb128 0x1d
 1764 018d 0B       		.uleb128 0xb
 1765 018e 01       		.byte	0x1
 1766 018f 11       		.uleb128 0x11
 1767 0190 01       		.uleb128 0x1
 1768 0191 12       		.uleb128 0x12
 1769 0192 06       		.uleb128 0x6
 1770 0193 01       		.uleb128 0x1
 1771 0194 13       		.uleb128 0x13
 1772 0195 00       		.byte	0
 1773 0196 00       		.byte	0
 1774 0197 1E       		.uleb128 0x1e
 1775 0198 13       		.uleb128 0x13
 1776 0199 01       		.byte	0x1
 1777 019a 0B       		.uleb128 0xb
 1778 019b 0B       		.uleb128 0xb
 1779 019c 3A       		.uleb128 0x3a
 1780 019d 0B       		.uleb128 0xb
 1781 019e 3B       		.uleb128 0x3b
 1782 019f 05       		.uleb128 0x5
 1783 01a0 01       		.uleb128 0x1
 1784 01a1 13       		.uleb128 0x13
 1785 01a2 00       		.byte	0
ARM GAS  C:\Users\PC\AppData\Local\Temp\ccxEDZ41.s 			page 41


 1786 01a3 00       		.byte	0
 1787 01a4 1F       		.uleb128 0x1f
 1788 01a5 0D       		.uleb128 0xd
 1789 01a6 00       		.byte	0
 1790 01a7 03       		.uleb128 0x3
 1791 01a8 0E       		.uleb128 0xe
 1792 01a9 3A       		.uleb128 0x3a
 1793 01aa 0B       		.uleb128 0xb
 1794 01ab 3B       		.uleb128 0x3b
 1795 01ac 05       		.uleb128 0x5
 1796 01ad 49       		.uleb128 0x49
 1797 01ae 13       		.uleb128 0x13
 1798 01af 38       		.uleb128 0x38
 1799 01b0 0B       		.uleb128 0xb
 1800 01b1 00       		.byte	0
 1801 01b2 00       		.byte	0
 1802 01b3 20       		.uleb128 0x20
 1803 01b4 0D       		.uleb128 0xd
 1804 01b5 00       		.byte	0
 1805 01b6 03       		.uleb128 0x3
 1806 01b7 08       		.uleb128 0x8
 1807 01b8 3A       		.uleb128 0x3a
 1808 01b9 0B       		.uleb128 0xb
 1809 01ba 3B       		.uleb128 0x3b
 1810 01bb 05       		.uleb128 0x5
 1811 01bc 49       		.uleb128 0x49
 1812 01bd 13       		.uleb128 0x13
 1813 01be 38       		.uleb128 0x38
 1814 01bf 0B       		.uleb128 0xb
 1815 01c0 00       		.byte	0
 1816 01c1 00       		.byte	0
 1817 01c2 21       		.uleb128 0x21
 1818 01c3 01       		.uleb128 0x1
 1819 01c4 01       		.byte	0x1
 1820 01c5 49       		.uleb128 0x49
 1821 01c6 13       		.uleb128 0x13
 1822 01c7 01       		.uleb128 0x1
 1823 01c8 13       		.uleb128 0x13
 1824 01c9 00       		.byte	0
 1825 01ca 00       		.byte	0
 1826 01cb 22       		.uleb128 0x22
 1827 01cc 21       		.uleb128 0x21
 1828 01cd 00       		.byte	0
 1829 01ce 49       		.uleb128 0x49
 1830 01cf 13       		.uleb128 0x13
 1831 01d0 2F       		.uleb128 0x2f
 1832 01d1 0B       		.uleb128 0xb
 1833 01d2 00       		.byte	0
 1834 01d3 00       		.byte	0
 1835 01d4 23       		.uleb128 0x23
 1836 01d5 34       		.uleb128 0x34
 1837 01d6 00       		.byte	0
 1838 01d7 03       		.uleb128 0x3
 1839 01d8 08       		.uleb128 0x8
 1840 01d9 3A       		.uleb128 0x3a
 1841 01da 0B       		.uleb128 0xb
 1842 01db 3B       		.uleb128 0x3b
ARM GAS  C:\Users\PC\AppData\Local\Temp\ccxEDZ41.s 			page 42


 1843 01dc 05       		.uleb128 0x5
 1844 01dd 49       		.uleb128 0x49
 1845 01de 13       		.uleb128 0x13
 1846 01df 02       		.uleb128 0x2
 1847 01e0 17       		.uleb128 0x17
 1848 01e1 00       		.byte	0
 1849 01e2 00       		.byte	0
 1850 01e3 24       		.uleb128 0x24
 1851 01e4 898201   		.uleb128 0x4109
 1852 01e7 00       		.byte	0
 1853 01e8 11       		.uleb128 0x11
 1854 01e9 01       		.uleb128 0x1
 1855 01ea 31       		.uleb128 0x31
 1856 01eb 13       		.uleb128 0x13
 1857 01ec 00       		.byte	0
 1858 01ed 00       		.byte	0
 1859 01ee 25       		.uleb128 0x25
 1860 01ef 2E       		.uleb128 0x2e
 1861 01f0 00       		.byte	0
 1862 01f1 3F       		.uleb128 0x3f
 1863 01f2 19       		.uleb128 0x19
 1864 01f3 3C       		.uleb128 0x3c
 1865 01f4 19       		.uleb128 0x19
 1866 01f5 6E       		.uleb128 0x6e
 1867 01f6 0E       		.uleb128 0xe
 1868 01f7 03       		.uleb128 0x3
 1869 01f8 0E       		.uleb128 0xe
 1870 01f9 00       		.byte	0
 1871 01fa 00       		.byte	0
 1872 01fb 26       		.uleb128 0x26
 1873 01fc 2E       		.uleb128 0x2e
 1874 01fd 00       		.byte	0
 1875 01fe 3F       		.uleb128 0x3f
 1876 01ff 19       		.uleb128 0x19
 1877 0200 3C       		.uleb128 0x3c
 1878 0201 19       		.uleb128 0x19
 1879 0202 6E       		.uleb128 0x6e
 1880 0203 0E       		.uleb128 0xe
 1881 0204 03       		.uleb128 0x3
 1882 0205 0E       		.uleb128 0xe
 1883 0206 3A       		.uleb128 0x3a
 1884 0207 0B       		.uleb128 0xb
 1885 0208 3B       		.uleb128 0x3b
 1886 0209 0B       		.uleb128 0xb
 1887 020a 00       		.byte	0
 1888 020b 00       		.byte	0
 1889 020c 00       		.byte	0
 1890              		.section	.debug_loc,"",%progbits
 1891              	.Ldebug_loc0:
 1892              	.LLST0:
 1893 0000 02000000 		.4byte	.LVL2
 1894 0004 08000000 		.4byte	.LVL3
 1895 0008 0200     		.2byte	0x2
 1896 000a 30       		.byte	0x30
 1897 000b 9F       		.byte	0x9f
 1898 000c 08000000 		.4byte	.LVL3
 1899 0010 32000000 		.4byte	.LVL11
ARM GAS  C:\Users\PC\AppData\Local\Temp\ccxEDZ41.s 			page 43


 1900 0014 0100     		.2byte	0x1
 1901 0016 57       		.byte	0x57
 1902 0017 00000000 		.4byte	0
 1903 001b 00000000 		.4byte	0
 1904              	.LLST1:
 1905 001f 02000000 		.4byte	.LVL2
 1906 0023 08000000 		.4byte	.LVL3
 1907 0027 0200     		.2byte	0x2
 1908 0029 30       		.byte	0x30
 1909 002a 9F       		.byte	0x9f
 1910 002b 08000000 		.4byte	.LVL3
 1911 002f 34000000 		.4byte	.LFE4
 1912 0033 0100     		.2byte	0x1
 1913 0035 52       		.byte	0x52
 1914 0036 00000000 		.4byte	0
 1915 003a 00000000 		.4byte	0
 1916              	.LLST2:
 1917 003e 0C000000 		.4byte	.LVL4
 1918 0042 2C000000 		.4byte	.LVL10
 1919 0046 0100     		.2byte	0x1
 1920 0048 56       		.byte	0x56
 1921 0049 00000000 		.4byte	0
 1922 004d 00000000 		.4byte	0
 1923              	.LLST3:
 1924 0051 0E000000 		.4byte	.LVL5
 1925 0055 24000000 		.4byte	.LVL8
 1926 0059 0100     		.2byte	0x1
 1927 005b 53       		.byte	0x53
 1928 005c 26000000 		.4byte	.LVL9
 1929 0060 2C000000 		.4byte	.LVL10
 1930 0064 0100     		.2byte	0x1
 1931 0066 53       		.byte	0x53
 1932 0067 00000000 		.4byte	0
 1933 006b 00000000 		.4byte	0
 1934              	.LLST4:
 1935 006f 06000000 		.4byte	.LVL12
 1936 0073 10000000 		.4byte	.LVL13
 1937 0077 0100     		.2byte	0x1
 1938 0079 53       		.byte	0x53
 1939 007a 00000000 		.4byte	0
 1940 007e 00000000 		.4byte	0
 1941              	.LLST5:
 1942 0082 00000000 		.4byte	.LVL14
 1943 0086 09000000 		.4byte	.LVL16-1
 1944 008a 0100     		.2byte	0x1
 1945 008c 50       		.byte	0x50
 1946 008d 09000000 		.4byte	.LVL16-1
 1947 0091 0C000000 		.4byte	.LFE0
 1948 0095 0400     		.2byte	0x4
 1949 0097 F3       		.byte	0xf3
 1950 0098 01       		.uleb128 0x1
 1951 0099 50       		.byte	0x50
 1952 009a 9F       		.byte	0x9f
 1953 009b 00000000 		.4byte	0
 1954 009f 00000000 		.4byte	0
 1955              	.LLST6:
 1956 00a3 00000000 		.4byte	.LVL14
ARM GAS  C:\Users\PC\AppData\Local\Temp\ccxEDZ41.s 			page 44


 1957 00a7 06000000 		.4byte	.LVL15
 1958 00ab 0100     		.2byte	0x1
 1959 00ad 51       		.byte	0x51
 1960 00ae 06000000 		.4byte	.LVL15
 1961 00b2 09000000 		.4byte	.LVL16-1
 1962 00b6 0100     		.2byte	0x1
 1963 00b8 52       		.byte	0x52
 1964 00b9 09000000 		.4byte	.LVL16-1
 1965 00bd 0C000000 		.4byte	.LFE0
 1966 00c1 0400     		.2byte	0x4
 1967 00c3 F3       		.byte	0xf3
 1968 00c4 01       		.uleb128 0x1
 1969 00c5 51       		.byte	0x51
 1970 00c6 9F       		.byte	0x9f
 1971 00c7 00000000 		.4byte	0
 1972 00cb 00000000 		.4byte	0
 1973              	.LLST7:
 1974 00cf 56000000 		.4byte	.LVL17
 1975 00d3 5A000000 		.4byte	.LVL18
 1976 00d7 0200     		.2byte	0x2
 1977 00d9 49       		.byte	0x49
 1978 00da 9F       		.byte	0x9f
 1979 00db 5A000000 		.4byte	.LVL18
 1980 00df AE000000 		.4byte	.LVL24
 1981 00e3 0100     		.2byte	0x1
 1982 00e5 55       		.byte	0x55
 1983 00e6 00000000 		.4byte	0
 1984 00ea 00000000 		.4byte	0
 1985              	.LLST8:
 1986 00ee 56000000 		.4byte	.LVL17
 1987 00f2 5A000000 		.4byte	.LVL18
 1988 00f6 0200     		.2byte	0x2
 1989 00f8 30       		.byte	0x30
 1990 00f9 9F       		.byte	0x9f
 1991 00fa 5A000000 		.4byte	.LVL18
 1992 00fe 66000000 		.4byte	.LVL19
 1993 0102 0100     		.2byte	0x1
 1994 0104 54       		.byte	0x54
 1995 0105 6A000000 		.4byte	.LVL20
 1996 0109 AE000000 		.4byte	.LVL24
 1997 010d 0100     		.2byte	0x1
 1998 010f 54       		.byte	0x54
 1999 0110 00000000 		.4byte	0
 2000 0114 00000000 		.4byte	0
 2001              	.LLST9:
 2002 0118 00000000 		.4byte	.LVL25
 2003 011c 05000000 		.4byte	.LVL26-1
 2004 0120 0100     		.2byte	0x1
 2005 0122 50       		.byte	0x50
 2006 0123 05000000 		.4byte	.LVL26-1
 2007 0127 08000000 		.4byte	.LFE1
 2008 012b 0400     		.2byte	0x4
 2009 012d F3       		.byte	0xf3
 2010 012e 01       		.uleb128 0x1
 2011 012f 50       		.byte	0x50
 2012 0130 9F       		.byte	0x9f
 2013 0131 00000000 		.4byte	0
ARM GAS  C:\Users\PC\AppData\Local\Temp\ccxEDZ41.s 			page 45


 2014 0135 00000000 		.4byte	0
 2015              	.LLST10:
 2016 0139 00000000 		.4byte	.LVL25
 2017 013d 05000000 		.4byte	.LVL26-1
 2018 0141 0100     		.2byte	0x1
 2019 0143 51       		.byte	0x51
 2020 0144 05000000 		.4byte	.LVL26-1
 2021 0148 08000000 		.4byte	.LFE1
 2022 014c 0400     		.2byte	0x4
 2023 014e F3       		.byte	0xf3
 2024 014f 01       		.uleb128 0x1
 2025 0150 51       		.byte	0x51
 2026 0151 9F       		.byte	0x9f
 2027 0152 00000000 		.4byte	0
 2028 0156 00000000 		.4byte	0
 2029              	.LLST11:
 2030 015a 00000000 		.4byte	.LVL25
 2031 015e 05000000 		.4byte	.LVL26-1
 2032 0162 0100     		.2byte	0x1
 2033 0164 52       		.byte	0x52
 2034 0165 05000000 		.4byte	.LVL26-1
 2035 0169 08000000 		.4byte	.LFE1
 2036 016d 0400     		.2byte	0x4
 2037 016f F3       		.byte	0xf3
 2038 0170 01       		.uleb128 0x1
 2039 0171 52       		.byte	0x52
 2040 0172 9F       		.byte	0x9f
 2041 0173 00000000 		.4byte	0
 2042 0177 00000000 		.4byte	0
 2043              	.LLST12:
 2044 017b 0E000000 		.4byte	.LVL29
 2045 017f 12000000 		.4byte	.LVL30
 2046 0183 0200     		.2byte	0x2
 2047 0185 30       		.byte	0x30
 2048 0186 9F       		.byte	0x9f
 2049 0187 12000000 		.4byte	.LVL30
 2050 018b 2A000000 		.4byte	.LVL32
 2051 018f 0100     		.2byte	0x1
 2052 0191 54       		.byte	0x54
 2053 0192 2C000000 		.4byte	.LVL33
 2054 0196 32000000 		.4byte	.LVL34
 2055 019a 0100     		.2byte	0x1
 2056 019c 54       		.byte	0x54
 2057 019d 34000000 		.4byte	.LVL35
 2058 01a1 4A000000 		.4byte	.LVL40
 2059 01a5 0100     		.2byte	0x1
 2060 01a7 54       		.byte	0x54
 2061 01a8 4C000000 		.4byte	.LVL41
 2062 01ac 70000000 		.4byte	.LVL43
 2063 01b0 0100     		.2byte	0x1
 2064 01b2 54       		.byte	0x54
 2065 01b3 00000000 		.4byte	0
 2066 01b7 00000000 		.4byte	0
 2067              	.LLST13:
 2068 01bb 12000000 		.4byte	.LVL30
 2069 01bf 2A000000 		.4byte	.LVL32
 2070 01c3 0B00     		.2byte	0xb
ARM GAS  C:\Users\PC\AppData\Local\Temp\ccxEDZ41.s 			page 46


 2071 01c5 74       		.byte	0x74
 2072 01c6 00       		.sleb128 0
 2073 01c7 36       		.byte	0x36
 2074 01c8 1E       		.byte	0x1e
 2075 01c9 03       		.byte	0x3
 2076 01ca 00000000 		.4byte	cfg_memset_list.5018
 2077 01ce 22       		.byte	0x22
 2078 01cf 9F       		.byte	0x9f
 2079 01d0 2A000000 		.4byte	.LVL32
 2080 01d4 2C000000 		.4byte	.LVL33
 2081 01d8 0B00     		.2byte	0xb
 2082 01da 74       		.byte	0x74
 2083 01db 7F       		.sleb128 -1
 2084 01dc 36       		.byte	0x36
 2085 01dd 1E       		.byte	0x1e
 2086 01de 03       		.byte	0x3
 2087 01df 00000000 		.4byte	cfg_memset_list.5018
 2088 01e3 22       		.byte	0x22
 2089 01e4 9F       		.byte	0x9f
 2090 01e5 00000000 		.4byte	0
 2091 01e9 00000000 		.4byte	0
 2092              	.LLST14:
 2093 01ed 34000000 		.4byte	.LVL35
 2094 01f1 4A000000 		.4byte	.LVL40
 2095 01f5 0B00     		.2byte	0xb
 2096 01f7 74       		.byte	0x74
 2097 01f8 00       		.sleb128 0
 2098 01f9 3A       		.byte	0x3a
 2099 01fa 1E       		.byte	0x1e
 2100 01fb 03       		.byte	0x3
 2101 01fc 2C000000 		.4byte	cfg_memcpy_list.5019
 2102 0200 22       		.byte	0x22
 2103 0201 9F       		.byte	0x9f
 2104 0202 4A000000 		.4byte	.LVL40
 2105 0206 4C000000 		.4byte	.LVL41
 2106 020a 0B00     		.2byte	0xb
 2107 020c 74       		.byte	0x74
 2108 020d 7F       		.sleb128 -1
 2109 020e 3A       		.byte	0x3a
 2110 020f 1E       		.byte	0x1e
 2111 0210 03       		.byte	0x3
 2112 0211 2C000000 		.4byte	cfg_memcpy_list.5019
 2113 0215 22       		.byte	0x22
 2114 0216 9F       		.byte	0x9f
 2115 0217 00000000 		.4byte	0
 2116 021b 00000000 		.4byte	0
 2117              	.LLST15:
 2118 021f 44000000 		.4byte	.LVL38
 2119 0223 47000000 		.4byte	.LVL39-1
 2120 0227 0100     		.2byte	0x1
 2121 0229 50       		.byte	0x50
 2122 022a 00000000 		.4byte	0
 2123 022e 00000000 		.4byte	0
 2124              	.LLST16:
 2125 0232 42000000 		.4byte	.LVL37
 2126 0236 47000000 		.4byte	.LVL39-1
 2127 023a 0100     		.2byte	0x1
ARM GAS  C:\Users\PC\AppData\Local\Temp\ccxEDZ41.s 			page 47


 2128 023c 51       		.byte	0x51
 2129 023d 00000000 		.4byte	0
 2130 0241 00000000 		.4byte	0
 2131              	.LLST17:
 2132 0245 3E000000 		.4byte	.LVL36
 2133 0249 4C000000 		.4byte	.LVL41
 2134 024d 0200     		.2byte	0x2
 2135 024f 36       		.byte	0x36
 2136 0250 9F       		.byte	0x9f
 2137 0251 00000000 		.4byte	0
 2138 0255 00000000 		.4byte	0
 2139              		.section	.debug_aranges,"",%progbits
 2140 0000 54000000 		.4byte	0x54
 2141 0004 0200     		.2byte	0x2
 2142 0006 00000000 		.4byte	.Ldebug_info0
 2143 000a 04       		.byte	0x4
 2144 000b 00       		.byte	0
 2145 000c 0000     		.2byte	0
 2146 000e 0000     		.2byte	0
 2147 0010 00000000 		.4byte	.LFB3
 2148 0014 02000000 		.4byte	.LFE3-.LFB3
 2149 0018 00000000 		.4byte	.LFB4
 2150 001c 34000000 		.4byte	.LFE4-.LFB4
 2151 0020 00000000 		.4byte	.LFB6
 2152 0024 28000000 		.4byte	.LFE6-.LFB6
 2153 0028 00000000 		.4byte	.LFB0
 2154 002c 0C000000 		.4byte	.LFE0-.LFB0
 2155 0030 00000000 		.4byte	.LFB5
 2156 0034 E0000000 		.4byte	.LFE5-.LFB5
 2157 0038 00000000 		.4byte	.LFB1
 2158 003c 08000000 		.4byte	.LFE1-.LFB1
 2159 0040 00000000 		.4byte	.LFB7
 2160 0044 10000000 		.4byte	.LFE7-.LFB7
 2161 0048 00000000 		.4byte	.LFB8
 2162 004c 34010000 		.4byte	.LFE8-.LFB8
 2163 0050 00000000 		.4byte	0
 2164 0054 00000000 		.4byte	0
 2165              		.section	.debug_ranges,"",%progbits
 2166              	.Ldebug_ranges0:
 2167 0000 00000000 		.4byte	.LFB3
 2168 0004 02000000 		.4byte	.LFE3
 2169 0008 00000000 		.4byte	.LFB4
 2170 000c 34000000 		.4byte	.LFE4
 2171 0010 00000000 		.4byte	.LFB6
 2172 0014 28000000 		.4byte	.LFE6
 2173 0018 00000000 		.4byte	.LFB0
 2174 001c 0C000000 		.4byte	.LFE0
 2175 0020 00000000 		.4byte	.LFB5
 2176 0024 E0000000 		.4byte	.LFE5
 2177 0028 00000000 		.4byte	.LFB1
 2178 002c 08000000 		.4byte	.LFE1
 2179 0030 00000000 		.4byte	.LFB7
 2180 0034 10000000 		.4byte	.LFE7
 2181 0038 00000000 		.4byte	.LFB8
 2182 003c 34010000 		.4byte	.LFE8
 2183 0040 00000000 		.4byte	0
 2184 0044 00000000 		.4byte	0
ARM GAS  C:\Users\PC\AppData\Local\Temp\ccxEDZ41.s 			page 48


 2185              		.section	.debug_line,"",%progbits
 2186              	.Ldebug_line0:
 2187 0000 F7010000 		.section	.debug_str,"MS",%progbits,1
 2187      0200D600 
 2187      00000201 
 2187      FB0E0D00 
 2187      01010101 
 2188              	.LASF27:
 2189 0000 636F756E 		.ascii	"count\000"
 2189      7400
 2190              	.LASF14:
 2191 0006 75696E74 		.ascii	"uint16\000"
 2191      313600
 2192              	.LASF26:
 2193 000d 62617365 		.ascii	"baseAddr\000"
 2193      41646472 
 2193      00
 2194              	.LASF12:
 2195 0016 73697A65 		.ascii	"size_t\000"
 2195      5F7400
 2196              	.LASF55:
 2197 001d 4379436C 		.ascii	"CyClockStartupError\000"
 2197      6F636B53 
 2197      74617274 
 2197      75704572 
 2197      726F7200 
 2198              	.LASF25:
 2199 0031 64617461 		.ascii	"data_table\000"
 2199      5F746162 
 2199      6C6500
 2200              	.LASF9:
 2201 003c 6C6F6E67 		.ascii	"long long unsigned int\000"
 2201      206C6F6E 
 2201      6720756E 
 2201      7369676E 
 2201      65642069 
 2202              	.LASF24:
 2203 0053 61646472 		.ascii	"addr_table\000"
 2203      5F746162 
 2203      6C6500
 2204              	.LASF29:
 2205 005e 416E616C 		.ascii	"AnalogSetDefault\000"
 2205      6F675365 
 2205      74446566 
 2205      61756C74 
 2205      00
 2206              	.LASF1:
 2207 006f 6C6F6E67 		.ascii	"long long int\000"
 2207      206C6F6E 
 2207      6720696E 
 2207      7400
 2208              	.LASF3:
 2209 007d 7369676E 		.ascii	"signed char\000"
 2209      65642063 
 2209      68617200 
 2210              	.LASF28:
 2211 0089 6366675F 		.ascii	"cfg_write_bytes32\000"
ARM GAS  C:\Users\PC\AppData\Local\Temp\ccxEDZ41.s 			page 49


 2211      77726974 
 2211      655F6279 
 2211      74657333 
 2211      3200
 2212              	.LASF54:
 2213 009b 433A5C55 		.ascii	"C:\\Users\\PC\\Documents\\PSoC Creator\\RoboticArm\\"
 2213      73657273 
 2213      5C50435C 
 2213      446F6375 
 2213      6D656E74 
 2214 00c9 4D6F746F 		.ascii	"MotorPID.cydsn\000"
 2214      72504944 
 2214      2E637964 
 2214      736E00
 2215              	.LASF32:
 2216 00d8 436C6F63 		.ascii	"ClockSetup\000"
 2216      6B536574 
 2216      757000
 2217              	.LASF23:
 2218 00e3 6572726F 		.ascii	"errorCode\000"
 2218      72436F64 
 2218      6500
 2219              	.LASF7:
 2220 00ed 6C6F6E67 		.ascii	"long int\000"
 2220      20696E74 
 2220      00
 2221              	.LASF19:
 2222 00f6 72656731 		.ascii	"reg16\000"
 2222      3600
 2223              	.LASF51:
 2224 00fc 6D656D63 		.ascii	"memcpy\000"
 2224      707900
 2225              	.LASF13:
 2226 0103 75696E74 		.ascii	"uint8\000"
 2226      3800
 2227              	.LASF17:
 2228 0109 646F7562 		.ascii	"double\000"
 2228      6C6500
 2229              	.LASF31:
 2230 0110 43594D45 		.ascii	"CYMEMZERO\000"
 2230      4D5A4552 
 2230      4F00
 2231              	.LASF15:
 2232 011a 75696E74 		.ascii	"uint32\000"
 2232      333200
 2233              	.LASF38:
 2234 0121 72656756 		.ascii	"regValue\000"
 2234      616C7565 
 2234      00
 2235              	.LASF21:
 2236 012a 76616C75 		.ascii	"value\000"
 2236      6500
 2237              	.LASF0:
 2238 0130 756E7369 		.ascii	"unsigned int\000"
 2238      676E6564 
 2238      20696E74 
 2238      00
ARM GAS  C:\Users\PC\AppData\Local\Temp\ccxEDZ41.s 			page 50


 2239              	.LASF49:
 2240 013d 6E756D42 		.ascii	"numBytes\000"
 2240      79746573 
 2240      00
 2241              	.LASF8:
 2242 0146 6C6F6E67 		.ascii	"long unsigned int\000"
 2242      20756E73 
 2242      69676E65 
 2242      6420696E 
 2242      7400
 2243              	.LASF33:
 2244 0158 74696D65 		.ascii	"timeout\000"
 2244      6F757400 
 2245              	.LASF44:
 2246 0160 6366675F 		.ascii	"cfg_memcpy_t\000"
 2246      6D656D63 
 2246      70795F74 
 2246      00
 2247              	.LASF42:
 2248 016d 73697A65 		.ascii	"size\000"
 2248      00
 2249              	.LASF6:
 2250 0172 73686F72 		.ascii	"short unsigned int\000"
 2250      7420756E 
 2250      7369676E 
 2250      65642069 
 2250      6E7400
 2251              	.LASF10:
 2252 0185 73697A65 		.ascii	"sizetype\000"
 2252      74797065 
 2252      00
 2253              	.LASF2:
 2254 018e 6C6F6E67 		.ascii	"long double\000"
 2254      20646F75 
 2254      626C6500 
 2255              	.LASF30:
 2256 019a 62675F78 		.ascii	"bg_xover_inl_trim\000"
 2256      6F766572 
 2256      5F696E6C 
 2256      5F747269 
 2256      6D00
 2257              	.LASF43:
 2258 01ac 6366675F 		.ascii	"cfg_memset_t\000"
 2258      6D656D73 
 2258      65745F74 
 2258      00
 2259              	.LASF45:
 2260 01b9 6366675F 		.ascii	"cfg_memset_list\000"
 2260      6D656D73 
 2260      65745F6C 
 2260      69737400 
 2261              	.LASF36:
 2262 01c9 64657374 		.ascii	"dest\000"
 2262      00
 2263              	.LASF16:
 2264 01ce 666C6F61 		.ascii	"float\000"
 2264      7400
ARM GAS  C:\Users\PC\AppData\Local\Temp\ccxEDZ41.s 			page 51


 2265              	.LASF56:
 2266 01d4 43794465 		.ascii	"CyDelayCycles\000"
 2266      6C617943 
 2266      79636C65 
 2266      7300
 2267              	.LASF47:
 2268 01e2 64657374 		.ascii	"destPtr\000"
 2268      50747200 
 2269              	.LASF18:
 2270 01ea 72656738 		.ascii	"reg8\000"
 2270      00
 2271              	.LASF4:
 2272 01ef 756E7369 		.ascii	"unsigned char\000"
 2272      676E6564 
 2272      20636861 
 2272      7200
 2273              	.LASF5:
 2274 01fd 73686F72 		.ascii	"short int\000"
 2274      7420696E 
 2274      7400
 2275              	.LASF52:
 2276 0207 474E5520 		.ascii	"GNU C11 5.4.1 20160609 (release) [ARM/embedded-5-br"
 2276      43313120 
 2276      352E342E 
 2276      31203230 
 2276      31363036 
 2277 023a 616E6368 		.ascii	"anch revision 237715] -mcpu=cortex-m3 -mthumb -g -O"
 2277      20726576 
 2277      6973696F 
 2277      6E203233 
 2277      37373135 
 2278 026d 67202D66 		.ascii	"g -ffunction-sections -ffat-lto-objects\000"
 2278      66756E63 
 2278      74696F6E 
 2278      2D736563 
 2278      74696F6E 
 2279              	.LASF34:
 2280 0295 706C6C4C 		.ascii	"pllLock\000"
 2280      6F636B00 
 2281              	.LASF22:
 2282 029d 63795F63 		.ascii	"cy_cfg_addrvalue_t\000"
 2282      66675F61 
 2282      64647276 
 2282      616C7565 
 2282      5F7400
 2283              	.LASF11:
 2284 02b0 63686172 		.ascii	"char\000"
 2284      00
 2285              	.LASF48:
 2286 02b5 73726350 		.ascii	"srcPtr\000"
 2286      747200
 2287              	.LASF39:
 2288 02bc 53657441 		.ascii	"SetAnalogRoutingPumps\000"
 2288      6E616C6F 
 2288      67526F75 
 2288      74696E67 
 2288      50756D70 
ARM GAS  C:\Users\PC\AppData\Local\Temp\ccxEDZ41.s 			page 52


 2289              	.LASF20:
 2290 02d2 6F666673 		.ascii	"offset\000"
 2290      657400
 2291              	.LASF37:
 2292 02d9 656E6162 		.ascii	"enabled\000"
 2292      6C656400 
 2293              	.LASF50:
 2294 02e1 6D656D73 		.ascii	"memset\000"
 2294      657400
 2295              	.LASF35:
 2296 02e8 4359434F 		.ascii	"CYCONFIGCPY\000"
 2296      4E464947 
 2296      43505900 
 2297              	.LASF53:
 2298 02f4 47656E65 		.ascii	"Generated_Source\\PSoC5\\cyfitter_cfg.c\000"
 2298      72617465 
 2298      645F536F 
 2298      75726365 
 2298      5C50536F 
 2299              	.LASF41:
 2300 031a 61646472 		.ascii	"address\000"
 2300      65737300 
 2301              	.LASF46:
 2302 0322 6366675F 		.ascii	"cfg_memcpy_list\000"
 2302      6D656D63 
 2302      70795F6C 
 2302      69737400 
 2303              	.LASF40:
 2304 0332 63796669 		.ascii	"cyfitter_cfg\000"
 2304      74746572 
 2304      5F636667 
 2304      00
 2305              		.ident	"GCC: (GNU Tools for ARM Embedded Processors) 5.4.1 20160609 (release) [ARM/embedded-5-bran
