ARM GAS  C:\Users\PC\AppData\Local\Temp\ccRkcow9.s 			page 1


   1              		.syntax unified
   2              		.cpu cortex-m3
   3              		.fpu softvfp
   4              		.eabi_attribute 20, 1
   5              		.eabi_attribute 21, 1
   6              		.eabi_attribute 23, 3
   7              		.eabi_attribute 24, 1
   8              		.eabi_attribute 25, 1
   9              		.eabi_attribute 26, 1
  10              		.eabi_attribute 30, 1
  11              		.eabi_attribute 34, 1
  12              		.eabi_attribute 18, 4
  13              		.thumb
  14              		.syntax unified
  15              		.file	"cymetadata.c"
  16              		.text
  17              	.Ltext0:
  18              		.cfi_sections	.debug_frame
  19              		.global	cy_metadata
  20              		.global	cy_meta_flashprotect
  21              		.global	cy_meta_wonvl
  22              		.global	cy_meta_custnvl
  23              		.global	cy_meta_configecc
  24              		.section	.cyconfigecc,"a",%progbits
  25              		.align	2
  26              		.type	cy_meta_configecc, %object
  27              		.size	cy_meta_configecc, 2760
  28              	cy_meta_configecc:
  29 0000 01       		.byte	1
  30 0001 4F       		.byte	79
  31 0002 00       		.byte	0
  32 0003 40       		.byte	64
  33 0004 05       		.byte	5
  34 0005 52       		.byte	82
  35 0006 00       		.byte	0
  36 0007 40       		.byte	64
  37 0008 04       		.byte	4
  38 0009 64       		.byte	100
  39 000a 00       		.byte	0
  40 000b 40       		.byte	64
  41 000c 04       		.byte	4
  42 000d 65       		.byte	101
  43 000e 00       		.byte	0
  44 000f 40       		.byte	64
  45 0010 6A       		.byte	106
  46 0011 02       		.byte	2
  47 0012 01       		.byte	1
  48 0013 40       		.byte	64
  49 0014 37       		.byte	55
  50 0015 03       		.byte	3
  51 0016 01       		.byte	1
  52 0017 40       		.byte	64
  53 0018 40       		.byte	64
  54 0019 04       		.byte	4
  55 001a 01       		.byte	1
  56 001b 40       		.byte	64
  57 001c 42       		.byte	66
ARM GAS  C:\Users\PC\AppData\Local\Temp\ccRkcow9.s 			page 2


  58 001d 05       		.byte	5
  59 001e 01       		.byte	1
  60 001f 40       		.byte	64
  61 0020 6E       		.byte	110
  62 0021 06       		.byte	6
  63 0022 01       		.byte	1
  64 0023 40       		.byte	64
  65 0024 44       		.byte	68
  66 0025 07       		.byte	7
  67 0026 01       		.byte	1
  68 0027 40       		.byte	64
  69 0028 03       		.byte	3
  70 0029 09       		.byte	9
  71 002a 01       		.byte	1
  72 002b 40       		.byte	64
  73 002c 08       		.byte	8
  74 002d 0B       		.byte	11
  75 002e 01       		.byte	1
  76 002f 40       		.byte	64
  77 0030 5B       		.byte	91
  78 0031 0C       		.byte	12
  79 0032 01       		.byte	1
  80 0033 40       		.byte	64
  81 0034 42       		.byte	66
  82 0035 0D       		.byte	13
  83 0036 01       		.byte	1
  84 0037 40       		.byte	64
  85 0038 57       		.byte	87
  86 0039 0E       		.byte	14
  87 003a 01       		.byte	1
  88 003b 40       		.byte	64
  89 003c 2E       		.byte	46
  90 003d 0F       		.byte	15
  91 003e 01       		.byte	1
  92 003f 40       		.byte	64
  93 0040 0B       		.byte	11
  94 0041 15       		.byte	21
  95 0042 01       		.byte	1
  96 0043 40       		.byte	64
  97 0044 4B       		.byte	75
  98 0045 16       		.byte	22
  99 0046 01       		.byte	1
 100 0047 40       		.byte	64
 101 0048 3D       		.byte	61
 102 0049 17       		.byte	23
 103 004a 01       		.byte	1
 104 004b 40       		.byte	64
 105 004c 66       		.byte	102
 106 004d 18       		.byte	24
 107 004e 01       		.byte	1
 108 004f 40       		.byte	64
 109 0050 34       		.byte	52
 110 0051 19       		.byte	25
 111 0052 01       		.byte	1
 112 0053 40       		.byte	64
 113 0054 42       		.byte	66
 114 0055 1A       		.byte	26
ARM GAS  C:\Users\PC\AppData\Local\Temp\ccRkcow9.s 			page 3


 115 0056 01       		.byte	1
 116 0057 40       		.byte	64
 117 0058 45       		.byte	69
 118 0059 1B       		.byte	27
 119 005a 01       		.byte	1
 120 005b 40       		.byte	64
 121 005c 02       		.byte	2
 122 005d 40       		.byte	64
 123 005e 01       		.byte	1
 124 005f 40       		.byte	64
 125 0060 0B       		.byte	11
 126 0061 41       		.byte	65
 127 0062 01       		.byte	1
 128 0063 40       		.byte	64
 129 0064 0C       		.byte	12
 130 0065 42       		.byte	66
 131 0066 01       		.byte	1
 132 0067 40       		.byte	64
 133 0068 02       		.byte	2
 134 0069 43       		.byte	67
 135 006a 01       		.byte	1
 136 006b 40       		.byte	64
 137 006c 08       		.byte	8
 138 006d 45       		.byte	69
 139 006e 01       		.byte	1
 140 006f 40       		.byte	64
 141 0070 02       		.byte	2
 142 0071 46       		.byte	70
 143 0072 01       		.byte	1
 144 0073 40       		.byte	64
 145 0074 05       		.byte	5
 146 0075 48       		.byte	72
 147 0076 01       		.byte	1
 148 0077 40       		.byte	64
 149 0078 03       		.byte	3
 150 0079 49       		.byte	73
 151 007a 01       		.byte	1
 152 007b 40       		.byte	64
 153 007c 08       		.byte	8
 154 007d 4D       		.byte	77
 155 007e 01       		.byte	1
 156 007f 40       		.byte	64
 157 0080 0B       		.byte	11
 158 0081 50       		.byte	80
 159 0082 01       		.byte	1
 160 0083 40       		.byte	64
 161 0084 01       		.byte	1
 162 0085 51       		.byte	81
 163 0086 01       		.byte	1
 164 0087 40       		.byte	64
 165 0088 0A       		.byte	10
 166 0089 4B       		.byte	75
 167 008a 00       		.byte	0
 168 008b 10       		.byte	16
 169 008c 01       		.byte	1
 170 008d 08       		.byte	8
 171 008e 10       		.byte	16
ARM GAS  C:\Users\PC\AppData\Local\Temp\ccRkcow9.s 			page 4


 172 008f 06       		.byte	6
 173 0090 11       		.byte	17
 174 0091 05       		.byte	5
 175 0092 78       		.byte	120
 176 0093 01       		.byte	1
 177 0094 83       		.byte	-125
 178 0095 0D       		.byte	13
 179 0096 84       		.byte	-124
 180 0097 6F       		.byte	111
 181 0098 8D       		.byte	-115
 182 0099 0F       		.byte	15
 183 009a 8F       		.byte	-113
 184 009b 0F       		.byte	15
 185 009c 86       		.byte	-122
 186 009d 0F       		.byte	15
 187 009e 87       		.byte	-121
 188 009f 0F       		.byte	15
 189 00a0 89       		.byte	-119
 190 00a1 38       		.byte	56
 191 00a2 8A       		.byte	-118
 192 00a3 72       		.byte	114
 193 00a4 00       		.byte	0
 194 00a5 60       		.byte	96
 195 00a6 02       		.byte	2
 196 00a7 10       		.byte	16
 197 00a8 04       		.byte	4
 198 00a9 44       		.byte	68
 199 00aa 06       		.byte	6
 200 00ab 0A       		.byte	10
 201 00ac 07       		.byte	7
 202 00ad 04       		.byte	4
 203 00ae 0A       		.byte	10
 204 00af 78       		.byte	120
 205 00b0 10       		.byte	16
 206 00b1 02       		.byte	2
 207 00b2 12       		.byte	18
 208 00b3 04       		.byte	4
 209 00b4 13       		.byte	19
 210 00b5 01       		.byte	1
 211 00b6 14       		.byte	20
 212 00b7 58       		.byte	88
 213 00b8 16       		.byte	22
 214 00b9 20       		.byte	32
 215 00ba 17       		.byte	23
 216 00bb 02       		.byte	2
 217 00bc 18       		.byte	24
 218 00bd 60       		.byte	96
 219 00be 1A       		.byte	26
 220 00bf 08       		.byte	8
 221 00c0 1C       		.byte	28
 222 00c1 02       		.byte	2
 223 00c2 1E       		.byte	30
 224 00c3 04       		.byte	4
 225 00c4 22       		.byte	34
 226 00c5 80       		.byte	-128
 227 00c6 24       		.byte	36
 228 00c7 02       		.byte	2
ARM GAS  C:\Users\PC\AppData\Local\Temp\ccRkcow9.s 			page 5


 229 00c8 26       		.byte	38
 230 00c9 04       		.byte	4
 231 00ca 2A       		.byte	42
 232 00cb 01       		.byte	1
 233 00cc 2B       		.byte	43
 234 00cd 04       		.byte	4
 235 00ce 2C       		.byte	44
 236 00cf 38       		.byte	56
 237 00d0 30       		.byte	48
 238 00d1 78       		.byte	120
 239 00d2 31       		.byte	49
 240 00d3 02       		.byte	2
 241 00d4 32       		.byte	50
 242 00d5 80       		.byte	-128
 243 00d6 34       		.byte	52
 244 00d7 06       		.byte	6
 245 00d8 35       		.byte	53
 246 00d9 01       		.byte	1
 247 00da 36       		.byte	54
 248 00db 01       		.byte	1
 249 00dc 37       		.byte	55
 250 00dd 04       		.byte	4
 251 00de 3A       		.byte	58
 252 00df 20       		.byte	32
 253 00e0 40       		.byte	64
 254 00e1 30       		.byte	48
 255 00e2 41       		.byte	65
 256 00e3 06       		.byte	6
 257 00e4 49       		.byte	73
 258 00e5 FF       		.byte	-1
 259 00e6 4A       		.byte	74
 260 00e7 FF       		.byte	-1
 261 00e8 4B       		.byte	75
 262 00e9 FF       		.byte	-1
 263 00ea 4D       		.byte	77
 264 00eb A0       		.byte	-96
 265 00ec 4F       		.byte	79
 266 00ed 04       		.byte	4
 267 00ee 50       		.byte	80
 268 00ef 18       		.byte	24
 269 00f0 52       		.byte	82
 270 00f1 80       		.byte	-128
 271 00f2 58       		.byte	88
 272 00f3 04       		.byte	4
 273 00f4 59       		.byte	89
 274 00f5 04       		.byte	4
 275 00f6 5A       		.byte	90
 276 00f7 04       		.byte	4
 277 00f8 5B       		.byte	91
 278 00f9 04       		.byte	4
 279 00fa 5C       		.byte	92
 280 00fb 99       		.byte	-103
 281 00fc 5D       		.byte	93
 282 00fd 99       		.byte	-103
 283 00fe 5F       		.byte	95
 284 00ff 01       		.byte	1
 285 0100 60       		.byte	96
ARM GAS  C:\Users\PC\AppData\Local\Temp\ccRkcow9.s 			page 6


 286 0101 40       		.byte	64
 287 0102 62       		.byte	98
 288 0103 C0       		.byte	-64
 289 0104 64       		.byte	100
 290 0105 40       		.byte	64
 291 0106 65       		.byte	101
 292 0107 40       		.byte	64
 293 0108 66       		.byte	102
 294 0109 C0       		.byte	-64
 295 010a 68       		.byte	104
 296 010b C0       		.byte	-64
 297 010c 6A       		.byte	106
 298 010d C0       		.byte	-64
 299 010e 6C       		.byte	108
 300 010f C0       		.byte	-64
 301 0110 6E       		.byte	110
 302 0111 C0       		.byte	-64
 303 0112 80       		.byte	-128
 304 0113 02       		.byte	2
 305 0114 81       		.byte	-127
 306 0115 02       		.byte	2
 307 0116 82       		.byte	-126
 308 0117 04       		.byte	4
 309 0118 87       		.byte	-121
 310 0119 0A       		.byte	10
 311 011a 88       		.byte	-120
 312 011b 02       		.byte	2
 313 011c 8A       		.byte	-118
 314 011d 04       		.byte	4
 315 011e 8F       		.byte	-113
 316 011f 04       		.byte	4
 317 0120 96       		.byte	-106
 318 0121 01       		.byte	1
 319 0122 97       		.byte	-105
 320 0123 01       		.byte	1
 321 0124 98       		.byte	-104
 322 0125 04       		.byte	4
 323 0126 9A       		.byte	-102
 324 0127 02       		.byte	2
 325 0128 A4       		.byte	-92
 326 0129 02       		.byte	2
 327 012a A6       		.byte	-90
 328 012b 04       		.byte	4
 329 012c AA       		.byte	-86
 330 012d 01       		.byte	1
 331 012e B1       		.byte	-79
 332 012f 08       		.byte	8
 333 0130 B2       		.byte	-78
 334 0131 01       		.byte	1
 335 0132 B3       		.byte	-77
 336 0133 04       		.byte	4
 337 0134 B4       		.byte	-76
 338 0135 06       		.byte	6
 339 0136 B5       		.byte	-75
 340 0137 01       		.byte	1
 341 0138 B7       		.byte	-73
 342 0139 02       		.byte	2
ARM GAS  C:\Users\PC\AppData\Local\Temp\ccRkcow9.s 			page 7


 343 013a BA       		.byte	-70
 344 013b 20       		.byte	32
 345 013c BE       		.byte	-66
 346 013d 04       		.byte	4
 347 013e C0       		.byte	-64
 348 013f 30       		.byte	48
 349 0140 C1       		.byte	-63
 350 0141 06       		.byte	6
 351 0142 C5       		.byte	-59
 352 0143 D1       		.byte	-47
 353 0144 C7       		.byte	-57
 354 0145 02       		.byte	2
 355 0146 C8       		.byte	-56
 356 0147 13       		.byte	19
 357 0148 C9       		.byte	-55
 358 0149 FF       		.byte	-1
 359 014a CA       		.byte	-54
 360 014b FF       		.byte	-1
 361 014c CB       		.byte	-53
 362 014d FF       		.byte	-1
 363 014e CD       		.byte	-51
 364 014f AF       		.byte	-81
 365 0150 CE       		.byte	-50
 366 0151 0F       		.byte	15
 367 0152 CF       		.byte	-49
 368 0153 04       		.byte	4
 369 0154 D0       		.byte	-48
 370 0155 18       		.byte	24
 371 0156 D4       		.byte	-44
 372 0157 05       		.byte	5
 373 0158 D8       		.byte	-40
 374 0159 04       		.byte	4
 375 015a D9       		.byte	-39
 376 015b 04       		.byte	4
 377 015c DA       		.byte	-38
 378 015d 04       		.byte	4
 379 015e DB       		.byte	-37
 380 015f 04       		.byte	4
 381 0160 DC       		.byte	-36
 382 0161 99       		.byte	-103
 383 0162 DD       		.byte	-35
 384 0163 99       		.byte	-103
 385 0164 DF       		.byte	-33
 386 0165 01       		.byte	1
 387 0166 E0       		.byte	-32
 388 0167 40       		.byte	64
 389 0168 E2       		.byte	-30
 390 0169 C0       		.byte	-64
 391 016a E4       		.byte	-28
 392 016b 40       		.byte	64
 393 016c E5       		.byte	-27
 394 016d 40       		.byte	64
 395 016e E6       		.byte	-26
 396 016f C0       		.byte	-64
 397 0170 E8       		.byte	-24
 398 0171 C0       		.byte	-64
 399 0172 EA       		.byte	-22
ARM GAS  C:\Users\PC\AppData\Local\Temp\ccRkcow9.s 			page 8


 400 0173 C0       		.byte	-64
 401 0174 EC       		.byte	-20
 402 0175 C0       		.byte	-64
 403 0176 EE       		.byte	-18
 404 0177 C0       		.byte	-64
 405 0178 00       		.byte	0
 406 0179 10       		.byte	16
 407 017a 02       		.byte	2
 408 017b 40       		.byte	64
 409 017c 04       		.byte	4
 410 017d 04       		.byte	4
 411 017e 05       		.byte	5
 412 017f 21       		.byte	33
 413 0180 09       		.byte	9
 414 0181 08       		.byte	8
 415 0182 0A       		.byte	10
 416 0183 04       		.byte	4
 417 0184 0D       		.byte	13
 418 0185 12       		.byte	18
 419 0186 0E       		.byte	14
 420 0187 22       		.byte	34
 421 0188 12       		.byte	18
 422 0189 08       		.byte	8
 423 018a 13       		.byte	19
 424 018b 08       		.byte	8
 425 018c 16       		.byte	22
 426 018d 86       		.byte	-122
 427 018e 17       		.byte	23
 428 018f 04       		.byte	4
 429 0190 19       		.byte	25
 430 0191 24       		.byte	36
 431 0192 1A       		.byte	26
 432 0193 04       		.byte	4
 433 0194 1C       		.byte	28
 434 0195 84       		.byte	-124
 435 0196 1D       		.byte	29
 436 0197 09       		.byte	9
 437 0198 1E       		.byte	30
 438 0199 0A       		.byte	10
 439 019a 1F       		.byte	31
 440 019b 28       		.byte	40
 441 019c 20       		.byte	32
 442 019d 10       		.byte	16
 443 019e 21       		.byte	33
 444 019f 01       		.byte	1
 445 01a0 22       		.byte	34
 446 01a1 44       		.byte	68
 447 01a2 23       		.byte	35
 448 01a3 08       		.byte	8
 449 01a4 25       		.byte	37
 450 01a5 42       		.byte	66
 451 01a6 27       		.byte	39
 452 01a7 04       		.byte	4
 453 01a8 2F       		.byte	47
 454 01a9 08       		.byte	8
 455 01aa 32       		.byte	50
 456 01ab 04       		.byte	4
ARM GAS  C:\Users\PC\AppData\Local\Temp\ccRkcow9.s 			page 9


 457 01ac 36       		.byte	54
 458 01ad 01       		.byte	1
 459 01ae 37       		.byte	55
 460 01af 04       		.byte	4
 461 01b0 38       		.byte	56
 462 01b1 80       		.byte	-128
 463 01b2 39       		.byte	57
 464 01b3 02       		.byte	2
 465 01b4 3A       		.byte	58
 466 01b5 40       		.byte	64
 467 01b6 3B       		.byte	59
 468 01b7 04       		.byte	4
 469 01b8 3F       		.byte	63
 470 01b9 04       		.byte	4
 471 01ba 41       		.byte	65
 472 01bb 08       		.byte	8
 473 01bc 45       		.byte	69
 474 01bd 08       		.byte	8
 475 01be 49       		.byte	73
 476 01bf 02       		.byte	2
 477 01c0 4A       		.byte	74
 478 01c1 08       		.byte	8
 479 01c2 4B       		.byte	75
 480 01c3 04       		.byte	4
 481 01c4 4E       		.byte	78
 482 01c5 08       		.byte	8
 483 01c6 52       		.byte	82
 484 01c7 08       		.byte	8
 485 01c8 59       		.byte	89
 486 01c9 06       		.byte	6
 487 01ca 5A       		.byte	90
 488 01cb 80       		.byte	-128
 489 01cc 76       		.byte	118
 490 01cd 80       		.byte	-128
 491 01ce 89       		.byte	-119
 492 01cf 40       		.byte	64
 493 01d0 C0       		.byte	-64
 494 01d1 7A       		.byte	122
 495 01d2 C2       		.byte	-62
 496 01d3 F6       		.byte	-10
 497 01d4 C4       		.byte	-60
 498 01d5 F6       		.byte	-10
 499 01d6 CA       		.byte	-54
 500 01d7 20       		.byte	32
 501 01d8 CC       		.byte	-52
 502 01d9 C2       		.byte	-62
 503 01da CE       		.byte	-50
 504 01db 4B       		.byte	75
 505 01dc D0       		.byte	-48
 506 01dd 42       		.byte	66
 507 01de D2       		.byte	-46
 508 01df 24       		.byte	36
 509 01e0 D6       		.byte	-42
 510 01e1 0B       		.byte	11
 511 01e2 E6       		.byte	-26
 512 01e3 20       		.byte	32
 513 01e4 EE       		.byte	-18
ARM GAS  C:\Users\PC\AppData\Local\Temp\ccRkcow9.s 			page 10


 514 01e5 80       		.byte	-128
 515 01e6 03       		.byte	3
 516 01e7 08       		.byte	8
 517 01e8 04       		.byte	4
 518 01e9 0C       		.byte	12
 519 01ea 09       		.byte	9
 520 01eb 02       		.byte	2
 521 01ec 0A       		.byte	10
 522 01ed 01       		.byte	1
 523 01ee 0C       		.byte	12
 524 01ef 0C       		.byte	12
 525 01f0 10       		.byte	16
 526 01f1 06       		.byte	6
 527 01f2 17       		.byte	23
 528 01f3 04       		.byte	4
 529 01f4 18       		.byte	24
 530 01f5 0A       		.byte	10
 531 01f6 1C       		.byte	28
 532 01f7 01       		.byte	1
 533 01f8 1F       		.byte	31
 534 01f9 01       		.byte	1
 535 01fa 22       		.byte	34
 536 01fb 10       		.byte	16
 537 01fc 2C       		.byte	44
 538 01fd 10       		.byte	16
 539 01fe 30       		.byte	48
 540 01ff 0E       		.byte	14
 541 0200 31       		.byte	49
 542 0201 01       		.byte	1
 543 0202 33       		.byte	51
 544 0203 02       		.byte	2
 545 0204 34       		.byte	52
 546 0205 01       		.byte	1
 547 0206 35       		.byte	53
 548 0207 08       		.byte	8
 549 0208 36       		.byte	54
 550 0209 10       		.byte	16
 551 020a 37       		.byte	55
 552 020b 04       		.byte	4
 553 020c 38       		.byte	56
 554 020d 02       		.byte	2
 555 020e 3E       		.byte	62
 556 020f 50       		.byte	80
 557 0210 3F       		.byte	63
 558 0211 04       		.byte	4
 559 0212 54       		.byte	84
 560 0213 0F       		.byte	15
 561 0214 58       		.byte	88
 562 0215 04       		.byte	4
 563 0216 59       		.byte	89
 564 0217 04       		.byte	4
 565 0218 5B       		.byte	91
 566 0219 04       		.byte	4
 567 021a 5C       		.byte	92
 568 021b 99       		.byte	-103
 569 021c 5D       		.byte	93
 570 021d 90       		.byte	-112
ARM GAS  C:\Users\PC\AppData\Local\Temp\ccRkcow9.s 			page 11


 571 021e 5F       		.byte	95
 572 021f 05       		.byte	5
 573 0220 80       		.byte	-128
 574 0221 A3       		.byte	-93
 575 0222 81       		.byte	-127
 576 0223 02       		.byte	2
 577 0224 82       		.byte	-126
 578 0225 5C       		.byte	92
 579 0226 84       		.byte	-124
 580 0227 C5       		.byte	-59
 581 0228 86       		.byte	-122
 582 0229 3A       		.byte	58
 583 022a 87       		.byte	-121
 584 022b 08       		.byte	8
 585 022c 88       		.byte	-120
 586 022d 0E       		.byte	14
 587 022e 89       		.byte	-119
 588 022f 04       		.byte	4
 589 0230 8A       		.byte	-118
 590 0231 F0       		.byte	-16
 591 0232 8D       		.byte	-115
 592 0233 01       		.byte	1
 593 0234 91       		.byte	-111
 594 0235 04       		.byte	4
 595 0236 94       		.byte	-108
 596 0237 FE       		.byte	-2
 597 0238 95       		.byte	-107
 598 0239 04       		.byte	4
 599 023a 96       		.byte	-106
 600 023b 01       		.byte	1
 601 023c 98       		.byte	-104
 602 023d 96       		.byte	-106
 603 023e 99       		.byte	-103
 604 023f 04       		.byte	4
 605 0240 9A       		.byte	-102
 606 0241 68       		.byte	104
 607 0242 9C       		.byte	-100
 608 0243 7F       		.byte	127
 609 0244 A3       		.byte	-93
 610 0245 10       		.byte	16
 611 0246 A7       		.byte	-89
 612 0247 04       		.byte	4
 613 0248 A9       		.byte	-87
 614 0249 02       		.byte	2
 615 024a AA       		.byte	-86
 616 024b 01       		.byte	1
 617 024c AD       		.byte	-83
 618 024d 02       		.byte	2
 619 024e B1       		.byte	-79
 620 024f 10       		.byte	16
 621 0250 B3       		.byte	-77
 622 0251 0C       		.byte	12
 623 0252 B4       		.byte	-76
 624 0253 FF       		.byte	-1
 625 0254 B5       		.byte	-75
 626 0255 02       		.byte	2
 627 0256 B7       		.byte	-73
ARM GAS  C:\Users\PC\AppData\Local\Temp\ccRkcow9.s 			page 12


 628 0257 01       		.byte	1
 629 0258 B9       		.byte	-71
 630 0259 20       		.byte	32
 631 025a BE       		.byte	-66
 632 025b 10       		.byte	16
 633 025c BF       		.byte	-65
 634 025d 50       		.byte	80
 635 025e D8       		.byte	-40
 636 025f 04       		.byte	4
 637 0260 D9       		.byte	-39
 638 0261 04       		.byte	4
 639 0262 DC       		.byte	-36
 640 0263 90       		.byte	-112
 641 0264 DF       		.byte	-33
 642 0265 01       		.byte	1
 643 0266 00       		.byte	0
 644 0267 80       		.byte	-128
 645 0268 03       		.byte	3
 646 0269 18       		.byte	24
 647 026a 05       		.byte	5
 648 026b 21       		.byte	33
 649 026c 06       		.byte	6
 650 026d 20       		.byte	32
 651 026e 07       		.byte	7
 652 026f 10       		.byte	16
 653 0270 0A       		.byte	10
 654 0271 40       		.byte	64
 655 0272 0B       		.byte	11
 656 0273 09       		.byte	9
 657 0274 0C       		.byte	12
 658 0275 04       		.byte	4
 659 0276 0E       		.byte	14
 660 0277 28       		.byte	40
 661 0278 0F       		.byte	15
 662 0279 02       		.byte	2
 663 027a 10       		.byte	16
 664 027b 80       		.byte	-128
 665 027c 13       		.byte	19
 666 027d 40       		.byte	64
 667 027e 17       		.byte	23
 668 027f 20       		.byte	32
 669 0280 19       		.byte	25
 670 0281 80       		.byte	-128
 671 0282 1A       		.byte	26
 672 0283 44       		.byte	68
 673 0284 1B       		.byte	27
 674 0285 01       		.byte	1
 675 0286 1C       		.byte	28
 676 0287 08       		.byte	8
 677 0288 22       		.byte	34
 678 0289 14       		.byte	20
 679 028a 23       		.byte	35
 680 028b 41       		.byte	65
 681 028c 24       		.byte	36
 682 028d 84       		.byte	-124
 683 028e 26       		.byte	38
 684 028f 80       		.byte	-128
ARM GAS  C:\Users\PC\AppData\Local\Temp\ccRkcow9.s 			page 13


 685 0290 27       		.byte	39
 686 0291 28       		.byte	40
 687 0292 2F       		.byte	47
 688 0293 69       		.byte	105
 689 0294 30       		.byte	48
 690 0295 80       		.byte	-128
 691 0296 33       		.byte	51
 692 0297 08       		.byte	8
 693 0298 34       		.byte	52
 694 0299 04       		.byte	4
 695 029a 35       		.byte	53
 696 029b 21       		.byte	33
 697 029c 3B       		.byte	59
 698 029d 22       		.byte	34
 699 029e 3C       		.byte	60
 700 029f 08       		.byte	8
 701 02a0 3D       		.byte	61
 702 02a1 80       		.byte	-128
 703 02a2 3E       		.byte	62
 704 02a3 22       		.byte	34
 705 02a4 3F       		.byte	63
 706 02a5 02       		.byte	2
 707 02a6 41       		.byte	65
 708 02a7 10       		.byte	16
 709 02a8 43       		.byte	67
 710 02a9 10       		.byte	16
 711 02aa 59       		.byte	89
 712 02ab 90       		.byte	-112
 713 02ac 5A       		.byte	90
 714 02ad 06       		.byte	6
 715 02ae 61       		.byte	97
 716 02af 04       		.byte	4
 717 02b0 62       		.byte	98
 718 02b1 20       		.byte	32
 719 02b2 7B       		.byte	123
 720 02b3 01       		.byte	1
 721 02b4 81       		.byte	-127
 722 02b5 10       		.byte	16
 723 02b6 83       		.byte	-125
 724 02b7 01       		.byte	1
 725 02b8 84       		.byte	-124
 726 02b9 08       		.byte	8
 727 02ba 87       		.byte	-121
 728 02bb 01       		.byte	1
 729 02bc 8B       		.byte	-117
 730 02bd 40       		.byte	64
 731 02be 94       		.byte	-108
 732 02bf 80       		.byte	-128
 733 02c0 95       		.byte	-107
 734 02c1 20       		.byte	32
 735 02c2 99       		.byte	-103
 736 02c3 21       		.byte	33
 737 02c4 9E       		.byte	-98
 738 02c5 02       		.byte	2
 739 02c6 A0       		.byte	-96
 740 02c7 40       		.byte	64
 741 02c8 A2       		.byte	-94
ARM GAS  C:\Users\PC\AppData\Local\Temp\ccRkcow9.s 			page 14


 742 02c9 04       		.byte	4
 743 02ca A3       		.byte	-93
 744 02cb 20       		.byte	32
 745 02cc A6       		.byte	-90
 746 02cd 90       		.byte	-112
 747 02ce AE       		.byte	-82
 748 02cf 80       		.byte	-128
 749 02d0 B6       		.byte	-74
 750 02d1 04       		.byte	4
 751 02d2 C0       		.byte	-64
 752 02d3 77       		.byte	119
 753 02d4 C2       		.byte	-62
 754 02d5 EB       		.byte	-21
 755 02d6 C4       		.byte	-60
 756 02d7 49       		.byte	73
 757 02d8 CA       		.byte	-54
 758 02d9 F0       		.byte	-16
 759 02da CC       		.byte	-52
 760 02db EA       		.byte	-22
 761 02dc CE       		.byte	-50
 762 02dd F5       		.byte	-11
 763 02de D6       		.byte	-42
 764 02df 0F       		.byte	15
 765 02e0 D8       		.byte	-40
 766 02e1 06       		.byte	6
 767 02e2 DE       		.byte	-34
 768 02e3 08       		.byte	8
 769 02e4 E4       		.byte	-28
 770 02e5 80       		.byte	-128
 771 02e6 EA       		.byte	-22
 772 02e7 04       		.byte	4
 773 02e8 EC       		.byte	-20
 774 02e9 10       		.byte	16
 775 02ea 00       		.byte	0
 776 02eb 18       		.byte	24
 777 02ec 02       		.byte	2
 778 02ed 06       		.byte	6
 779 02ee 04       		.byte	4
 780 02ef 14       		.byte	20
 781 02f0 06       		.byte	6
 782 02f1 0A       		.byte	10
 783 02f2 07       		.byte	7
 784 02f3 10       		.byte	16
 785 02f4 08       		.byte	8
 786 02f5 06       		.byte	6
 787 02f6 09       		.byte	9
 788 02f7 0C       		.byte	12
 789 02f8 0A       		.byte	10
 790 02f9 18       		.byte	24
 791 02fa 0B       		.byte	11
 792 02fb 02       		.byte	2
 793 02fc 0C       		.byte	12
 794 02fd 01       		.byte	1
 795 02fe 11       		.byte	17
 796 02ff 0C       		.byte	12
 797 0300 13       		.byte	19
 798 0301 01       		.byte	1
ARM GAS  C:\Users\PC\AppData\Local\Temp\ccRkcow9.s 			page 15


 799 0302 14       		.byte	20
 800 0303 1E       		.byte	30
 801 0304 17       		.byte	23
 802 0305 0F       		.byte	15
 803 0306 18       		.byte	24
 804 0307 0A       		.byte	10
 805 0308 19       		.byte	25
 806 0309 08       		.byte	8
 807 030a 1A       		.byte	26
 808 030b 14       		.byte	20
 809 030c 1B       		.byte	27
 810 030d 01       		.byte	1
 811 030e 1C       		.byte	28
 812 030f 0E       		.byte	14
 813 0310 22       		.byte	34
 814 0311 01       		.byte	1
 815 0312 29       		.byte	41
 816 0313 0B       		.byte	11
 817 0314 2A       		.byte	42
 818 0315 01       		.byte	1
 819 0316 2B       		.byte	43
 820 0317 04       		.byte	4
 821 0318 2D       		.byte	45
 822 0319 07       		.byte	7
 823 031a 30       		.byte	48
 824 031b 01       		.byte	1
 825 031c 32       		.byte	50
 826 031d 1E       		.byte	30
 827 031e 33       		.byte	51
 828 031f 0F       		.byte	15
 829 0320 36       		.byte	54
 830 0321 1E       		.byte	30
 831 0322 37       		.byte	55
 832 0323 10       		.byte	16
 833 0324 3E       		.byte	62
 834 0325 01       		.byte	1
 835 0326 40       		.byte	64
 836 0327 43       		.byte	67
 837 0328 41       		.byte	65
 838 0329 06       		.byte	6
 839 032a 49       		.byte	73
 840 032b FF       		.byte	-1
 841 032c 4A       		.byte	74
 842 032d FF       		.byte	-1
 843 032e 4B       		.byte	75
 844 032f FF       		.byte	-1
 845 0330 4D       		.byte	77
 846 0331 A0       		.byte	-96
 847 0332 4F       		.byte	79
 848 0333 01       		.byte	1
 849 0334 50       		.byte	80
 850 0335 18       		.byte	24
 851 0336 52       		.byte	82
 852 0337 80       		.byte	-128
 853 0338 58       		.byte	88
 854 0339 04       		.byte	4
 855 033a 59       		.byte	89
ARM GAS  C:\Users\PC\AppData\Local\Temp\ccRkcow9.s 			page 16


 856 033b 04       		.byte	4
 857 033c 5A       		.byte	90
 858 033d 04       		.byte	4
 859 033e 5B       		.byte	91
 860 033f 04       		.byte	4
 861 0340 5C       		.byte	92
 862 0341 99       		.byte	-103
 863 0342 5D       		.byte	93
 864 0343 99       		.byte	-103
 865 0344 5F       		.byte	95
 866 0345 01       		.byte	1
 867 0346 60       		.byte	96
 868 0347 40       		.byte	64
 869 0348 62       		.byte	98
 870 0349 80       		.byte	-128
 871 034a 64       		.byte	100
 872 034b 40       		.byte	64
 873 034c 65       		.byte	101
 874 034d 40       		.byte	64
 875 034e 66       		.byte	102
 876 034f 80       		.byte	-128
 877 0350 68       		.byte	104
 878 0351 40       		.byte	64
 879 0352 6A       		.byte	106
 880 0353 80       		.byte	-128
 881 0354 6C       		.byte	108
 882 0355 40       		.byte	64
 883 0356 6D       		.byte	109
 884 0357 20       		.byte	32
 885 0358 6E       		.byte	110
 886 0359 80       		.byte	-128
 887 035a 82       		.byte	-126
 888 035b 08       		.byte	8
 889 035c 84       		.byte	-124
 890 035d 04       		.byte	4
 891 035e 85       		.byte	-123
 892 035f FD       		.byte	-3
 893 0360 87       		.byte	-121
 894 0361 02       		.byte	2
 895 0362 88       		.byte	-120
 896 0363 01       		.byte	1
 897 0364 8A       		.byte	-118
 898 0365 02       		.byte	2
 899 0366 90       		.byte	-112
 900 0367 07       		.byte	7
 901 0368 91       		.byte	-111
 902 0369 CF       		.byte	-49
 903 036a 93       		.byte	-109
 904 036b 30       		.byte	48
 905 036c 95       		.byte	-107
 906 036d 9E       		.byte	-98
 907 036e 97       		.byte	-105
 908 036f 60       		.byte	96
 909 0370 98       		.byte	-104
 910 0371 07       		.byte	7
 911 0372 9B       		.byte	-101
 912 0373 0F       		.byte	15
ARM GAS  C:\Users\PC\AppData\Local\Temp\ccRkcow9.s 			page 17


 913 0374 A5       		.byte	-91
 914 0375 30       		.byte	48
 915 0376 A6       		.byte	-90
 916 0377 07       		.byte	7
 917 0378 A7       		.byte	-89
 918 0379 C9       		.byte	-55
 919 037a A8       		.byte	-88
 920 037b 01       		.byte	1
 921 037c A9       		.byte	-87
 922 037d 94       		.byte	-108
 923 037e AA       		.byte	-86
 924 037f 02       		.byte	2
 925 0380 AB       		.byte	-85
 926 0381 60       		.byte	96
 927 0382 AD       		.byte	-83
 928 0383 73       		.byte	115
 929 0384 AE       		.byte	-82
 930 0385 04       		.byte	4
 931 0386 B4       		.byte	-76
 932 0387 0F       		.byte	15
 933 0388 B7       		.byte	-73
 934 0389 FF       		.byte	-1
 935 038a BF       		.byte	-65
 936 038b 40       		.byte	64
 937 038c C0       		.byte	-64
 938 038d 42       		.byte	66
 939 038e C1       		.byte	-63
 940 038f 06       		.byte	6
 941 0390 C5       		.byte	-59
 942 0391 0E       		.byte	14
 943 0392 C6       		.byte	-58
 944 0393 C4       		.byte	-60
 945 0394 C7       		.byte	-57
 946 0395 23       		.byte	35
 947 0396 C8       		.byte	-56
 948 0397 3D       		.byte	61
 949 0398 C9       		.byte	-55
 950 0399 FF       		.byte	-1
 951 039a CA       		.byte	-54
 952 039b FF       		.byte	-1
 953 039c CB       		.byte	-53
 954 039d FF       		.byte	-1
 955 039e CD       		.byte	-51
 956 039f AF       		.byte	-81
 957 03a0 CE       		.byte	-50
 958 03a1 07       		.byte	7
 959 03a2 CF       		.byte	-49
 960 03a3 01       		.byte	1
 961 03a4 D0       		.byte	-48
 962 03a5 18       		.byte	24
 963 03a6 D8       		.byte	-40
 964 03a7 04       		.byte	4
 965 03a8 D9       		.byte	-39
 966 03a9 04       		.byte	4
 967 03aa DA       		.byte	-38
 968 03ab 04       		.byte	4
 969 03ac DC       		.byte	-36
ARM GAS  C:\Users\PC\AppData\Local\Temp\ccRkcow9.s 			page 18


 970 03ad 09       		.byte	9
 971 03ae DD       		.byte	-35
 972 03af 09       		.byte	9
 973 03b0 DF       		.byte	-33
 974 03b1 01       		.byte	1
 975 03b2 E0       		.byte	-32
 976 03b3 40       		.byte	64
 977 03b4 E2       		.byte	-30
 978 03b5 80       		.byte	-128
 979 03b6 E4       		.byte	-28
 980 03b7 40       		.byte	64
 981 03b8 E5       		.byte	-27
 982 03b9 40       		.byte	64
 983 03ba E6       		.byte	-26
 984 03bb 80       		.byte	-128
 985 03bc E8       		.byte	-24
 986 03bd 40       		.byte	64
 987 03be EA       		.byte	-22
 988 03bf 80       		.byte	-128
 989 03c0 EC       		.byte	-20
 990 03c1 40       		.byte	64
 991 03c2 ED       		.byte	-19
 992 03c3 20       		.byte	32
 993 03c4 EE       		.byte	-18
 994 03c5 80       		.byte	-128
 995 03c6 00       		.byte	0
 996 03c7 02       		.byte	2
 997 03c8 01       		.byte	1
 998 03c9 20       		.byte	32
 999 03ca 03       		.byte	3
 1000 03cb 20       		.byte	32
 1001 03cc 05       		.byte	5
 1002 03cd 21       		.byte	33
 1003 03ce 07       		.byte	7
 1004 03cf 12       		.byte	18
 1005 03d0 0A       		.byte	10
 1006 03d1 40       		.byte	64
 1007 03d2 0B       		.byte	11
 1008 03d3 08       		.byte	8
 1009 03d4 0E       		.byte	14
 1010 03d5 28       		.byte	40
 1011 03d6 0F       		.byte	15
 1012 03d7 02       		.byte	2
 1013 03d8 10       		.byte	16
 1014 03d9 11       		.byte	17
 1015 03da 12       		.byte	18
 1016 03db 08       		.byte	8
 1017 03dc 16       		.byte	22
 1018 03dd 88       		.byte	-120
 1019 03de 17       		.byte	23
 1020 03df 20       		.byte	32
 1021 03e0 19       		.byte	25
 1022 03e1 10       		.byte	16
 1023 03e2 1B       		.byte	27
 1024 03e3 10       		.byte	16
 1025 03e4 1D       		.byte	29
 1026 03e5 02       		.byte	2
ARM GAS  C:\Users\PC\AppData\Local\Temp\ccRkcow9.s 			page 19


 1027 03e6 1E       		.byte	30
 1028 03e7 22       		.byte	34
 1029 03e8 1F       		.byte	31
 1030 03e9 04       		.byte	4
 1031 03ea 20       		.byte	32
 1032 03eb 02       		.byte	2
 1033 03ec 24       		.byte	36
 1034 03ed 10       		.byte	16
 1035 03ee 26       		.byte	38
 1036 03ef 08       		.byte	8
 1037 03f0 27       		.byte	39
 1038 03f1 12       		.byte	18
 1039 03f2 29       		.byte	41
 1040 03f3 20       		.byte	32
 1041 03f4 2B       		.byte	43
 1042 03f5 21       		.byte	33
 1043 03f6 2E       		.byte	46
 1044 03f7 40       		.byte	64
 1045 03f8 2F       		.byte	47
 1046 03f9 04       		.byte	4
 1047 03fa 30       		.byte	48
 1048 03fb 11       		.byte	17
 1049 03fc 31       		.byte	49
 1050 03fd 11       		.byte	17
 1051 03fe 32       		.byte	50
 1052 03ff 08       		.byte	8
 1053 0400 35       		.byte	53
 1054 0401 21       		.byte	33
 1055 0402 36       		.byte	54
 1056 0403 04       		.byte	4
 1057 0404 3B       		.byte	59
 1058 0405 08       		.byte	8
 1059 0406 3C       		.byte	60
 1060 0407 10       		.byte	16
 1061 0408 3E       		.byte	62
 1062 0409 08       		.byte	8
 1063 040a 40       		.byte	64
 1064 040b 04       		.byte	4
 1065 040c 41       		.byte	65
 1066 040d 02       		.byte	2
 1067 040e 45       		.byte	69
 1068 040f 02       		.byte	2
 1069 0410 47       		.byte	71
 1070 0411 08       		.byte	8
 1071 0412 49       		.byte	73
 1072 0413 14       		.byte	20
 1073 0414 4F       		.byte	79
 1074 0415 20       		.byte	32
 1075 0416 50       		.byte	80
 1076 0417 80       		.byte	-128
 1077 0418 52       		.byte	82
 1078 0419 21       		.byte	33
 1079 041a 53       		.byte	83
 1080 041b 09       		.byte	9
 1081 041c 76       		.byte	118
 1082 041d 80       		.byte	-128
 1083 041e 90       		.byte	-112
ARM GAS  C:\Users\PC\AppData\Local\Temp\ccRkcow9.s 			page 20


 1084 041f 04       		.byte	4
 1085 0420 92       		.byte	-110
 1086 0421 68       		.byte	104
 1087 0422 93       		.byte	-109
 1088 0423 40       		.byte	64
 1089 0424 96       		.byte	-106
 1090 0425 02       		.byte	2
 1091 0426 97       		.byte	-105
 1092 0427 2A       		.byte	42
 1093 0428 98       		.byte	-104
 1094 0429 08       		.byte	8
 1095 042a 99       		.byte	-103
 1096 042b 21       		.byte	33
 1097 042c 9B       		.byte	-101
 1098 042d 28       		.byte	40
 1099 042e 9D       		.byte	-99
 1100 042f 04       		.byte	4
 1101 0430 9F       		.byte	-97
 1102 0431 10       		.byte	16
 1103 0432 A2       		.byte	-94
 1104 0433 04       		.byte	4
 1105 0434 A3       		.byte	-93
 1106 0435 21       		.byte	33
 1107 0436 A4       		.byte	-92
 1108 0437 80       		.byte	-128
 1109 0438 A5       		.byte	-91
 1110 0439 40       		.byte	64
 1111 043a A6       		.byte	-90
 1112 043b 30       		.byte	48
 1113 043c A7       		.byte	-89
 1114 043d 08       		.byte	8
 1115 043e C0       		.byte	-64
 1116 043f FE       		.byte	-2
 1117 0440 C2       		.byte	-62
 1118 0441 EA       		.byte	-22
 1119 0442 C4       		.byte	-60
 1120 0443 57       		.byte	87
 1121 0444 CA       		.byte	-54
 1122 0445 3E       		.byte	62
 1123 0446 CC       		.byte	-52
 1124 0447 E7       		.byte	-25
 1125 0448 CE       		.byte	-50
 1126 0449 62       		.byte	98
 1127 044a D0       		.byte	-48
 1128 044b C5       		.byte	-59
 1129 044c D2       		.byte	-46
 1130 044d 24       		.byte	36
 1131 044e 92       		.byte	-110
 1132 044f 80       		.byte	-128
 1133 0450 9D       		.byte	-99
 1134 0451 80       		.byte	-128
 1135 0452 A0       		.byte	-96
 1136 0453 20       		.byte	32
 1137 0454 92       		.byte	-110
 1138 0455 80       		.byte	-128
 1139 0456 9D       		.byte	-99
 1140 0457 80       		.byte	-128
ARM GAS  C:\Users\PC\AppData\Local\Temp\ccRkcow9.s 			page 21


 1141 0458 A0       		.byte	-96
 1142 0459 20       		.byte	32
 1143 045a A8       		.byte	-88
 1144 045b 10       		.byte	16
 1145 045c AC       		.byte	-84
 1146 045d 01       		.byte	1
 1147 045e AD       		.byte	-83
 1148 045f 04       		.byte	4
 1149 0460 E8       		.byte	-24
 1150 0461 08       		.byte	8
 1151 0462 EC       		.byte	-20
 1152 0463 08       		.byte	8
 1153 0464 03       		.byte	3
 1154 0465 01       		.byte	1
 1155 0466 09       		.byte	9
 1156 0467 04       		.byte	4
 1157 0468 0E       		.byte	14
 1158 0469 02       		.byte	2
 1159 046a 0F       		.byte	15
 1160 046b 01       		.byte	1
 1161 046c 11       		.byte	17
 1162 046d 02       		.byte	2
 1163 046e 17       		.byte	23
 1164 046f 02       		.byte	2
 1165 0470 1D       		.byte	29
 1166 0471 02       		.byte	2
 1167 0472 1E       		.byte	30
 1168 0473 01       		.byte	1
 1169 0474 1F       		.byte	31
 1170 0475 04       		.byte	4
 1171 0476 26       		.byte	38
 1172 0477 04       		.byte	4
 1173 0478 29       		.byte	41
 1174 0479 02       		.byte	2
 1175 047a 2A       		.byte	42
 1176 047b 01       		.byte	1
 1177 047c 2F       		.byte	47
 1178 047d 06       		.byte	6
 1179 047e 30       		.byte	48
 1180 047f 01       		.byte	1
 1181 0480 31       		.byte	49
 1182 0481 06       		.byte	6
 1183 0482 32       		.byte	50
 1184 0483 04       		.byte	4
 1185 0484 33       		.byte	51
 1186 0485 01       		.byte	1
 1187 0486 34       		.byte	52
 1188 0487 02       		.byte	2
 1189 0488 3D       		.byte	61
 1190 0489 02       		.byte	2
 1191 048a 3F       		.byte	63
 1192 048b 04       		.byte	4
 1193 048c 40       		.byte	64
 1194 048d 10       		.byte	16
 1195 048e 41       		.byte	65
 1196 048f 03       		.byte	3
 1197 0490 49       		.byte	73
ARM GAS  C:\Users\PC\AppData\Local\Temp\ccRkcow9.s 			page 22


 1198 0491 FF       		.byte	-1
 1199 0492 4A       		.byte	74
 1200 0493 FF       		.byte	-1
 1201 0494 4B       		.byte	75
 1202 0495 FF       		.byte	-1
 1203 0496 4D       		.byte	77
 1204 0497 A0       		.byte	-96
 1205 0498 4F       		.byte	79
 1206 0499 04       		.byte	4
 1207 049a 50       		.byte	80
 1208 049b 18       		.byte	24
 1209 049c 52       		.byte	82
 1210 049d 80       		.byte	-128
 1211 049e 58       		.byte	88
 1212 049f 04       		.byte	4
 1213 04a0 59       		.byte	89
 1214 04a1 04       		.byte	4
 1215 04a2 5A       		.byte	90
 1216 04a3 04       		.byte	4
 1217 04a4 5B       		.byte	91
 1218 04a5 04       		.byte	4
 1219 04a6 5C       		.byte	92
 1220 04a7 99       		.byte	-103
 1221 04a8 5D       		.byte	93
 1222 04a9 93       		.byte	-109
 1223 04aa 5F       		.byte	95
 1224 04ab 01       		.byte	1
 1225 04ac 60       		.byte	96
 1226 04ad 40       		.byte	64
 1227 04ae 62       		.byte	98
 1228 04af C0       		.byte	-64
 1229 04b0 64       		.byte	100
 1230 04b1 40       		.byte	64
 1231 04b2 65       		.byte	101
 1232 04b3 40       		.byte	64
 1233 04b4 66       		.byte	102
 1234 04b5 C0       		.byte	-64
 1235 04b6 68       		.byte	104
 1236 04b7 C0       		.byte	-64
 1237 04b8 6A       		.byte	106
 1238 04b9 C0       		.byte	-64
 1239 04ba 6C       		.byte	108
 1240 04bb C0       		.byte	-64
 1241 04bc 6E       		.byte	110
 1242 04bd C0       		.byte	-64
 1243 04be 82       		.byte	-126
 1244 04bf 02       		.byte	2
 1245 04c0 86       		.byte	-122
 1246 04c1 04       		.byte	4
 1247 04c2 8E       		.byte	-114
 1248 04c3 01       		.byte	1
 1249 04c4 8F       		.byte	-113
 1250 04c5 01       		.byte	1
 1251 04c6 93       		.byte	-109
 1252 04c7 02       		.byte	2
 1253 04c8 94       		.byte	-108
 1254 04c9 03       		.byte	3
ARM GAS  C:\Users\PC\AppData\Local\Temp\ccRkcow9.s 			page 23


 1255 04ca 97       		.byte	-105
 1256 04cb 02       		.byte	2
 1257 04cc 99       		.byte	-103
 1258 04cd 04       		.byte	4
 1259 04ce AE       		.byte	-82
 1260 04cf 04       		.byte	4
 1261 04d0 B0       		.byte	-80
 1262 04d1 03       		.byte	3
 1263 04d2 B1       		.byte	-79
 1264 04d3 01       		.byte	1
 1265 04d4 B3       		.byte	-77
 1266 04d5 02       		.byte	2
 1267 04d6 B4       		.byte	-76
 1268 04d7 04       		.byte	4
 1269 04d8 B7       		.byte	-73
 1270 04d9 04       		.byte	4
 1271 04da BE       		.byte	-66
 1272 04db 10       		.byte	16
 1273 04dc C0       		.byte	-64
 1274 04dd 40       		.byte	64
 1275 04de C1       		.byte	-63
 1276 04df 02       		.byte	2
 1277 04e0 C5       		.byte	-59
 1278 04e1 D1       		.byte	-47
 1279 04e2 C6       		.byte	-58
 1280 04e3 20       		.byte	32
 1281 04e4 C7       		.byte	-57
 1282 04e5 05       		.byte	5
 1283 04e6 C8       		.byte	-56
 1284 04e7 1B       		.byte	27
 1285 04e8 C9       		.byte	-55
 1286 04e9 FF       		.byte	-1
 1287 04ea CA       		.byte	-54
 1288 04eb FF       		.byte	-1
 1289 04ec CB       		.byte	-53
 1290 04ed FF       		.byte	-1
 1291 04ee CD       		.byte	-51
 1292 04ef AF       		.byte	-81
 1293 04f0 CE       		.byte	-50
 1294 04f1 0F       		.byte	15
 1295 04f2 CF       		.byte	-49
 1296 04f3 04       		.byte	4
 1297 04f4 D0       		.byte	-48
 1298 04f5 18       		.byte	24
 1299 04f6 D2       		.byte	-46
 1300 04f7 80       		.byte	-128
 1301 04f8 D4       		.byte	-44
 1302 04f9 07       		.byte	7
 1303 04fa D8       		.byte	-40
 1304 04fb 04       		.byte	4
 1305 04fc D9       		.byte	-39
 1306 04fd 04       		.byte	4
 1307 04fe DA       		.byte	-38
 1308 04ff 04       		.byte	4
 1309 0500 DB       		.byte	-37
 1310 0501 04       		.byte	4
 1311 0502 DC       		.byte	-36
ARM GAS  C:\Users\PC\AppData\Local\Temp\ccRkcow9.s 			page 24


 1312 0503 32       		.byte	50
 1313 0504 DD       		.byte	-35
 1314 0505 33       		.byte	51
 1315 0506 DF       		.byte	-33
 1316 0507 01       		.byte	1
 1317 0508 E0       		.byte	-32
 1318 0509 40       		.byte	64
 1319 050a E2       		.byte	-30
 1320 050b C0       		.byte	-64
 1321 050c E4       		.byte	-28
 1322 050d 40       		.byte	64
 1323 050e E5       		.byte	-27
 1324 050f 40       		.byte	64
 1325 0510 E6       		.byte	-26
 1326 0511 C0       		.byte	-64
 1327 0512 E8       		.byte	-24
 1328 0513 C0       		.byte	-64
 1329 0514 EA       		.byte	-22
 1330 0515 C0       		.byte	-64
 1331 0516 EC       		.byte	-20
 1332 0517 C0       		.byte	-64
 1333 0518 EE       		.byte	-18
 1334 0519 C0       		.byte	-64
 1335 051a 00       		.byte	0
 1336 051b 42       		.byte	66
 1337 051c 02       		.byte	2
 1338 051d 10       		.byte	16
 1339 051e 06       		.byte	6
 1340 051f 02       		.byte	2
 1341 0520 09       		.byte	9
 1342 0521 08       		.byte	8
 1343 0522 0E       		.byte	14
 1344 0523 02       		.byte	2
 1345 0524 13       		.byte	19
 1346 0525 80       		.byte	-128
 1347 0526 15       		.byte	21
 1348 0527 08       		.byte	8
 1349 0528 16       		.byte	22
 1350 0529 08       		.byte	8
 1351 052a 18       		.byte	24
 1352 052b 40       		.byte	64
 1353 052c 1A       		.byte	26
 1354 052d 04       		.byte	4
 1355 052e 1C       		.byte	28
 1356 052f 80       		.byte	-128
 1357 0530 1F       		.byte	31
 1358 0531 18       		.byte	24
 1359 0532 21       		.byte	33
 1360 0533 07       		.byte	7
 1361 0534 22       		.byte	34
 1362 0535 48       		.byte	72
 1363 0536 23       		.byte	35
 1364 0537 80       		.byte	-128
 1365 0538 24       		.byte	36
 1366 0539 20       		.byte	32
 1367 053a 26       		.byte	38
 1368 053b 01       		.byte	1
ARM GAS  C:\Users\PC\AppData\Local\Temp\ccRkcow9.s 			page 25


 1369 053c 27       		.byte	39
 1370 053d 40       		.byte	64
 1371 053e 2E       		.byte	46
 1372 053f 80       		.byte	-128
 1373 0540 2F       		.byte	47
 1374 0541 08       		.byte	8
 1375 0542 30       		.byte	48
 1376 0543 28       		.byte	40
 1377 0544 31       		.byte	49
 1378 0545 02       		.byte	2
 1379 0546 36       		.byte	54
 1380 0547 08       		.byte	8
 1381 0548 37       		.byte	55
 1382 0549 41       		.byte	65
 1383 054a 3B       		.byte	59
 1384 054b 40       		.byte	64
 1385 054c 3C       		.byte	60
 1386 054d 82       		.byte	-126
 1387 054e 3E       		.byte	62
 1388 054f 20       		.byte	32
 1389 0550 41       		.byte	65
 1390 0551 11       		.byte	17
 1391 0552 46       		.byte	70
 1392 0553 10       		.byte	16
 1393 0554 47       		.byte	71
 1394 0555 80       		.byte	-128
 1395 0556 48       		.byte	72
 1396 0557 20       		.byte	32
 1397 0558 49       		.byte	73
 1398 0559 01       		.byte	1
 1399 055a 50       		.byte	80
 1400 055b 08       		.byte	8
 1401 055c 51       		.byte	81
 1402 055d 10       		.byte	16
 1403 055e 52       		.byte	82
 1404 055f 10       		.byte	16
 1405 0560 59       		.byte	89
 1406 0561 81       		.byte	-127
 1407 0562 5A       		.byte	90
 1408 0563 24       		.byte	36
 1409 0564 73       		.byte	115
 1410 0565 40       		.byte	64
 1411 0566 76       		.byte	118
 1412 0567 80       		.byte	-128
 1413 0568 7E       		.byte	126
 1414 0569 01       		.byte	1
 1415 056a 80       		.byte	-128
 1416 056b 40       		.byte	64
 1417 056c 85       		.byte	-123
 1418 056d 08       		.byte	8
 1419 056e 92       		.byte	-110
 1420 056f 22       		.byte	34
 1421 0570 95       		.byte	-107
 1422 0571 02       		.byte	2
 1423 0572 97       		.byte	-105
 1424 0573 20       		.byte	32
 1425 0574 9A       		.byte	-102
ARM GAS  C:\Users\PC\AppData\Local\Temp\ccRkcow9.s 			page 26


 1426 0575 2A       		.byte	42
 1427 0576 9B       		.byte	-101
 1428 0577 01       		.byte	1
 1429 0578 9E       		.byte	-98
 1430 0579 90       		.byte	-112
 1431 057a 9F       		.byte	-97
 1432 057b C0       		.byte	-64
 1433 057c A0       		.byte	-96
 1434 057d 01       		.byte	1
 1435 057e A1       		.byte	-95
 1436 057f 08       		.byte	8
 1437 0580 A4       		.byte	-92
 1438 0581 28       		.byte	40
 1439 0582 A6       		.byte	-90
 1440 0583 01       		.byte	1
 1441 0584 B3       		.byte	-77
 1442 0585 40       		.byte	64
 1443 0586 C0       		.byte	-64
 1444 0587 8D       		.byte	-115
 1445 0588 C2       		.byte	-62
 1446 0589 84       		.byte	-124
 1447 058a C4       		.byte	-60
 1448 058b 61       		.byte	97
 1449 058c CA       		.byte	-54
 1450 058d 30       		.byte	48
 1451 058e CC       		.byte	-52
 1452 058f D7       		.byte	-41
 1453 0590 CE       		.byte	-50
 1454 0591 B8       		.byte	-72
 1455 0592 D0       		.byte	-48
 1456 0593 55       		.byte	85
 1457 0594 D6       		.byte	-42
 1458 0595 0F       		.byte	15
 1459 0596 DE       		.byte	-34
 1460 0597 10       		.byte	16
 1461 0598 E0       		.byte	-32
 1462 0599 02       		.byte	2
 1463 059a E4       		.byte	-28
 1464 059b 04       		.byte	4
 1465 059c EE       		.byte	-18
 1466 059d 80       		.byte	-128
 1467 059e 03       		.byte	3
 1468 059f 01       		.byte	1
 1469 05a0 06       		.byte	6
 1470 05a1 02       		.byte	2
 1471 05a2 0B       		.byte	11
 1472 05a3 02       		.byte	2
 1473 05a4 10       		.byte	16
 1474 05a5 01       		.byte	1
 1475 05a6 17       		.byte	23
 1476 05a7 04       		.byte	4
 1477 05a8 19       		.byte	25
 1478 05a9 01       		.byte	1
 1479 05aa 1F       		.byte	31
 1480 05ab 02       		.byte	2
 1481 05ac 2A       		.byte	42
 1482 05ad 01       		.byte	1
ARM GAS  C:\Users\PC\AppData\Local\Temp\ccRkcow9.s 			page 27


 1483 05ae 2E       		.byte	46
 1484 05af 02       		.byte	2
 1485 05b0 31       		.byte	49
 1486 05b1 04       		.byte	4
 1487 05b2 32       		.byte	50
 1488 05b3 01       		.byte	1
 1489 05b4 33       		.byte	51
 1490 05b5 02       		.byte	2
 1491 05b6 36       		.byte	54
 1492 05b7 02       		.byte	2
 1493 05b8 37       		.byte	55
 1494 05b9 01       		.byte	1
 1495 05ba 3F       		.byte	63
 1496 05bb 04       		.byte	4
 1497 05bc 40       		.byte	64
 1498 05bd 51       		.byte	81
 1499 05be 41       		.byte	65
 1500 05bf 03       		.byte	3
 1501 05c0 49       		.byte	73
 1502 05c1 FF       		.byte	-1
 1503 05c2 4A       		.byte	74
 1504 05c3 FF       		.byte	-1
 1505 05c4 4B       		.byte	75
 1506 05c5 FF       		.byte	-1
 1507 05c6 4D       		.byte	77
 1508 05c7 A0       		.byte	-96
 1509 05c8 4F       		.byte	79
 1510 05c9 04       		.byte	4
 1511 05ca 50       		.byte	80
 1512 05cb 18       		.byte	24
 1513 05cc 58       		.byte	88
 1514 05cd 04       		.byte	4
 1515 05ce 59       		.byte	89
 1516 05cf 04       		.byte	4
 1517 05d0 5A       		.byte	90
 1518 05d1 04       		.byte	4
 1519 05d2 5C       		.byte	92
 1520 05d3 33       		.byte	51
 1521 05d4 5D       		.byte	93
 1522 05d5 09       		.byte	9
 1523 05d6 5F       		.byte	95
 1524 05d7 01       		.byte	1
 1525 05d8 60       		.byte	96
 1526 05d9 40       		.byte	64
 1527 05da 62       		.byte	98
 1528 05db C0       		.byte	-64
 1529 05dc 64       		.byte	100
 1530 05dd 40       		.byte	64
 1531 05de 65       		.byte	101
 1532 05df 40       		.byte	64
 1533 05e0 66       		.byte	102
 1534 05e1 C0       		.byte	-64
 1535 05e2 68       		.byte	104
 1536 05e3 C0       		.byte	-64
 1537 05e4 6A       		.byte	106
 1538 05e5 C0       		.byte	-64
 1539 05e6 6C       		.byte	108
ARM GAS  C:\Users\PC\AppData\Local\Temp\ccRkcow9.s 			page 28


 1540 05e7 C0       		.byte	-64
 1541 05e8 6E       		.byte	110
 1542 05e9 C0       		.byte	-64
 1543 05ea 83       		.byte	-125
 1544 05eb 02       		.byte	2
 1545 05ec 87       		.byte	-121
 1546 05ed 01       		.byte	1
 1547 05ee 8B       		.byte	-117
 1548 05ef 04       		.byte	4
 1549 05f0 8D       		.byte	-115
 1550 05f1 01       		.byte	1
 1551 05f2 93       		.byte	-109
 1552 05f3 04       		.byte	4
 1553 05f4 9D       		.byte	-99
 1554 05f5 04       		.byte	4
 1555 05f6 9E       		.byte	-98
 1556 05f7 01       		.byte	1
 1557 05f8 A5       		.byte	-91
 1558 05f9 02       		.byte	2
 1559 05fa AA       		.byte	-86
 1560 05fb 02       		.byte	2
 1561 05fc AE       		.byte	-82
 1562 05fd 01       		.byte	1
 1563 05fe AF       		.byte	-81
 1564 05ff 04       		.byte	4
 1565 0600 B0       		.byte	-80
 1566 0601 02       		.byte	2
 1567 0602 B1       		.byte	-79
 1568 0603 02       		.byte	2
 1569 0604 B2       		.byte	-78
 1570 0605 01       		.byte	1
 1571 0606 B3       		.byte	-77
 1572 0607 01       		.byte	1
 1573 0608 B7       		.byte	-73
 1574 0609 04       		.byte	4
 1575 060a BB       		.byte	-69
 1576 060b 80       		.byte	-128
 1577 060c BD       		.byte	-67
 1578 060d 8A       		.byte	-118
 1579 060e BE       		.byte	-66
 1580 060f 40       		.byte	64
 1581 0610 C0       		.byte	-64
 1582 0611 15       		.byte	21
 1583 0612 C1       		.byte	-63
 1584 0613 03       		.byte	3
 1585 0614 C5       		.byte	-59
 1586 0615 D0       		.byte	-48
 1587 0616 C6       		.byte	-58
 1588 0617 20       		.byte	32
 1589 0618 C7       		.byte	-57
 1590 0619 15       		.byte	21
 1591 061a C8       		.byte	-56
 1592 061b 3A       		.byte	58
 1593 061c C9       		.byte	-55
 1594 061d FF       		.byte	-1
 1595 061e CA       		.byte	-54
 1596 061f FF       		.byte	-1
ARM GAS  C:\Users\PC\AppData\Local\Temp\ccRkcow9.s 			page 29


 1597 0620 CB       		.byte	-53
 1598 0621 FF       		.byte	-1
 1599 0622 CD       		.byte	-51
 1600 0623 AF       		.byte	-81
 1601 0624 CE       		.byte	-50
 1602 0625 0F       		.byte	15
 1603 0626 CF       		.byte	-49
 1604 0627 04       		.byte	4
 1605 0628 D0       		.byte	-48
 1606 0629 18       		.byte	24
 1607 062a D4       		.byte	-44
 1608 062b 07       		.byte	7
 1609 062c D8       		.byte	-40
 1610 062d 04       		.byte	4
 1611 062e D9       		.byte	-39
 1612 062f 04       		.byte	4
 1613 0630 DA       		.byte	-38
 1614 0631 04       		.byte	4
 1615 0632 DB       		.byte	-37
 1616 0633 04       		.byte	4
 1617 0634 DC       		.byte	-36
 1618 0635 99       		.byte	-103
 1619 0636 DD       		.byte	-35
 1620 0637 99       		.byte	-103
 1621 0638 DF       		.byte	-33
 1622 0639 05       		.byte	5
 1623 063a E0       		.byte	-32
 1624 063b 40       		.byte	64
 1625 063c E2       		.byte	-30
 1626 063d C0       		.byte	-64
 1627 063e E4       		.byte	-28
 1628 063f 40       		.byte	64
 1629 0640 E5       		.byte	-27
 1630 0641 40       		.byte	64
 1631 0642 E6       		.byte	-26
 1632 0643 C0       		.byte	-64
 1633 0644 E8       		.byte	-24
 1634 0645 C0       		.byte	-64
 1635 0646 EA       		.byte	-22
 1636 0647 C0       		.byte	-64
 1637 0648 EC       		.byte	-20
 1638 0649 C0       		.byte	-64
 1639 064a EE       		.byte	-18
 1640 064b C0       		.byte	-64
 1641 064c 02       		.byte	2
 1642 064d 10       		.byte	16
 1643 064e 0B       		.byte	11
 1644 064f 40       		.byte	64
 1645 0650 0E       		.byte	14
 1646 0651 02       		.byte	2
 1647 0652 10       		.byte	16
 1648 0653 08       		.byte	8
 1649 0654 13       		.byte	19
 1650 0655 80       		.byte	-128
 1651 0656 16       		.byte	22
 1652 0657 0A       		.byte	10
 1653 0658 1A       		.byte	26
ARM GAS  C:\Users\PC\AppData\Local\Temp\ccRkcow9.s 			page 30


 1654 0659 23       		.byte	35
 1655 065a 1D       		.byte	29
 1656 065b 08       		.byte	8
 1657 065c 1E       		.byte	30
 1658 065d 40       		.byte	64
 1659 065e 1F       		.byte	31
 1660 065f 40       		.byte	64
 1661 0660 20       		.byte	32
 1662 0661 02       		.byte	2
 1663 0662 22       		.byte	34
 1664 0663 08       		.byte	8
 1665 0664 23       		.byte	35
 1666 0665 40       		.byte	64
 1667 0666 24       		.byte	36
 1668 0667 40       		.byte	64
 1669 0668 26       		.byte	38
 1670 0669 80       		.byte	-128
 1671 066a 27       		.byte	39
 1672 066b 21       		.byte	33
 1673 066c 2E       		.byte	46
 1674 066d 80       		.byte	-128
 1675 066e 2F       		.byte	47
 1676 066f 10       		.byte	16
 1677 0670 30       		.byte	48
 1678 0671 28       		.byte	40
 1679 0672 33       		.byte	51
 1680 0673 40       		.byte	64
 1681 0674 36       		.byte	54
 1682 0675 81       		.byte	-127
 1683 0676 39       		.byte	57
 1684 0677 02       		.byte	2
 1685 0678 3A       		.byte	58
 1686 0679 20       		.byte	32
 1687 067a 3E       		.byte	62
 1688 067b 6A       		.byte	106
 1689 067c 42       		.byte	66
 1690 067d 21       		.byte	33
 1691 067e 46       		.byte	70
 1692 067f 20       		.byte	32
 1693 0680 47       		.byte	71
 1694 0681 40       		.byte	64
 1695 0682 4A       		.byte	74
 1696 0683 0D       		.byte	13
 1697 0684 4D       		.byte	77
 1698 0685 01       		.byte	1
 1699 0686 4E       		.byte	78
 1700 0687 01       		.byte	1
 1701 0688 56       		.byte	86
 1702 0689 2A       		.byte	42
 1703 068a 5C       		.byte	92
 1704 068b 40       		.byte	64
 1705 068c 5D       		.byte	93
 1706 068d 01       		.byte	1
 1707 068e 5E       		.byte	94
 1708 068f 08       		.byte	8
 1709 0690 5F       		.byte	95
 1710 0691 20       		.byte	32
ARM GAS  C:\Users\PC\AppData\Local\Temp\ccRkcow9.s 			page 31


 1711 0692 7E       		.byte	126
 1712 0693 01       		.byte	1
 1713 0694 C0       		.byte	-64
 1714 0695 04       		.byte	4
 1715 0696 C2       		.byte	-62
 1716 0697 88       		.byte	-120
 1717 0698 C4       		.byte	-60
 1718 0699 C3       		.byte	-61
 1719 069a CA       		.byte	-54
 1720 069b 50       		.byte	80
 1721 069c CC       		.byte	-52
 1722 069d 9E       		.byte	-98
 1723 069e CE       		.byte	-50
 1724 069f F5       		.byte	-11
 1725 06a0 D0       		.byte	-48
 1726 06a1 5A       		.byte	90
 1727 06a2 D2       		.byte	-46
 1728 06a3 18       		.byte	24
 1729 06a4 D6       		.byte	-42
 1730 06a5 F0       		.byte	-16
 1731 06a6 DE       		.byte	-34
 1732 06a7 10       		.byte	16
 1733 06a8 89       		.byte	-119
 1734 06a9 40       		.byte	64
 1735 06aa A1       		.byte	-95
 1736 06ab 40       		.byte	64
 1737 06ac A9       		.byte	-87
 1738 06ad 40       		.byte	64
 1739 06ae AF       		.byte	-81
 1740 06af 12       		.byte	18
 1741 06b0 B1       		.byte	-79
 1742 06b1 28       		.byte	40
 1743 06b2 B3       		.byte	-77
 1744 06b3 02       		.byte	2
 1745 06b4 B4       		.byte	-76
 1746 06b5 82       		.byte	-126
 1747 06b6 B5       		.byte	-75
 1748 06b7 16       		.byte	22
 1749 06b8 B7       		.byte	-73
 1750 06b9 10       		.byte	16
 1751 06ba E6       		.byte	-26
 1752 06bb 20       		.byte	32
 1753 06bc EE       		.byte	-18
 1754 06bd 04       		.byte	4
 1755 06be 0B       		.byte	11
 1756 06bf 02       		.byte	2
 1757 06c0 0D       		.byte	13
 1758 06c1 02       		.byte	2
 1759 06c2 10       		.byte	16
 1760 06c3 01       		.byte	1
 1761 06c4 14       		.byte	20
 1762 06c5 01       		.byte	1
 1763 06c6 17       		.byte	23
 1764 06c7 02       		.byte	2
 1765 06c8 26       		.byte	38
 1766 06c9 01       		.byte	1
 1767 06ca 29       		.byte	41
ARM GAS  C:\Users\PC\AppData\Local\Temp\ccRkcow9.s 			page 32


 1768 06cb 01       		.byte	1
 1769 06cc 2D       		.byte	45
 1770 06cd 01       		.byte	1
 1771 06ce 32       		.byte	50
 1772 06cf 01       		.byte	1
 1773 06d0 35       		.byte	53
 1774 06d1 01       		.byte	1
 1775 06d2 37       		.byte	55
 1776 06d3 02       		.byte	2
 1777 06d4 39       		.byte	57
 1778 06d5 20       		.byte	32
 1779 06d6 3E       		.byte	62
 1780 06d7 04       		.byte	4
 1781 06d8 3F       		.byte	63
 1782 06d9 40       		.byte	64
 1783 06da 54       		.byte	84
 1784 06db 0F       		.byte	15
 1785 06dc 56       		.byte	86
 1786 06dd 04       		.byte	4
 1787 06de 58       		.byte	88
 1788 06df 04       		.byte	4
 1789 06e0 59       		.byte	89
 1790 06e1 04       		.byte	4
 1791 06e2 5B       		.byte	91
 1792 06e3 04       		.byte	4
 1793 06e4 5C       		.byte	92
 1794 06e5 90       		.byte	-112
 1795 06e6 5D       		.byte	93
 1796 06e7 90       		.byte	-112
 1797 06e8 5F       		.byte	95
 1798 06e9 01       		.byte	1
 1799 06ea 82       		.byte	-126
 1800 06eb 40       		.byte	64
 1801 06ec 89       		.byte	-119
 1802 06ed 01       		.byte	1
 1803 06ee 8B       		.byte	-117
 1804 06ef 0E       		.byte	14
 1805 06f0 8E       		.byte	-114
 1806 06f1 48       		.byte	72
 1807 06f2 8F       		.byte	-113
 1808 06f3 0C       		.byte	12
 1809 06f4 90       		.byte	-112
 1810 06f5 13       		.byte	19
 1811 06f6 92       		.byte	-110
 1812 06f7 64       		.byte	100
 1813 06f8 93       		.byte	-109
 1814 06f9 03       		.byte	3
 1815 06fa 95       		.byte	-107
 1816 06fb 0C       		.byte	12
 1817 06fc 97       		.byte	-105
 1818 06fd 03       		.byte	3
 1819 06fe 98       		.byte	-104
 1820 06ff 13       		.byte	19
 1821 0700 99       		.byte	-103
 1822 0701 10       		.byte	16
 1823 0702 9A       		.byte	-102
 1824 0703 2C       		.byte	44
ARM GAS  C:\Users\PC\AppData\Local\Temp\ccRkcow9.s 			page 33


 1825 0704 A0       		.byte	-96
 1826 0705 03       		.byte	3
 1827 0706 A2       		.byte	-94
 1828 0707 14       		.byte	20
 1829 0708 A3       		.byte	-93
 1830 0709 10       		.byte	16
 1831 070a A6       		.byte	-90
 1832 070b 35       		.byte	53
 1833 070c A8       		.byte	-88
 1834 070d 4A       		.byte	74
 1835 070e AA       		.byte	-86
 1836 070f 34       		.byte	52
 1837 0710 AB       		.byte	-85
 1838 0711 08       		.byte	8
 1839 0712 AD       		.byte	-83
 1840 0713 01       		.byte	1
 1841 0714 AF       		.byte	-81
 1842 0715 06       		.byte	6
 1843 0716 B0       		.byte	-80
 1844 0717 0F       		.byte	15
 1845 0718 B1       		.byte	-79
 1846 0719 10       		.byte	16
 1847 071a B2       		.byte	-78
 1848 071b 68       		.byte	104
 1849 071c B3       		.byte	-77
 1850 071d 0F       		.byte	15
 1851 071e B6       		.byte	-74
 1852 071f 10       		.byte	16
 1853 0720 BA       		.byte	-70
 1854 0721 0A       		.byte	10
 1855 0722 BB       		.byte	-69
 1856 0723 08       		.byte	8
 1857 0724 BE       		.byte	-66
 1858 0725 40       		.byte	64
 1859 0726 BF       		.byte	-65
 1860 0727 01       		.byte	1
 1861 0728 C0       		.byte	-64
 1862 0729 45       		.byte	69
 1863 072a C1       		.byte	-63
 1864 072b 03       		.byte	3
 1865 072c C5       		.byte	-59
 1866 072d 0B       		.byte	11
 1867 072e C6       		.byte	-58
 1868 072f EC       		.byte	-20
 1869 0730 C8       		.byte	-56
 1870 0731 0D       		.byte	13
 1871 0732 C9       		.byte	-55
 1872 0733 FF       		.byte	-1
 1873 0734 CA       		.byte	-54
 1874 0735 FF       		.byte	-1
 1875 0736 CB       		.byte	-53
 1876 0737 FF       		.byte	-1
 1877 0738 CE       		.byte	-50
 1878 0739 F0       		.byte	-16
 1879 073a CF       		.byte	-49
 1880 073b 44       		.byte	68
 1881 073c D0       		.byte	-48
ARM GAS  C:\Users\PC\AppData\Local\Temp\ccRkcow9.s 			page 34


 1882 073d 0C       		.byte	12
 1883 073e D4       		.byte	-44
 1884 073f 01       		.byte	1
 1885 0740 D8       		.byte	-40
 1886 0741 04       		.byte	4
 1887 0742 D9       		.byte	-39
 1888 0743 04       		.byte	4
 1889 0744 DA       		.byte	-38
 1890 0745 04       		.byte	4
 1891 0746 DB       		.byte	-37
 1892 0747 04       		.byte	4
 1893 0748 DC       		.byte	-36
 1894 0749 11       		.byte	17
 1895 074a DD       		.byte	-35
 1896 074b 11       		.byte	17
 1897 074c DF       		.byte	-33
 1898 074d 01       		.byte	1
 1899 074e E6       		.byte	-26
 1900 074f C0       		.byte	-64
 1901 0750 EA       		.byte	-22
 1902 0751 40       		.byte	64
 1903 0752 EB       		.byte	-21
 1904 0753 02       		.byte	2
 1905 0754 01       		.byte	1
 1906 0755 42       		.byte	66
 1907 0756 08       		.byte	8
 1908 0757 02       		.byte	2
 1909 0758 09       		.byte	9
 1910 0759 20       		.byte	32
 1911 075a 0F       		.byte	15
 1912 075b 60       		.byte	96
 1913 075c 10       		.byte	16
 1914 075d A0       		.byte	-96
 1915 075e 12       		.byte	18
 1916 075f 08       		.byte	8
 1917 0760 17       		.byte	23
 1918 0761 08       		.byte	8
 1919 0762 19       		.byte	25
 1920 0763 44       		.byte	68
 1921 0764 1A       		.byte	26
 1922 0765 10       		.byte	16
 1923 0766 1B       		.byte	27
 1924 0767 02       		.byte	2
 1925 0768 1E       		.byte	30
 1926 0769 20       		.byte	32
 1927 076a 21       		.byte	33
 1928 076b 08       		.byte	8
 1929 076c 22       		.byte	34
 1930 076d 09       		.byte	9
 1931 076e 26       		.byte	38
 1932 076f 40       		.byte	64
 1933 0770 27       		.byte	39
 1934 0771 08       		.byte	8
 1935 0772 29       		.byte	41
 1936 0773 10       		.byte	16
 1937 0774 2A       		.byte	42
 1938 0775 01       		.byte	1
ARM GAS  C:\Users\PC\AppData\Local\Temp\ccRkcow9.s 			page 35


 1939 0776 2B       		.byte	43
 1940 0777 02       		.byte	2
 1941 0778 2F       		.byte	47
 1942 0779 09       		.byte	9
 1943 077a 31       		.byte	49
 1944 077b 08       		.byte	8
 1945 077c 32       		.byte	50
 1946 077d 12       		.byte	18
 1947 077e 37       		.byte	55
 1948 077f 08       		.byte	8
 1949 0780 39       		.byte	57
 1950 0781 40       		.byte	64
 1951 0782 3A       		.byte	58
 1952 0783 20       		.byte	32
 1953 0784 3F       		.byte	63
 1954 0785 60       		.byte	96
 1955 0786 42       		.byte	66
 1956 0787 30       		.byte	48
 1957 0788 43       		.byte	67
 1958 0789 02       		.byte	2
 1959 078a 48       		.byte	72
 1960 078b 10       		.byte	16
 1961 078c 4A       		.byte	74
 1962 078d 02       		.byte	2
 1963 078e 50       		.byte	80
 1964 078f 80       		.byte	-128
 1965 0790 53       		.byte	83
 1966 0791 10       		.byte	16
 1967 0792 59       		.byte	89
 1968 0793 40       		.byte	64
 1969 0794 5A       		.byte	90
 1970 0795 08       		.byte	8
 1971 0796 5B       		.byte	91
 1972 0797 12       		.byte	18
 1973 0798 5C       		.byte	92
 1974 0799 08       		.byte	8
 1975 079a 5E       		.byte	94
 1976 079b A2       		.byte	-94
 1977 079c 64       		.byte	100
 1978 079d 80       		.byte	-128
 1979 079e 6D       		.byte	109
 1980 079f 80       		.byte	-128
 1981 07a0 80       		.byte	-128
 1982 07a1 20       		.byte	32
 1983 07a2 82       		.byte	-126
 1984 07a3 02       		.byte	2
 1985 07a4 88       		.byte	-120
 1986 07a5 90       		.byte	-112
 1987 07a6 92       		.byte	-110
 1988 07a7 28       		.byte	40
 1989 07a8 93       		.byte	-109
 1990 07a9 42       		.byte	66
 1991 07aa 96       		.byte	-106
 1992 07ab 02       		.byte	2
 1993 07ac 97       		.byte	-105
 1994 07ad 20       		.byte	32
 1995 07ae 98       		.byte	-104
ARM GAS  C:\Users\PC\AppData\Local\Temp\ccRkcow9.s 			page 36


 1996 07af 08       		.byte	8
 1997 07b0 9A       		.byte	-102
 1998 07b1 01       		.byte	1
 1999 07b2 A2       		.byte	-94
 2000 07b3 01       		.byte	1
 2001 07b4 A3       		.byte	-93
 2002 07b5 18       		.byte	24
 2003 07b6 A5       		.byte	-91
 2004 07b7 40       		.byte	64
 2005 07b8 C0       		.byte	-64
 2006 07b9 09       		.byte	9
 2007 07ba C2       		.byte	-62
 2008 07bb 3A       		.byte	58
 2009 07bc C4       		.byte	-60
 2010 07bd 2E       		.byte	46
 2011 07be CA       		.byte	-54
 2012 07bf 3D       		.byte	61
 2013 07c0 CC       		.byte	-52
 2014 07c1 47       		.byte	71
 2015 07c2 CE       		.byte	-50
 2016 07c3 3C       		.byte	60
 2017 07c4 D0       		.byte	-48
 2018 07c5 03       		.byte	3
 2019 07c6 D2       		.byte	-46
 2020 07c7 08       		.byte	8
 2021 07c8 D6       		.byte	-42
 2022 07c9 FF       		.byte	-1
 2023 07ca D8       		.byte	-40
 2024 07cb 80       		.byte	-128
 2025 07cc E2       		.byte	-30
 2026 07cd 21       		.byte	33
 2027 07ce 03       		.byte	3
 2028 07cf 20       		.byte	32
 2029 07d0 04       		.byte	4
 2030 07d1 01       		.byte	1
 2031 07d2 05       		.byte	5
 2032 07d3 6C       		.byte	108
 2033 07d4 07       		.byte	7
 2034 07d5 11       		.byte	17
 2035 07d6 08       		.byte	8
 2036 07d7 01       		.byte	1
 2037 07d8 09       		.byte	9
 2038 07d9 14       		.byte	20
 2039 07da 17       		.byte	23
 2040 07db 03       		.byte	3
 2041 07dc 19       		.byte	25
 2042 07dd 5C       		.byte	92
 2043 07de 1B       		.byte	27
 2044 07df 02       		.byte	2
 2045 07e0 1C       		.byte	28
 2046 07e1 02       		.byte	2
 2047 07e2 21       		.byte	33
 2048 07e3 10       		.byte	16
 2049 07e4 25       		.byte	37
 2050 07e5 09       		.byte	9
 2051 07e6 27       		.byte	39
 2052 07e7 10       		.byte	16
ARM GAS  C:\Users\PC\AppData\Local\Temp\ccRkcow9.s 			page 37


 2053 07e8 29       		.byte	41
 2054 07e9 70       		.byte	112
 2055 07ea 2A       		.byte	42
 2056 07eb 01       		.byte	1
 2057 07ec 2B       		.byte	43
 2058 07ed 0C       		.byte	12
 2059 07ee 33       		.byte	51
 2060 07ef 60       		.byte	96
 2061 07f0 34       		.byte	52
 2062 07f1 03       		.byte	3
 2063 07f2 35       		.byte	53
 2064 07f3 1F       		.byte	31
 2065 07f4 38       		.byte	56
 2066 07f5 20       		.byte	32
 2067 07f6 39       		.byte	57
 2068 07f7 08       		.byte	8
 2069 07f8 3F       		.byte	63
 2070 07f9 04       		.byte	4
 2071 07fa 40       		.byte	64
 2072 07fb 02       		.byte	2
 2073 07fc 47       		.byte	71
 2074 07fd 04       		.byte	4
 2075 07fe 49       		.byte	73
 2076 07ff FF       		.byte	-1
 2077 0800 4A       		.byte	74
 2078 0801 07       		.byte	7
 2079 0802 4B       		.byte	75
 2080 0803 FF       		.byte	-1
 2081 0804 4C       		.byte	76
 2082 0805 40       		.byte	64
 2083 0806 4D       		.byte	77
 2084 0807 20       		.byte	32
 2085 0808 4E       		.byte	78
 2086 0809 F0       		.byte	-16
 2087 080a 4F       		.byte	79
 2088 080b 05       		.byte	5
 2089 080c 50       		.byte	80
 2090 080d 08       		.byte	8
 2091 080e 58       		.byte	88
 2092 080f 04       		.byte	4
 2093 0810 59       		.byte	89
 2094 0811 04       		.byte	4
 2095 0812 5A       		.byte	90
 2096 0813 04       		.byte	4
 2097 0814 5C       		.byte	92
 2098 0815 11       		.byte	17
 2099 0816 5D       		.byte	93
 2100 0817 01       		.byte	1
 2101 0818 5F       		.byte	95
 2102 0819 01       		.byte	1
 2103 081a 60       		.byte	96
 2104 081b 40       		.byte	64
 2105 081c 61       		.byte	97
 2106 081d A8       		.byte	-88
 2107 081e 62       		.byte	98
 2108 081f 40       		.byte	64
 2109 0820 63       		.byte	99
ARM GAS  C:\Users\PC\AppData\Local\Temp\ccRkcow9.s 			page 38


 2110 0821 20       		.byte	32
 2111 0822 86       		.byte	-122
 2112 0823 02       		.byte	2
 2113 0824 87       		.byte	-121
 2114 0825 33       		.byte	51
 2115 0826 89       		.byte	-119
 2116 0827 33       		.byte	51
 2117 0828 8B       		.byte	-117
 2118 0829 0C       		.byte	12
 2119 082a 8D       		.byte	-115
 2120 082b 33       		.byte	51
 2121 082c 8F       		.byte	-113
 2122 082d 80       		.byte	-128
 2123 082e 90       		.byte	-112
 2124 082f 01       		.byte	1
 2125 0830 91       		.byte	-111
 2126 0831 3F       		.byte	63
 2127 0832 95       		.byte	-107
 2128 0833 0C       		.byte	12
 2129 0834 99       		.byte	-103
 2130 0835 04       		.byte	4
 2131 0836 9D       		.byte	-99
 2132 0837 0C       		.byte	12
 2133 0838 9F       		.byte	-97
 2134 0839 33       		.byte	51
 2135 083a A1       		.byte	-95
 2136 083b 08       		.byte	8
 2137 083c A2       		.byte	-94
 2138 083d 02       		.byte	2
 2139 083e A4       		.byte	-92
 2140 083f 01       		.byte	1
 2141 0840 A5       		.byte	-91
 2142 0841 22       		.byte	34
 2143 0842 A7       		.byte	-89
 2144 0843 40       		.byte	64
 2145 0844 A9       		.byte	-87
 2146 0845 0F       		.byte	15
 2147 0846 AB       		.byte	-85
 2148 0847 30       		.byte	48
 2149 0848 AD       		.byte	-83
 2150 0849 11       		.byte	17
 2151 084a AF       		.byte	-81
 2152 084b 40       		.byte	64
 2153 084c B0       		.byte	-80
 2154 084d 02       		.byte	2
 2155 084e B1       		.byte	-79
 2156 084f 30       		.byte	48
 2157 0850 B5       		.byte	-75
 2158 0851 0F       		.byte	15
 2159 0852 B6       		.byte	-74
 2160 0853 01       		.byte	1
 2161 0854 B7       		.byte	-73
 2162 0855 C0       		.byte	-64
 2163 0856 BB       		.byte	-69
 2164 0857 20       		.byte	32
 2165 0858 BE       		.byte	-66
 2166 0859 01       		.byte	1
ARM GAS  C:\Users\PC\AppData\Local\Temp\ccRkcow9.s 			page 39


 2167 085a BF       		.byte	-65
 2168 085b 40       		.byte	64
 2169 085c C0       		.byte	-64
 2170 085d 62       		.byte	98
 2171 085e C1       		.byte	-63
 2172 085f 04       		.byte	4
 2173 0860 C2       		.byte	-62
 2174 0861 03       		.byte	3
 2175 0862 C4       		.byte	-60
 2176 0863 05       		.byte	5
 2177 0864 C5       		.byte	-59
 2178 0865 C0       		.byte	-64
 2179 0866 C6       		.byte	-58
 2180 0867 0E       		.byte	14
 2181 0868 C8       		.byte	-56
 2182 0869 06       		.byte	6
 2183 086a C9       		.byte	-55
 2184 086b FF       		.byte	-1
 2185 086c CA       		.byte	-54
 2186 086d FF       		.byte	-1
 2187 086e CB       		.byte	-53
 2188 086f FF       		.byte	-1
 2189 0870 CC       		.byte	-52
 2190 0871 62       		.byte	98
 2191 0872 CD       		.byte	-51
 2192 0873 A0       		.byte	-96
 2193 0874 CE       		.byte	-50
 2194 0875 F0       		.byte	-16
 2195 0876 CF       		.byte	-49
 2196 0877 41       		.byte	65
 2197 0878 D0       		.byte	-48
 2198 0879 0C       		.byte	12
 2199 087a D4       		.byte	-44
 2200 087b 18       		.byte	24
 2201 087c D8       		.byte	-40
 2202 087d 04       		.byte	4
 2203 087e D9       		.byte	-39
 2204 087f 04       		.byte	4
 2205 0880 DA       		.byte	-38
 2206 0881 04       		.byte	4
 2207 0882 DB       		.byte	-37
 2208 0883 04       		.byte	4
 2209 0884 DC       		.byte	-36
 2210 0885 13       		.byte	19
 2211 0886 DD       		.byte	-35
 2212 0887 11       		.byte	17
 2213 0888 DF       		.byte	-33
 2214 0889 01       		.byte	1
 2215 088a E6       		.byte	-26
 2216 088b 40       		.byte	64
 2217 088c E7       		.byte	-25
 2218 088d 02       		.byte	2
 2219 088e E9       		.byte	-23
 2220 088f 10       		.byte	16
 2221 0890 EA       		.byte	-22
 2222 0891 30       		.byte	48
 2223 0892 EB       		.byte	-21
ARM GAS  C:\Users\PC\AppData\Local\Temp\ccRkcow9.s 			page 40


 2224 0893 10       		.byte	16
 2225 0894 ED       		.byte	-19
 2226 0895 10       		.byte	16
 2227 0896 EE       		.byte	-18
 2228 0897 10       		.byte	16
 2229 0898 EF       		.byte	-17
 2230 0899 12       		.byte	18
 2231 089a 01       		.byte	1
 2232 089b 08       		.byte	8
 2233 089c 06       		.byte	6
 2234 089d 28       		.byte	40
 2235 089e 0A       		.byte	10
 2236 089f 80       		.byte	-128
 2237 08a0 0F       		.byte	15
 2238 08a1 01       		.byte	1
 2239 08a2 10       		.byte	16
 2240 08a3 A0       		.byte	-96
 2241 08a4 17       		.byte	23
 2242 08a5 20       		.byte	32
 2243 08a6 19       		.byte	25
 2244 08a7 80       		.byte	-128
 2245 08a8 1B       		.byte	27
 2246 08a9 01       		.byte	1
 2247 08aa 1F       		.byte	31
 2248 08ab 20       		.byte	32
 2249 08ac 20       		.byte	32
 2250 08ad 0A       		.byte	10
 2251 08ae 21       		.byte	33
 2252 08af 10       		.byte	16
 2253 08b0 22       		.byte	34
 2254 08b1 01       		.byte	1
 2255 08b2 27       		.byte	39
 2256 08b3 14       		.byte	20
 2257 08b4 29       		.byte	41
 2258 08b5 24       		.byte	36
 2259 08b6 2A       		.byte	42
 2260 08b7 82       		.byte	-126
 2261 08b8 2E       		.byte	46
 2262 08b9 20       		.byte	32
 2263 08ba 2F       		.byte	47
 2264 08bb A0       		.byte	-96
 2265 08bc 30       		.byte	48
 2266 08bd 08       		.byte	8
 2267 08be 31       		.byte	49
 2268 08bf 90       		.byte	-112
 2269 08c0 33       		.byte	51
 2270 08c1 01       		.byte	1
 2271 08c2 37       		.byte	55
 2272 08c3 24       		.byte	36
 2273 08c4 38       		.byte	56
 2274 08c5 44       		.byte	68
 2275 08c6 39       		.byte	57
 2276 08c7 20       		.byte	32
 2277 08c8 3E       		.byte	62
 2278 08c9 08       		.byte	8
 2279 08ca 3F       		.byte	63
 2280 08cb 11       		.byte	17
ARM GAS  C:\Users\PC\AppData\Local\Temp\ccRkcow9.s 			page 41


 2281 08cc 40       		.byte	64
 2282 08cd 04       		.byte	4
 2283 08ce 42       		.byte	66
 2284 08cf 04       		.byte	4
 2285 08d0 43       		.byte	67
 2286 08d1 09       		.byte	9
 2287 08d2 47       		.byte	71
 2288 08d3 10       		.byte	16
 2289 08d4 48       		.byte	72
 2290 08d5 85       		.byte	-123
 2291 08d6 4F       		.byte	79
 2292 08d7 01       		.byte	1
 2293 08d8 52       		.byte	82
 2294 08d9 40       		.byte	64
 2295 08da 57       		.byte	87
 2296 08db 04       		.byte	4
 2297 08dc 5A       		.byte	90
 2298 08dd 02       		.byte	2
 2299 08de 62       		.byte	98
 2300 08df 20       		.byte	32
 2301 08e0 63       		.byte	99
 2302 08e1 02       		.byte	2
 2303 08e2 83       		.byte	-125
 2304 08e3 01       		.byte	1
 2305 08e4 8B       		.byte	-117
 2306 08e5 10       		.byte	16
 2307 08e6 92       		.byte	-110
 2308 08e7 80       		.byte	-128
 2309 08e8 9D       		.byte	-99
 2310 08e9 80       		.byte	-128
 2311 08ea A0       		.byte	-96
 2312 08eb 20       		.byte	32
 2313 08ec C0       		.byte	-64
 2314 08ed 64       		.byte	100
 2315 08ee C2       		.byte	-62
 2316 08ef 88       		.byte	-120
 2317 08f0 C4       		.byte	-60
 2318 08f1 4C       		.byte	76
 2319 08f2 CA       		.byte	-54
 2320 08f3 EF       		.byte	-17
 2321 08f4 CC       		.byte	-52
 2322 08f5 6F       		.byte	111
 2323 08f6 CE       		.byte	-50
 2324 08f7 EE       		.byte	-18
 2325 08f8 D0       		.byte	-48
 2326 08f9 27       		.byte	39
 2327 08fa D2       		.byte	-46
 2328 08fb 0C       		.byte	12
 2329 08fc D6       		.byte	-42
 2330 08fd 01       		.byte	1
 2331 08fe D8       		.byte	-40
 2332 08ff 0C       		.byte	12
 2333 0900 E4       		.byte	-28
 2334 0901 80       		.byte	-128
 2335 0902 00       		.byte	0
 2336 0903 1D       		.byte	29
 2337 0904 01       		.byte	1
ARM GAS  C:\Users\PC\AppData\Local\Temp\ccRkcow9.s 			page 42


 2338 0905 FD       		.byte	-3
 2339 0906 04       		.byte	4
 2340 0907 05       		.byte	5
 2341 0908 06       		.byte	6
 2342 0909 18       		.byte	24
 2343 090a 07       		.byte	7
 2344 090b 04       		.byte	4
 2345 090c 08       		.byte	8
 2346 090d 19       		.byte	25
 2347 090e 09       		.byte	9
 2348 090f 60       		.byte	96
 2349 0910 0A       		.byte	10
 2350 0911 04       		.byte	4
 2351 0912 0C       		.byte	12
 2352 0913 02       		.byte	2
 2353 0914 0D       		.byte	13
 2354 0915 20       		.byte	32
 2355 0916 10       		.byte	16
 2356 0917 08       		.byte	8
 2357 0918 13       		.byte	19
 2358 0919 02       		.byte	2
 2359 091a 14       		.byte	20
 2360 091b 18       		.byte	24
 2361 091c 15       		.byte	21
 2362 091d 64       		.byte	100
 2363 091e 17       		.byte	23
 2364 091f 89       		.byte	-119
 2365 0920 1A       		.byte	26
 2366 0921 04       		.byte	4
 2367 0922 1B       		.byte	27
 2368 0923 98       		.byte	-104
 2369 0924 1C       		.byte	28
 2370 0925 1D       		.byte	29
 2371 0926 1D       		.byte	29
 2372 0927 64       		.byte	100
 2373 0928 1F       		.byte	31
 2374 0929 91       		.byte	-111
 2375 092a 20       		.byte	32
 2376 092b 10       		.byte	16
 2377 092c 21       		.byte	33
 2378 092d 40       		.byte	64
 2379 092e 24       		.byte	36
 2380 092f 02       		.byte	2
 2381 0930 25       		.byte	37
 2382 0931 04       		.byte	4
 2383 0932 28       		.byte	40
 2384 0933 02       		.byte	2
 2385 0934 29       		.byte	41
 2386 0935 9D       		.byte	-99
 2387 0936 2B       		.byte	43
 2388 0937 60       		.byte	96
 2389 0938 2F       		.byte	47
 2390 0939 02       		.byte	2
 2391 093a 30       		.byte	48
 2392 093b 01       		.byte	1
 2393 093c 31       		.byte	49
 2394 093d 01       		.byte	1
ARM GAS  C:\Users\PC\AppData\Local\Temp\ccRkcow9.s 			page 43


 2395 093e 32       		.byte	50
 2396 093f 1C       		.byte	28
 2397 0940 33       		.byte	51
 2398 0941 E0       		.byte	-32
 2399 0942 34       		.byte	52
 2400 0943 02       		.byte	2
 2401 0944 35       		.byte	53
 2402 0945 02       		.byte	2
 2403 0946 37       		.byte	55
 2404 0947 7C       		.byte	124
 2405 0948 39       		.byte	57
 2406 0949 02       		.byte	2
 2407 094a 3B       		.byte	59
 2408 094b 88       		.byte	-120
 2409 094c 3E       		.byte	62
 2410 094d 01       		.byte	1
 2411 094e 3F       		.byte	63
 2412 094f 10       		.byte	16
 2413 0950 56       		.byte	86
 2414 0951 02       		.byte	2
 2415 0952 57       		.byte	87
 2416 0953 13       		.byte	19
 2417 0954 58       		.byte	88
 2418 0955 04       		.byte	4
 2419 0956 59       		.byte	89
 2420 0957 04       		.byte	4
 2421 0958 5B       		.byte	91
 2422 0959 04       		.byte	4
 2423 095a 5C       		.byte	92
 2424 095b 11       		.byte	17
 2425 095c 5D       		.byte	93
 2426 095d 10       		.byte	16
 2427 095e 5F       		.byte	95
 2428 095f 01       		.byte	1
 2429 0960 84       		.byte	-124
 2430 0961 24       		.byte	36
 2431 0962 86       		.byte	-122
 2432 0963 12       		.byte	18
 2433 0964 8C       		.byte	-116
 2434 0965 02       		.byte	2
 2435 0966 8E       		.byte	-114
 2436 0967 05       		.byte	5
 2437 0968 95       		.byte	-107
 2438 0969 01       		.byte	1
 2439 096a 98       		.byte	-104
 2440 096b 37       		.byte	55
 2441 096c A0       		.byte	-96
 2442 096d 11       		.byte	17
 2443 096e A2       		.byte	-94
 2444 096f 2A       		.byte	42
 2445 0970 A8       		.byte	-88
 2446 0971 37       		.byte	55
 2447 0972 B0       		.byte	-80
 2448 0973 07       		.byte	7
 2449 0974 B2       		.byte	-78
 2450 0975 30       		.byte	48
 2451 0976 B3       		.byte	-77
ARM GAS  C:\Users\PC\AppData\Local\Temp\ccRkcow9.s 			page 44


 2452 0977 01       		.byte	1
 2453 0978 B4       		.byte	-76
 2454 0979 08       		.byte	8
 2455 097a BB       		.byte	-69
 2456 097b 80       		.byte	-128
 2457 097c BF       		.byte	-65
 2458 097d 04       		.byte	4
 2459 097e D8       		.byte	-40
 2460 097f 04       		.byte	4
 2461 0980 D9       		.byte	-39
 2462 0981 04       		.byte	4
 2463 0982 DC       		.byte	-36
 2464 0983 11       		.byte	17
 2465 0984 DF       		.byte	-33
 2466 0985 01       		.byte	1
 2467 0986 00       		.byte	0
 2468 0987 1A       		.byte	26
 2469 0988 01       		.byte	1
 2470 0989 60       		.byte	96
 2471 098a 02       		.byte	2
 2472 098b 10       		.byte	16
 2473 098c 04       		.byte	4
 2474 098d 40       		.byte	64
 2475 098e 05       		.byte	5
 2476 098f 04       		.byte	4
 2477 0990 09       		.byte	9
 2478 0991 40       		.byte	64
 2479 0992 0A       		.byte	10
 2480 0993 14       		.byte	20
 2481 0994 0B       		.byte	11
 2482 0995 82       		.byte	-126
 2483 0996 0C       		.byte	12
 2484 0997 20       		.byte	32
 2485 0998 10       		.byte	16
 2486 0999 A0       		.byte	-96
 2487 099a 11       		.byte	17
 2488 099b 10       		.byte	16
 2489 099c 15       		.byte	21
 2490 099d 10       		.byte	16
 2491 099e 16       		.byte	22
 2492 099f 80       		.byte	-128
 2493 09a0 19       		.byte	25
 2494 09a1 09       		.byte	9
 2495 09a2 1A       		.byte	26
 2496 09a3 04       		.byte	4
 2497 09a4 1B       		.byte	27
 2498 09a5 28       		.byte	40
 2499 09a6 1C       		.byte	28
 2500 09a7 44       		.byte	68
 2501 09a8 1D       		.byte	29
 2502 09a9 04       		.byte	4
 2503 09aa 20       		.byte	32
 2504 09ab 12       		.byte	18
 2505 09ac 21       		.byte	33
 2506 09ad 88       		.byte	-120
 2507 09ae 22       		.byte	34
 2508 09af 21       		.byte	33
ARM GAS  C:\Users\PC\AppData\Local\Temp\ccRkcow9.s 			page 45


 2509 09b0 24       		.byte	36
 2510 09b1 20       		.byte	32
 2511 09b2 25       		.byte	37
 2512 09b3 40       		.byte	64
 2513 09b4 27       		.byte	39
 2514 09b5 01       		.byte	1
 2515 09b6 2A       		.byte	42
 2516 09b7 56       		.byte	86
 2517 09b8 31       		.byte	49
 2518 09b9 88       		.byte	-120
 2519 09ba 32       		.byte	50
 2520 09bb 01       		.byte	1
 2521 09bc 33       		.byte	51
 2522 09bd 20       		.byte	32
 2523 09be 37       		.byte	55
 2524 09bf 04       		.byte	4
 2525 09c0 38       		.byte	56
 2526 09c1 04       		.byte	4
 2527 09c2 3A       		.byte	58
 2528 09c3 20       		.byte	32
 2529 09c4 3B       		.byte	59
 2530 09c5 82       		.byte	-126
 2531 09c6 59       		.byte	89
 2532 09c7 01       		.byte	1
 2533 09c8 68       		.byte	104
 2534 09c9 20       		.byte	32
 2535 09ca 69       		.byte	105
 2536 09cb 50       		.byte	80
 2537 09cc 70       		.byte	112
 2538 09cd 88       		.byte	-120
 2539 09ce 71       		.byte	113
 2540 09cf 10       		.byte	16
 2541 09d0 72       		.byte	114
 2542 09d1 32       		.byte	50
 2543 09d2 73       		.byte	115
 2544 09d3 08       		.byte	8
 2545 09d4 8B       		.byte	-117
 2546 09d5 48       		.byte	72
 2547 09d6 8C       		.byte	-116
 2548 09d7 10       		.byte	16
 2549 09d8 8E       		.byte	-114
 2550 09d9 84       		.byte	-124
 2551 09da 94       		.byte	-108
 2552 09db 40       		.byte	64
 2553 09dc 96       		.byte	-106
 2554 09dd 04       		.byte	4
 2555 09de 9A       		.byte	-102
 2556 09df 40       		.byte	64
 2557 09e0 9B       		.byte	-101
 2558 09e1 04       		.byte	4
 2559 09e2 9D       		.byte	-99
 2560 09e3 3C       		.byte	60
 2561 09e4 9E       		.byte	-98
 2562 09e5 82       		.byte	-126
 2563 09e6 9F       		.byte	-97
 2564 09e7 01       		.byte	1
 2565 09e8 A0       		.byte	-96
ARM GAS  C:\Users\PC\AppData\Local\Temp\ccRkcow9.s 			page 46


 2566 09e9 04       		.byte	4
 2567 09ea A4       		.byte	-92
 2568 09eb 08       		.byte	8
 2569 09ec A5       		.byte	-91
 2570 09ed 80       		.byte	-128
 2571 09ee A6       		.byte	-90
 2572 09ef 20       		.byte	32
 2573 09f0 A7       		.byte	-89
 2574 09f1 08       		.byte	8
 2575 09f2 AB       		.byte	-85
 2576 09f3 20       		.byte	32
 2577 09f4 B2       		.byte	-78
 2578 09f5 20       		.byte	32
 2579 09f6 B3       		.byte	-77
 2580 09f7 20       		.byte	32
 2581 09f8 B6       		.byte	-74
 2582 09f9 08       		.byte	8
 2583 09fa B7       		.byte	-73
 2584 09fb 84       		.byte	-124
 2585 09fc C0       		.byte	-64
 2586 09fd AF       		.byte	-81
 2587 09fe C2       		.byte	-62
 2588 09ff 4F       		.byte	79
 2589 0a00 C4       		.byte	-60
 2590 0a01 5E       		.byte	94
 2591 0a02 CA       		.byte	-54
 2592 0a03 0F       		.byte	15
 2593 0a04 CC       		.byte	-52
 2594 0a05 4F       		.byte	79
 2595 0a06 CE       		.byte	-50
 2596 0a07 0F       		.byte	15
 2597 0a08 D6       		.byte	-42
 2598 0a09 01       		.byte	1
 2599 0a0a E8       		.byte	-24
 2600 0a0b 10       		.byte	16
 2601 0a0c EA       		.byte	-22
 2602 0a0d 40       		.byte	64
 2603 0a0e EC       		.byte	-20
 2604 0a0f A0       		.byte	-96
 2605 0a10 30       		.byte	48
 2606 0a11 10       		.byte	16
 2607 0a12 CC       		.byte	-52
 2608 0a13 10       		.byte	16
 2609 0a14 01       		.byte	1
 2610 0a15 01       		.byte	1
 2611 0a16 07       		.byte	7
 2612 0a17 80       		.byte	-128
 2613 0a18 59       		.byte	89
 2614 0a19 40       		.byte	64
 2615 0a1a 66       		.byte	102
 2616 0a1b 80       		.byte	-128
 2617 0a1c 8A       		.byte	-118
 2618 0a1d 80       		.byte	-128
 2619 0a1e 92       		.byte	-110
 2620 0a1f 01       		.byte	1
 2621 0a20 9C       		.byte	-100
 2622 0a21 10       		.byte	16
ARM GAS  C:\Users\PC\AppData\Local\Temp\ccRkcow9.s 			page 47


 2623 0a22 B2       		.byte	-78
 2624 0a23 01       		.byte	1
 2625 0a24 C0       		.byte	-64
 2626 0a25 30       		.byte	48
 2627 0a26 D4       		.byte	-44
 2628 0a27 80       		.byte	-128
 2629 0a28 D6       		.byte	-42
 2630 0a29 80       		.byte	-128
 2631 0a2a 5A       		.byte	90
 2632 0a2b 01       		.byte	1
 2633 0a2c 89       		.byte	-119
 2634 0a2d 01       		.byte	1
 2635 0a2e 91       		.byte	-111
 2636 0a2f 01       		.byte	1
 2637 0a30 92       		.byte	-110
 2638 0a31 01       		.byte	1
 2639 0a32 9A       		.byte	-102
 2640 0a33 20       		.byte	32
 2641 0a34 9C       		.byte	-100
 2642 0a35 10       		.byte	16
 2643 0a36 AA       		.byte	-86
 2644 0a37 20       		.byte	32
 2645 0a38 AD       		.byte	-83
 2646 0a39 40       		.byte	64
 2647 0a3a B7       		.byte	-73
 2648 0a3b 80       		.byte	-128
 2649 0a3c D6       		.byte	-42
 2650 0a3d 40       		.byte	64
 2651 0a3e EA       		.byte	-22
 2652 0a3f 20       		.byte	32
 2653 0a40 EE       		.byte	-18
 2654 0a41 10       		.byte	16
 2655 0a42 9A       		.byte	-102
 2656 0a43 20       		.byte	32
 2657 0a44 9C       		.byte	-100
 2658 0a45 10       		.byte	16
 2659 0a46 53       		.byte	83
 2660 0a47 80       		.byte	-128
 2661 0a48 56       		.byte	86
 2662 0a49 40       		.byte	64
 2663 0a4a 58       		.byte	88
 2664 0a4b 40       		.byte	64
 2665 0a4c 5F       		.byte	95
 2666 0a4d 20       		.byte	32
 2667 0a4e 83       		.byte	-125
 2668 0a4f 80       		.byte	-128
 2669 0a50 87       		.byte	-121
 2670 0a51 20       		.byte	32
 2671 0a52 D4       		.byte	-44
 2672 0a53 07       		.byte	7
 2673 0a54 D6       		.byte	-42
 2674 0a55 04       		.byte	4
 2675 0a56 AC       		.byte	-84
 2676 0a57 40       		.byte	64
 2677 0a58 AE       		.byte	-82
 2678 0a59 40       		.byte	64
 2679 0a5a 56       		.byte	86
ARM GAS  C:\Users\PC\AppData\Local\Temp\ccRkcow9.s 			page 48


 2680 0a5b 20       		.byte	32
 2681 0a5c 88       		.byte	-120
 2682 0a5d 10       		.byte	16
 2683 0a5e 9A       		.byte	-102
 2684 0a5f 20       		.byte	32
 2685 0a60 9C       		.byte	-100
 2686 0a61 10       		.byte	16
 2687 0a62 D4       		.byte	-44
 2688 0a63 40       		.byte	64
 2689 0a64 71       		.byte	113
 2690 0a65 02       		.byte	2
 2691 0a66 89       		.byte	-119
 2692 0a67 02       		.byte	2
 2693 0a68 DC       		.byte	-36
 2694 0a69 80       		.byte	-128
 2695 0a6a 10       		.byte	16
 2696 0a6b 20       		.byte	32
 2697 0a6c 77       		.byte	119
 2698 0a6d 10       		.byte	16
 2699 0a6e 8C       		.byte	-116
 2700 0a6f 20       		.byte	32
 2701 0a70 8F       		.byte	-113
 2702 0a71 10       		.byte	16
 2703 0a72 C4       		.byte	-60
 2704 0a73 08       		.byte	8
 2705 0a74 DE       		.byte	-34
 2706 0a75 04       		.byte	4
 2707 0a76 E4       		.byte	-28
 2708 0a77 02       		.byte	2
 2709 0a78 E6       		.byte	-26
 2710 0a79 08       		.byte	8
 2711 0a7a 00       		.byte	0
 2712 0a7b 0C       		.byte	12
 2713 0a7c 01       		.byte	1
 2714 0a7d 01       		.byte	1
 2715 0a7e 09       		.byte	9
 2716 0a7f 01       		.byte	1
 2717 0a80 0B       		.byte	11
 2718 0a81 01       		.byte	1
 2719 0a82 0E       		.byte	14
 2720 0a83 0C       		.byte	12
 2721 0a84 0F       		.byte	15
 2722 0a85 01       		.byte	1
 2723 0a86 10       		.byte	16
 2724 0a87 0A       		.byte	10
 2725 0a88 11       		.byte	17
 2726 0a89 01       		.byte	1
 2727 0a8a 1A       		.byte	26
 2728 0a8b 02       		.byte	2
 2729 0a8c 1B       		.byte	27
 2730 0a8d 01       		.byte	1
 2731 0a8e 1C       		.byte	28
 2732 0a8f 0A       		.byte	10
 2733 0a90 00       		.byte	0
 2734 0a91 03       		.byte	3
 2735 0a92 00       		.byte	0
 2736 0a93 00       		.byte	0
ARM GAS  C:\Users\PC\AppData\Local\Temp\ccRkcow9.s 			page 49


 2737 0a94 80       		.byte	-128
 2738 0a95 80       		.byte	-128
 2739 0a96 00       		.byte	0
 2740 0a97 00       		.byte	0
 2741 0a98 40       		.byte	64
 2742 0a99 00       		.byte	0
 2743 0a9a 00       		.byte	0
 2744 0a9b 00       		.byte	0
 2745 0a9c 03       		.byte	3
 2746 0a9d 18       		.byte	24
 2747 0a9e 18       		.byte	24
 2748 0a9f 00       		.byte	0
 2749 0aa0 18       		.byte	24
 2750 0aa1 00       		.byte	0
 2751 0aa2 00       		.byte	0
 2752 0aa3 00       		.byte	0
 2753 0aa4 80       		.byte	-128
 2754 0aa5 00       		.byte	0
 2755 0aa6 40       		.byte	64
 2756 0aa7 84       		.byte	-124
 2757 0aa8 84       		.byte	-124
 2758 0aa9 00       		.byte	0
 2759 0aaa 84       		.byte	-124
 2760 0aab 00       		.byte	0
 2761 0aac 00       		.byte	0
 2762 0aad 00       		.byte	0
 2763 0aae 00       		.byte	0
 2764 0aaf 00       		.byte	0
 2765 0ab0 00       		.byte	0
 2766 0ab1 01       		.byte	1
 2767 0ab2 01       		.byte	1
 2768 0ab3 00       		.byte	0
 2769 0ab4 01       		.byte	1
 2770 0ab5 00       		.byte	0
 2771 0ab6 00       		.byte	0
 2772 0ab7 00       		.byte	0
 2773 0ab8 00       		.byte	0
 2774 0ab9 0B       		.byte	11
 2775 0aba 0B       		.byte	11
 2776 0abb 00       		.byte	0
 2777 0abc 00       		.byte	0
 2778 0abd 00       		.byte	0
 2779 0abe 00       		.byte	0
 2780 0abf 00       		.byte	0
 2781 0ac0 00       		.byte	0
 2782 0ac1 0F       		.byte	15
 2783 0ac2 0F       		.byte	15
 2784 0ac3 00       		.byte	0
 2785 0ac4 0F       		.byte	15
 2786 0ac5 00       		.byte	0
 2787 0ac6 00       		.byte	0
 2788 0ac7 00       		.byte	0
 2789              		.section	.cywolatch,"a",%progbits
 2790              		.align	2
 2791              		.type	cy_meta_wonvl, %object
 2792              		.size	cy_meta_wonvl, 4
 2793              	cy_meta_wonvl:
ARM GAS  C:\Users\PC\AppData\Local\Temp\ccRkcow9.s 			page 50


 2794 0000 BC       		.byte	-68
 2795 0001 90       		.byte	-112
 2796 0002 AC       		.byte	-84
 2797 0003 AF       		.byte	-81
 2798              		.section	.cycustnvl,"a",%progbits
 2799              		.align	2
 2800              		.type	cy_meta_custnvl, %object
 2801              		.size	cy_meta_custnvl, 4
 2802              	cy_meta_custnvl:
 2803 0000 00       		.byte	0
 2804 0001 00       		.byte	0
 2805 0002 40       		.byte	64
 2806 0003 05       		.byte	5
 2807              		.section	.cymeta,"a",%progbits
 2808              		.align	2
 2809              		.type	cy_metadata, %object
 2810              		.size	cy_metadata, 12
 2811              	cy_metadata:
 2812 0000 00       		.byte	0
 2813 0001 01       		.byte	1
 2814 0002 2E       		.byte	46
 2815 0003 16       		.byte	22
 2816 0004 10       		.byte	16
 2817 0005 69       		.byte	105
 2818 0006 00       		.byte	0
 2819 0007 01       		.byte	1
 2820 0008 00       		.byte	0
 2821 0009 00       		.byte	0
 2822 000a 00       		.byte	0
 2823 000b 00       		.byte	0
 2824              		.section	.cyflashprotect,"a",%progbits
 2825              		.align	2
 2826              		.type	cy_meta_flashprotect, %object
 2827              		.size	cy_meta_flashprotect, 256
 2828              	cy_meta_flashprotect:
 2829 0000 00000000 		.space	256
 2829      00000000 
 2829      00000000 
 2829      00000000 
 2829      00000000 
 2830              		.text
 2831              	.Letext0:
 2832              		.file 1 "c:\\program files (x86)\\cypress\\psoc creator\\4.4\\psoc creator\\import\\gnu\\arm\\5.4.
 2833              		.file 2 "c:\\program files (x86)\\cypress\\psoc creator\\4.4\\psoc creator\\import\\gnu\\arm\\5.4.
 2834              		.file 3 "Generated_Source\\PSoC5\\cymetadata.c"
 2835              		.section	.debug_info,"",%progbits
 2836              	.Ldebug_info0:
 2837 0000 35010000 		.4byte	0x135
 2838 0004 0400     		.2byte	0x4
 2839 0006 00000000 		.4byte	.Ldebug_abbrev0
 2840 000a 04       		.byte	0x4
 2841 000b 01       		.uleb128 0x1
 2842 000c 61000000 		.4byte	.LASF17
 2843 0010 0C       		.byte	0xc
 2844 0011 BB010000 		.4byte	.LASF18
 2845 0015 00000000 		.4byte	.LASF19
 2846 0019 00000000 		.4byte	.Ldebug_line0
ARM GAS  C:\Users\PC\AppData\Local\Temp\ccRkcow9.s 			page 51


 2847 001d 02       		.uleb128 0x2
 2848 001e 01       		.byte	0x1
 2849 001f 06       		.byte	0x6
 2850 0020 AF010000 		.4byte	.LASF0
 2851 0024 03       		.uleb128 0x3
 2852 0025 3D000000 		.4byte	.LASF9
 2853 0029 01       		.byte	0x1
 2854 002a 1D       		.byte	0x1d
 2855 002b 2F000000 		.4byte	0x2f
 2856 002f 02       		.uleb128 0x2
 2857 0030 01       		.byte	0x1
 2858 0031 08       		.byte	0x8
 2859 0032 53000000 		.4byte	.LASF1
 2860 0036 02       		.uleb128 0x2
 2861 0037 02       		.byte	0x2
 2862 0038 05       		.byte	0x5
 2863 0039 9C010000 		.4byte	.LASF2
 2864 003d 02       		.uleb128 0x2
 2865 003e 02       		.byte	0x2
 2866 003f 07       		.byte	0x7
 2867 0040 01010000 		.4byte	.LASF3
 2868 0044 02       		.uleb128 0x2
 2869 0045 04       		.byte	0x4
 2870 0046 05       		.byte	0x5
 2871 0047 A6010000 		.4byte	.LASF4
 2872 004b 02       		.uleb128 0x2
 2873 004c 04       		.byte	0x4
 2874 004d 07       		.byte	0x7
 2875 004e EF000000 		.4byte	.LASF5
 2876 0052 02       		.uleb128 0x2
 2877 0053 08       		.byte	0x8
 2878 0054 05       		.byte	0x5
 2879 0055 8E010000 		.4byte	.LASF6
 2880 0059 02       		.uleb128 0x2
 2881 005a 08       		.byte	0x8
 2882 005b 07       		.byte	0x7
 2883 005c 43010000 		.4byte	.LASF7
 2884 0060 04       		.uleb128 0x4
 2885 0061 04       		.byte	0x4
 2886 0062 05       		.byte	0x5
 2887 0063 696E7400 		.ascii	"int\000"
 2888 0067 02       		.uleb128 0x2
 2889 0068 04       		.byte	0x4
 2890 0069 07       		.byte	0x7
 2891 006a 36010000 		.4byte	.LASF8
 2892 006e 03       		.uleb128 0x3
 2893 006f 5A010000 		.4byte	.LASF10
 2894 0073 02       		.byte	0x2
 2895 0074 18       		.byte	0x18
 2896 0075 24000000 		.4byte	0x24
 2897 0079 05       		.uleb128 0x5
 2898 007a 91000000 		.4byte	0x91
 2899 007e 8A000000 		.4byte	0x8a
 2900 0082 06       		.uleb128 0x6
 2901 0083 8A000000 		.4byte	0x8a
 2902 0087 C70A     		.2byte	0xac7
 2903 0089 00       		.byte	0
ARM GAS  C:\Users\PC\AppData\Local\Temp\ccRkcow9.s 			page 52


 2904 008a 02       		.uleb128 0x2
 2905 008b 04       		.byte	0x4
 2906 008c 07       		.byte	0x7
 2907 008d 85010000 		.4byte	.LASF11
 2908 0091 07       		.uleb128 0x7
 2909 0092 6E000000 		.4byte	0x6e
 2910 0096 08       		.uleb128 0x8
 2911 0097 24010000 		.4byte	.LASF12
 2912 009b 03       		.byte	0x3
 2913 009c 1F       		.byte	0x1f
 2914 009d A7000000 		.4byte	0xa7
 2915 00a1 05       		.uleb128 0x5
 2916 00a2 03       		.byte	0x3
 2917 00a3 00000000 		.4byte	cy_meta_configecc
 2918 00a7 07       		.uleb128 0x7
 2919 00a8 79000000 		.4byte	0x79
 2920 00ac 05       		.uleb128 0x5
 2921 00ad 91000000 		.4byte	0x91
 2922 00b1 BC000000 		.4byte	0xbc
 2923 00b5 09       		.uleb128 0x9
 2924 00b6 8A000000 		.4byte	0x8a
 2925 00ba 03       		.byte	0x3
 2926 00bb 00       		.byte	0
 2927 00bc 0A       		.uleb128 0xa
 2928 00bd 14010000 		.4byte	.LASF13
 2929 00c1 03       		.byte	0x3
 2930 00c2 8501     		.2byte	0x185
 2931 00c4 CE000000 		.4byte	0xce
 2932 00c8 05       		.uleb128 0x5
 2933 00c9 03       		.byte	0x3
 2934 00ca 00000000 		.4byte	cy_meta_custnvl
 2935 00ce 07       		.uleb128 0x7
 2936 00cf AC000000 		.4byte	0xac
 2937 00d3 0A       		.uleb128 0xa
 2938 00d4 77010000 		.4byte	.LASF14
 2939 00d8 03       		.byte	0x3
 2940 00d9 9301     		.2byte	0x193
 2941 00db E5000000 		.4byte	0xe5
 2942 00df 05       		.uleb128 0x5
 2943 00e0 03       		.byte	0x3
 2944 00e1 00000000 		.4byte	cy_meta_wonvl
 2945 00e5 07       		.uleb128 0x7
 2946 00e6 AC000000 		.4byte	0xac
 2947 00ea 05       		.uleb128 0x5
 2948 00eb 91000000 		.4byte	0x91
 2949 00ef FA000000 		.4byte	0xfa
 2950 00f3 09       		.uleb128 0x9
 2951 00f4 8A000000 		.4byte	0x8a
 2952 00f8 FF       		.byte	0xff
 2953 00f9 00       		.byte	0
 2954 00fa 0A       		.uleb128 0xa
 2955 00fb 62010000 		.4byte	.LASF15
 2956 00ff 03       		.byte	0x3
 2957 0100 A101     		.2byte	0x1a1
 2958 0102 0C010000 		.4byte	0x10c
 2959 0106 05       		.uleb128 0x5
 2960 0107 03       		.byte	0x3
ARM GAS  C:\Users\PC\AppData\Local\Temp\ccRkcow9.s 			page 53


 2961 0108 00000000 		.4byte	cy_meta_flashprotect
 2962 010c 07       		.uleb128 0x7
 2963 010d EA000000 		.4byte	0xea
 2964 0111 05       		.uleb128 0x5
 2965 0112 91000000 		.4byte	0x91
 2966 0116 21010000 		.4byte	0x121
 2967 011a 09       		.uleb128 0x9
 2968 011b 8A000000 		.4byte	0x8a
 2969 011f 0B       		.byte	0xb
 2970 0120 00       		.byte	0
 2971 0121 0A       		.uleb128 0xa
 2972 0122 47000000 		.4byte	.LASF16
 2973 0126 03       		.byte	0x3
 2974 0127 CE01     		.2byte	0x1ce
 2975 0129 33010000 		.4byte	0x133
 2976 012d 05       		.uleb128 0x5
 2977 012e 03       		.byte	0x3
 2978 012f 00000000 		.4byte	cy_metadata
 2979 0133 07       		.uleb128 0x7
 2980 0134 11010000 		.4byte	0x111
 2981 0138 00       		.byte	0
 2982              		.section	.debug_abbrev,"",%progbits
 2983              	.Ldebug_abbrev0:
 2984 0000 01       		.uleb128 0x1
 2985 0001 11       		.uleb128 0x11
 2986 0002 01       		.byte	0x1
 2987 0003 25       		.uleb128 0x25
 2988 0004 0E       		.uleb128 0xe
 2989 0005 13       		.uleb128 0x13
 2990 0006 0B       		.uleb128 0xb
 2991 0007 03       		.uleb128 0x3
 2992 0008 0E       		.uleb128 0xe
 2993 0009 1B       		.uleb128 0x1b
 2994 000a 0E       		.uleb128 0xe
 2995 000b 10       		.uleb128 0x10
 2996 000c 17       		.uleb128 0x17
 2997 000d 00       		.byte	0
 2998 000e 00       		.byte	0
 2999 000f 02       		.uleb128 0x2
 3000 0010 24       		.uleb128 0x24
 3001 0011 00       		.byte	0
 3002 0012 0B       		.uleb128 0xb
 3003 0013 0B       		.uleb128 0xb
 3004 0014 3E       		.uleb128 0x3e
 3005 0015 0B       		.uleb128 0xb
 3006 0016 03       		.uleb128 0x3
 3007 0017 0E       		.uleb128 0xe
 3008 0018 00       		.byte	0
 3009 0019 00       		.byte	0
 3010 001a 03       		.uleb128 0x3
 3011 001b 16       		.uleb128 0x16
 3012 001c 00       		.byte	0
 3013 001d 03       		.uleb128 0x3
 3014 001e 0E       		.uleb128 0xe
 3015 001f 3A       		.uleb128 0x3a
 3016 0020 0B       		.uleb128 0xb
 3017 0021 3B       		.uleb128 0x3b
ARM GAS  C:\Users\PC\AppData\Local\Temp\ccRkcow9.s 			page 54


 3018 0022 0B       		.uleb128 0xb
 3019 0023 49       		.uleb128 0x49
 3020 0024 13       		.uleb128 0x13
 3021 0025 00       		.byte	0
 3022 0026 00       		.byte	0
 3023 0027 04       		.uleb128 0x4
 3024 0028 24       		.uleb128 0x24
 3025 0029 00       		.byte	0
 3026 002a 0B       		.uleb128 0xb
 3027 002b 0B       		.uleb128 0xb
 3028 002c 3E       		.uleb128 0x3e
 3029 002d 0B       		.uleb128 0xb
 3030 002e 03       		.uleb128 0x3
 3031 002f 08       		.uleb128 0x8
 3032 0030 00       		.byte	0
 3033 0031 00       		.byte	0
 3034 0032 05       		.uleb128 0x5
 3035 0033 01       		.uleb128 0x1
 3036 0034 01       		.byte	0x1
 3037 0035 49       		.uleb128 0x49
 3038 0036 13       		.uleb128 0x13
 3039 0037 01       		.uleb128 0x1
 3040 0038 13       		.uleb128 0x13
 3041 0039 00       		.byte	0
 3042 003a 00       		.byte	0
 3043 003b 06       		.uleb128 0x6
 3044 003c 21       		.uleb128 0x21
 3045 003d 00       		.byte	0
 3046 003e 49       		.uleb128 0x49
 3047 003f 13       		.uleb128 0x13
 3048 0040 2F       		.uleb128 0x2f
 3049 0041 05       		.uleb128 0x5
 3050 0042 00       		.byte	0
 3051 0043 00       		.byte	0
 3052 0044 07       		.uleb128 0x7
 3053 0045 26       		.uleb128 0x26
 3054 0046 00       		.byte	0
 3055 0047 49       		.uleb128 0x49
 3056 0048 13       		.uleb128 0x13
 3057 0049 00       		.byte	0
 3058 004a 00       		.byte	0
 3059 004b 08       		.uleb128 0x8
 3060 004c 34       		.uleb128 0x34
 3061 004d 00       		.byte	0
 3062 004e 03       		.uleb128 0x3
 3063 004f 0E       		.uleb128 0xe
 3064 0050 3A       		.uleb128 0x3a
 3065 0051 0B       		.uleb128 0xb
 3066 0052 3B       		.uleb128 0x3b
 3067 0053 0B       		.uleb128 0xb
 3068 0054 49       		.uleb128 0x49
 3069 0055 13       		.uleb128 0x13
 3070 0056 3F       		.uleb128 0x3f
 3071 0057 19       		.uleb128 0x19
 3072 0058 02       		.uleb128 0x2
 3073 0059 18       		.uleb128 0x18
 3074 005a 00       		.byte	0
ARM GAS  C:\Users\PC\AppData\Local\Temp\ccRkcow9.s 			page 55


 3075 005b 00       		.byte	0
 3076 005c 09       		.uleb128 0x9
 3077 005d 21       		.uleb128 0x21
 3078 005e 00       		.byte	0
 3079 005f 49       		.uleb128 0x49
 3080 0060 13       		.uleb128 0x13
 3081 0061 2F       		.uleb128 0x2f
 3082 0062 0B       		.uleb128 0xb
 3083 0063 00       		.byte	0
 3084 0064 00       		.byte	0
 3085 0065 0A       		.uleb128 0xa
 3086 0066 34       		.uleb128 0x34
 3087 0067 00       		.byte	0
 3088 0068 03       		.uleb128 0x3
 3089 0069 0E       		.uleb128 0xe
 3090 006a 3A       		.uleb128 0x3a
 3091 006b 0B       		.uleb128 0xb
 3092 006c 3B       		.uleb128 0x3b
 3093 006d 05       		.uleb128 0x5
 3094 006e 49       		.uleb128 0x49
 3095 006f 13       		.uleb128 0x13
 3096 0070 3F       		.uleb128 0x3f
 3097 0071 19       		.uleb128 0x19
 3098 0072 02       		.uleb128 0x2
 3099 0073 18       		.uleb128 0x18
 3100 0074 00       		.byte	0
 3101 0075 00       		.byte	0
 3102 0076 00       		.byte	0
 3103              		.section	.debug_aranges,"",%progbits
 3104 0000 14000000 		.4byte	0x14
 3105 0004 0200     		.2byte	0x2
 3106 0006 00000000 		.4byte	.Ldebug_info0
 3107 000a 04       		.byte	0x4
 3108 000b 00       		.byte	0
 3109 000c 0000     		.2byte	0
 3110 000e 0000     		.2byte	0
 3111 0010 00000000 		.4byte	0
 3112 0014 00000000 		.4byte	0
 3113              		.section	.debug_line,"",%progbits
 3114              	.Ldebug_line0:
 3115 0000 3D010000 		.section	.debug_str,"MS",%progbits,1
 3115      02003701 
 3115      00000201 
 3115      FB0E0D00 
 3115      01010101 
 3116              	.LASF19:
 3117 0000 433A5C55 		.ascii	"C:\\Users\\PC\\Documents\\PSoC Creator\\RoboticArm\\"
 3117      73657273 
 3117      5C50435C 
 3117      446F6375 
 3117      6D656E74 
 3118 002e 4D6F746F 		.ascii	"MotorPID.cydsn\000"
 3118      72504944 
 3118      2E637964 
 3118      736E00
 3119              	.LASF9:
 3120 003d 5F5F7569 		.ascii	"__uint8_t\000"
ARM GAS  C:\Users\PC\AppData\Local\Temp\ccRkcow9.s 			page 56


 3120      6E74385F 
 3120      7400
 3121              	.LASF16:
 3122 0047 63795F6D 		.ascii	"cy_metadata\000"
 3122      65746164 
 3122      61746100 
 3123              	.LASF1:
 3124 0053 756E7369 		.ascii	"unsigned char\000"
 3124      676E6564 
 3124      20636861 
 3124      7200
 3125              	.LASF17:
 3126 0061 474E5520 		.ascii	"GNU C11 5.4.1 20160609 (release) [ARM/embedded-5-br"
 3126      43313120 
 3126      352E342E 
 3126      31203230 
 3126      31363036 
 3127 0094 616E6368 		.ascii	"anch revision 237715] -mcpu=cortex-m3 -mthumb -g -O"
 3127      20726576 
 3127      6973696F 
 3127      6E203233 
 3127      37373135 
 3128 00c7 67202D66 		.ascii	"g -ffunction-sections -ffat-lto-objects\000"
 3128      66756E63 
 3128      74696F6E 
 3128      2D736563 
 3128      74696F6E 
 3129              	.LASF5:
 3130 00ef 6C6F6E67 		.ascii	"long unsigned int\000"
 3130      20756E73 
 3130      69676E65 
 3130      6420696E 
 3130      7400
 3131              	.LASF3:
 3132 0101 73686F72 		.ascii	"short unsigned int\000"
 3132      7420756E 
 3132      7369676E 
 3132      65642069 
 3132      6E7400
 3133              	.LASF13:
 3134 0114 63795F6D 		.ascii	"cy_meta_custnvl\000"
 3134      6574615F 
 3134      63757374 
 3134      6E766C00 
 3135              	.LASF12:
 3136 0124 63795F6D 		.ascii	"cy_meta_configecc\000"
 3136      6574615F 
 3136      636F6E66 
 3136      69676563 
 3136      6300
 3137              	.LASF8:
 3138 0136 756E7369 		.ascii	"unsigned int\000"
 3138      676E6564 
 3138      20696E74 
 3138      00
 3139              	.LASF7:
 3140 0143 6C6F6E67 		.ascii	"long long unsigned int\000"
ARM GAS  C:\Users\PC\AppData\Local\Temp\ccRkcow9.s 			page 57


 3140      206C6F6E 
 3140      6720756E 
 3140      7369676E 
 3140      65642069 
 3141              	.LASF10:
 3142 015a 75696E74 		.ascii	"uint8_t\000"
 3142      385F7400 
 3143              	.LASF15:
 3144 0162 63795F6D 		.ascii	"cy_meta_flashprotect\000"
 3144      6574615F 
 3144      666C6173 
 3144      6870726F 
 3144      74656374 
 3145              	.LASF14:
 3146 0177 63795F6D 		.ascii	"cy_meta_wonvl\000"
 3146      6574615F 
 3146      776F6E76 
 3146      6C00
 3147              	.LASF11:
 3148 0185 73697A65 		.ascii	"sizetype\000"
 3148      74797065 
 3148      00
 3149              	.LASF6:
 3150 018e 6C6F6E67 		.ascii	"long long int\000"
 3150      206C6F6E 
 3150      6720696E 
 3150      7400
 3151              	.LASF2:
 3152 019c 73686F72 		.ascii	"short int\000"
 3152      7420696E 
 3152      7400
 3153              	.LASF4:
 3154 01a6 6C6F6E67 		.ascii	"long int\000"
 3154      20696E74 
 3154      00
 3155              	.LASF0:
 3156 01af 7369676E 		.ascii	"signed char\000"
 3156      65642063 
 3156      68617200 
 3157              	.LASF18:
 3158 01bb 47656E65 		.ascii	"Generated_Source\\PSoC5\\cymetadata.c\000"
 3158      72617465 
 3158      645F536F 
 3158      75726365 
 3158      5C50536F 
 3159              		.ident	"GCC: (GNU Tools for ARM Embedded Processors) 5.4.1 20160609 (release) [ARM/embedded-5-bran
