ARM GAS  C:\Users\PC\AppData\Local\Temp\ccyBAMgs.s 			page 1


   1              		.syntax unified
   2              		.cpu cortex-m3
   3              		.fpu softvfp
   4              		.eabi_attribute 20, 1
   5              		.eabi_attribute 21, 1
   6              		.eabi_attribute 23, 3
   7              		.eabi_attribute 24, 1
   8              		.eabi_attribute 25, 1
   9              		.eabi_attribute 26, 1
  10              		.eabi_attribute 30, 1
  11              		.eabi_attribute 34, 1
  12              		.eabi_attribute 18, 4
  13              		.thumb
  14              		.syntax unified
  15              		.file	"main.cpp"
  16              		.text
  17              	.Ltext0:
  18              		.cfi_sections	.debug_frame
  19              		.section	.text._ZN8Hardware5StartEv,"ax",%progbits
  20              		.align	2
  21              		.global	_ZN8Hardware5StartEv
  22              		.thumb
  23              		.thumb_func
  24              		.type	_ZN8Hardware5StartEv, %function
  25              	_ZN8Hardware5StartEv:
  26              	.LFB63:
  27              		.file 1 "Hardware.hpp"
   1:Hardware.hpp  **** /* ========================================
   2:Hardware.hpp  ****  *
   3:Hardware.hpp  ****  * Copyright YOUR COMPANY, THE YEAR
   4:Hardware.hpp  ****  * All Rights Reserved
   5:Hardware.hpp  ****  * UNPUBLISHED, LICENSED SOFTWARE.
   6:Hardware.hpp  ****  *
   7:Hardware.hpp  ****  * CONFIDENTIAL AND PROPRIETARY INFORMATION
   8:Hardware.hpp  ****  * WHICH IS THE PROPERTY OF your company.
   9:Hardware.hpp  ****  *
  10:Hardware.hpp  ****  * ========================================
  11:Hardware.hpp  **** */
  12:Hardware.hpp  **** #ifndef HARDWARE_HPP
  13:Hardware.hpp  **** #define HARDWARE_HPP
  14:Hardware.hpp  **** 
  15:Hardware.hpp  ****     #include "Motors.hpp"
  16:Hardware.hpp  ****     #include "Servos.hpp"
  17:Hardware.hpp  ****     
  18:Hardware.hpp  ****     namespace Hardware{
  19:Hardware.hpp  ****     
  20:Hardware.hpp  ****         void Start(){
  28              		.loc 1 20 0
  29              		.cfi_startproc
  30              		@ args = 0, pretend = 0, frame = 0
  31              		@ frame_needed = 0, uses_anonymous_args = 0
  32 0000 08B5     		push	{r3, lr}
  33              		.cfi_def_cfa_offset 8
  34              		.cfi_offset 3, -8
  35              		.cfi_offset 14, -4
  21:Hardware.hpp  ****             Hardware::Servos_Start();
  36              		.loc 1 21 0
ARM GAS  C:\Users\PC\AppData\Local\Temp\ccyBAMgs.s 			page 2


  37 0002 FFF7FEFF 		bl	_ZN8Hardware12Servos_StartEv
  38              	.LVL0:
  22:Hardware.hpp  ****             Hardware::Motors_Start();
  39              		.loc 1 22 0
  40 0006 FFF7FEFF 		bl	_ZN8Hardware12Motors_StartEv
  41              	.LVL1:
  42 000a 08BD     		pop	{r3, pc}
  43              		.cfi_endproc
  44              	.LFE63:
  45              		.size	_ZN8Hardware5StartEv, .-_ZN8Hardware5StartEv
  46              		.section	.text._ZNK10Foundation4Math11FixedMatrixIfLj4ELj4EEixEj,"axG",%progbits,_ZNK10Foundation4
  47              		.align	2
  48              		.weak	_ZNK10Foundation4Math11FixedMatrixIfLj4ELj4EEixEj
  49              		.thumb
  50              		.thumb_func
  51              		.type	_ZNK10Foundation4Math11FixedMatrixIfLj4ELj4EEixEj, %function
  52              	_ZNK10Foundation4Math11FixedMatrixIfLj4ELj4EEixEj:
  53              	.LFB176:
  54              		.file 2 "..\\..\\libs\\Foundation\\psoc5lp_armgcc_cortex_m3_soft_debug\\include\\Foundation-1.0.0/
   1:..\..\libs\Foundation\psoc5lp_armgcc_cortex_m3_soft_debug\include\Foundation-1.0.0/Foundation/Math/Matrix/FixedMatrix/FixedMatrix.tpp **** #ifndef FOUNDATION_MATH_FIXED_MATRIX_TPP
   2:..\..\libs\Foundation\psoc5lp_armgcc_cortex_m3_soft_debug\include\Foundation-1.0.0/Foundation/Math/Matrix/FixedMatrix/FixedMatrix.tpp **** #define FOUNDATION_MATH_FIXED_MATRIX_TPP
   3:..\..\libs\Foundation\psoc5lp_armgcc_cortex_m3_soft_debug\include\Foundation-1.0.0/Foundation/Math/Matrix/FixedMatrix/FixedMatrix.tpp **** 
   4:..\..\libs\Foundation\psoc5lp_armgcc_cortex_m3_soft_debug\include\Foundation-1.0.0/Foundation/Math/Matrix/FixedMatrix/FixedMatrix.tpp **** namespace Foundation {
   5:..\..\libs\Foundation\psoc5lp_armgcc_cortex_m3_soft_debug\include\Foundation-1.0.0/Foundation/Math/Matrix/FixedMatrix/FixedMatrix.tpp **** namespace Math {
   6:..\..\libs\Foundation\psoc5lp_armgcc_cortex_m3_soft_debug\include\Foundation-1.0.0/Foundation/Math/Matrix/FixedMatrix/FixedMatrix.tpp **** 
   7:..\..\libs\Foundation\psoc5lp_armgcc_cortex_m3_soft_debug\include\Foundation-1.0.0/Foundation/Math/Matrix/FixedMatrix/FixedMatrix.tpp **** template <typename T, unsigned int Rows, unsigned int Cols>
   8:..\..\libs\Foundation\psoc5lp_armgcc_cortex_m3_soft_debug\include\Foundation-1.0.0/Foundation/Math/Matrix/FixedMatrix/FixedMatrix.tpp **** FixedMatrix<T, Rows, Cols>::FixedMatrix() {
   9:..\..\libs\Foundation\psoc5lp_armgcc_cortex_m3_soft_debug\include\Foundation-1.0.0/Foundation/Math/Matrix/FixedMatrix/FixedMatrix.tpp ****     Zero();
  10:..\..\libs\Foundation\psoc5lp_armgcc_cortex_m3_soft_debug\include\Foundation-1.0.0/Foundation/Math/Matrix/FixedMatrix/FixedMatrix.tpp **** }
  11:..\..\libs\Foundation\psoc5lp_armgcc_cortex_m3_soft_debug\include\Foundation-1.0.0/Foundation/Math/Matrix/FixedMatrix/FixedMatrix.tpp **** 
  12:..\..\libs\Foundation\psoc5lp_armgcc_cortex_m3_soft_debug\include\Foundation-1.0.0/Foundation/Math/Matrix/FixedMatrix/FixedMatrix.tpp **** template <typename T, unsigned int Rows, unsigned int Cols>
  13:..\..\libs\Foundation\psoc5lp_armgcc_cortex_m3_soft_debug\include\Foundation-1.0.0/Foundation/Math/Matrix/FixedMatrix/FixedMatrix.tpp **** FixedMatrix<T, Rows, Cols>::FixedMatrix(T value) {
  14:..\..\libs\Foundation\psoc5lp_armgcc_cortex_m3_soft_debug\include\Foundation-1.0.0/Foundation/Math/Matrix/FixedMatrix/FixedMatrix.tpp ****     Fill(value);
  15:..\..\libs\Foundation\psoc5lp_armgcc_cortex_m3_soft_debug\include\Foundation-1.0.0/Foundation/Math/Matrix/FixedMatrix/FixedMatrix.tpp **** }
  16:..\..\libs\Foundation\psoc5lp_armgcc_cortex_m3_soft_debug\include\Foundation-1.0.0/Foundation/Math/Matrix/FixedMatrix/FixedMatrix.tpp **** 
  17:..\..\libs\Foundation\psoc5lp_armgcc_cortex_m3_soft_debug\include\Foundation-1.0.0/Foundation/Math/Matrix/FixedMatrix/FixedMatrix.tpp **** template <typename T, unsigned int Rows, unsigned int Cols>
  18:..\..\libs\Foundation\psoc5lp_armgcc_cortex_m3_soft_debug\include\Foundation-1.0.0/Foundation/Math/Matrix/FixedMatrix/FixedMatrix.tpp **** FixedMatrix<T, Rows, Cols>::FixedMatrix(
  19:..\..\libs\Foundation\psoc5lp_armgcc_cortex_m3_soft_debug\include\Foundation-1.0.0/Foundation/Math/Matrix/FixedMatrix/FixedMatrix.tpp ****     const T (&values)[Rows][Cols]
  20:..\..\libs\Foundation\psoc5lp_armgcc_cortex_m3_soft_debug\include\Foundation-1.0.0/Foundation/Math/Matrix/FixedMatrix/FixedMatrix.tpp **** ) {
  21:..\..\libs\Foundation\psoc5lp_armgcc_cortex_m3_soft_debug\include\Foundation-1.0.0/Foundation/Math/Matrix/FixedMatrix/FixedMatrix.tpp ****     for(unsigned int i = 0; i < Rows; i++) {
  22:..\..\libs\Foundation\psoc5lp_armgcc_cortex_m3_soft_debug\include\Foundation-1.0.0/Foundation/Math/Matrix/FixedMatrix/FixedMatrix.tpp ****         for(unsigned int j = 0; j < Cols; j++) {
  23:..\..\libs\Foundation\psoc5lp_armgcc_cortex_m3_soft_debug\include\Foundation-1.0.0/Foundation/Math/Matrix/FixedMatrix/FixedMatrix.tpp ****             _data[i][j] = values[i][j];
  24:..\..\libs\Foundation\psoc5lp_armgcc_cortex_m3_soft_debug\include\Foundation-1.0.0/Foundation/Math/Matrix/FixedMatrix/FixedMatrix.tpp ****         }
  25:..\..\libs\Foundation\psoc5lp_armgcc_cortex_m3_soft_debug\include\Foundation-1.0.0/Foundation/Math/Matrix/FixedMatrix/FixedMatrix.tpp ****     }
  26:..\..\libs\Foundation\psoc5lp_armgcc_cortex_m3_soft_debug\include\Foundation-1.0.0/Foundation/Math/Matrix/FixedMatrix/FixedMatrix.tpp **** }
  27:..\..\libs\Foundation\psoc5lp_armgcc_cortex_m3_soft_debug\include\Foundation-1.0.0/Foundation/Math/Matrix/FixedMatrix/FixedMatrix.tpp **** 
  28:..\..\libs\Foundation\psoc5lp_armgcc_cortex_m3_soft_debug\include\Foundation-1.0.0/Foundation/Math/Matrix/FixedMatrix/FixedMatrix.tpp **** template <typename T, unsigned int Rows, unsigned int Cols>
  29:..\..\libs\Foundation\psoc5lp_armgcc_cortex_m3_soft_debug\include\Foundation-1.0.0/Foundation/Math/Matrix/FixedMatrix/FixedMatrix.tpp **** FixedMatrix<T, Rows, Cols>::FixedMatrix(
  30:..\..\libs\Foundation\psoc5lp_armgcc_cortex_m3_soft_debug\include\Foundation-1.0.0/Foundation/Math/Matrix/FixedMatrix/FixedMatrix.tpp ****     const FixedMatrix<T, Rows, Cols>& other
  31:..\..\libs\Foundation\psoc5lp_armgcc_cortex_m3_soft_debug\include\Foundation-1.0.0/Foundation/Math/Matrix/FixedMatrix/FixedMatrix.tpp **** ) {
  32:..\..\libs\Foundation\psoc5lp_armgcc_cortex_m3_soft_debug\include\Foundation-1.0.0/Foundation/Math/Matrix/FixedMatrix/FixedMatrix.tpp ****     *this = other;
  33:..\..\libs\Foundation\psoc5lp_armgcc_cortex_m3_soft_debug\include\Foundation-1.0.0/Foundation/Math/Matrix/FixedMatrix/FixedMatrix.tpp **** }
  34:..\..\libs\Foundation\psoc5lp_armgcc_cortex_m3_soft_debug\include\Foundation-1.0.0/Foundation/Math/Matrix/FixedMatrix/FixedMatrix.tpp **** 
  35:..\..\libs\Foundation\psoc5lp_armgcc_cortex_m3_soft_debug\include\Foundation-1.0.0/Foundation/Math/Matrix/FixedMatrix/FixedMatrix.tpp **** template <typename T, unsigned int Rows, unsigned int Cols>
  36:..\..\libs\Foundation\psoc5lp_armgcc_cortex_m3_soft_debug\include\Foundation-1.0.0/Foundation/Math/Matrix/FixedMatrix/FixedMatrix.tpp **** FixedMatrix<T, Rows, Cols>& FixedMatrix<T, Rows, Cols>::operator=(
  37:..\..\libs\Foundation\psoc5lp_armgcc_cortex_m3_soft_debug\include\Foundation-1.0.0/Foundation/Math/Matrix/FixedMatrix/FixedMatrix.tpp ****     const FixedMatrix<T, Rows, Cols>& other
  38:..\..\libs\Foundation\psoc5lp_armgcc_cortex_m3_soft_debug\include\Foundation-1.0.0/Foundation/Math/Matrix/FixedMatrix/FixedMatrix.tpp **** ) {
ARM GAS  C:\Users\PC\AppData\Local\Temp\ccyBAMgs.s 			page 3


  39:..\..\libs\Foundation\psoc5lp_armgcc_cortex_m3_soft_debug\include\Foundation-1.0.0/Foundation/Math/Matrix/FixedMatrix/FixedMatrix.tpp ****     if(this == &other) {
  40:..\..\libs\Foundation\psoc5lp_armgcc_cortex_m3_soft_debug\include\Foundation-1.0.0/Foundation/Math/Matrix/FixedMatrix/FixedMatrix.tpp ****         return *this;
  41:..\..\libs\Foundation\psoc5lp_armgcc_cortex_m3_soft_debug\include\Foundation-1.0.0/Foundation/Math/Matrix/FixedMatrix/FixedMatrix.tpp ****     }
  42:..\..\libs\Foundation\psoc5lp_armgcc_cortex_m3_soft_debug\include\Foundation-1.0.0/Foundation/Math/Matrix/FixedMatrix/FixedMatrix.tpp **** 
  43:..\..\libs\Foundation\psoc5lp_armgcc_cortex_m3_soft_debug\include\Foundation-1.0.0/Foundation/Math/Matrix/FixedMatrix/FixedMatrix.tpp ****     for(unsigned int i = 0; i < Rows; i++) {
  44:..\..\libs\Foundation\psoc5lp_armgcc_cortex_m3_soft_debug\include\Foundation-1.0.0/Foundation/Math/Matrix/FixedMatrix/FixedMatrix.tpp ****         for(unsigned int j = 0; j < Cols; j++) {
  45:..\..\libs\Foundation\psoc5lp_armgcc_cortex_m3_soft_debug\include\Foundation-1.0.0/Foundation/Math/Matrix/FixedMatrix/FixedMatrix.tpp ****             _data[i][j] = other._data[i][j];
  46:..\..\libs\Foundation\psoc5lp_armgcc_cortex_m3_soft_debug\include\Foundation-1.0.0/Foundation/Math/Matrix/FixedMatrix/FixedMatrix.tpp ****         }
  47:..\..\libs\Foundation\psoc5lp_armgcc_cortex_m3_soft_debug\include\Foundation-1.0.0/Foundation/Math/Matrix/FixedMatrix/FixedMatrix.tpp ****     }
  48:..\..\libs\Foundation\psoc5lp_armgcc_cortex_m3_soft_debug\include\Foundation-1.0.0/Foundation/Math/Matrix/FixedMatrix/FixedMatrix.tpp **** 
  49:..\..\libs\Foundation\psoc5lp_armgcc_cortex_m3_soft_debug\include\Foundation-1.0.0/Foundation/Math/Matrix/FixedMatrix/FixedMatrix.tpp ****     return *this;
  50:..\..\libs\Foundation\psoc5lp_armgcc_cortex_m3_soft_debug\include\Foundation-1.0.0/Foundation/Math/Matrix/FixedMatrix/FixedMatrix.tpp **** }
  51:..\..\libs\Foundation\psoc5lp_armgcc_cortex_m3_soft_debug\include\Foundation-1.0.0/Foundation/Math/Matrix/FixedMatrix/FixedMatrix.tpp **** 
  52:..\..\libs\Foundation\psoc5lp_armgcc_cortex_m3_soft_debug\include\Foundation-1.0.0/Foundation/Math/Matrix/FixedMatrix/FixedMatrix.tpp **** template <typename T, unsigned int Rows, unsigned int Cols>
  53:..\..\libs\Foundation\psoc5lp_armgcc_cortex_m3_soft_debug\include\Foundation-1.0.0/Foundation/Math/Matrix/FixedMatrix/FixedMatrix.tpp **** unsigned int FixedMatrix<T, Rows, Cols>::RowsCount() const {
  54:..\..\libs\Foundation\psoc5lp_armgcc_cortex_m3_soft_debug\include\Foundation-1.0.0/Foundation/Math/Matrix/FixedMatrix/FixedMatrix.tpp ****     return Rows;
  55:..\..\libs\Foundation\psoc5lp_armgcc_cortex_m3_soft_debug\include\Foundation-1.0.0/Foundation/Math/Matrix/FixedMatrix/FixedMatrix.tpp **** }
  56:..\..\libs\Foundation\psoc5lp_armgcc_cortex_m3_soft_debug\include\Foundation-1.0.0/Foundation/Math/Matrix/FixedMatrix/FixedMatrix.tpp **** 
  57:..\..\libs\Foundation\psoc5lp_armgcc_cortex_m3_soft_debug\include\Foundation-1.0.0/Foundation/Math/Matrix/FixedMatrix/FixedMatrix.tpp **** template <typename T, unsigned int Rows, unsigned int Cols>
  58:..\..\libs\Foundation\psoc5lp_armgcc_cortex_m3_soft_debug\include\Foundation-1.0.0/Foundation/Math/Matrix/FixedMatrix/FixedMatrix.tpp **** unsigned int FixedMatrix<T, Rows, Cols>::ColsCount() const {
  59:..\..\libs\Foundation\psoc5lp_armgcc_cortex_m3_soft_debug\include\Foundation-1.0.0/Foundation/Math/Matrix/FixedMatrix/FixedMatrix.tpp ****     return Cols;
  60:..\..\libs\Foundation\psoc5lp_armgcc_cortex_m3_soft_debug\include\Foundation-1.0.0/Foundation/Math/Matrix/FixedMatrix/FixedMatrix.tpp **** }
  61:..\..\libs\Foundation\psoc5lp_armgcc_cortex_m3_soft_debug\include\Foundation-1.0.0/Foundation/Math/Matrix/FixedMatrix/FixedMatrix.tpp **** 
  62:..\..\libs\Foundation\psoc5lp_armgcc_cortex_m3_soft_debug\include\Foundation-1.0.0/Foundation/Math/Matrix/FixedMatrix/FixedMatrix.tpp **** template <typename T, unsigned int Rows, unsigned int Cols>
  63:..\..\libs\Foundation\psoc5lp_armgcc_cortex_m3_soft_debug\include\Foundation-1.0.0/Foundation/Math/Matrix/FixedMatrix/FixedMatrix.tpp **** T* FixedMatrix<T, Rows, Cols>::Data() {
  64:..\..\libs\Foundation\psoc5lp_armgcc_cortex_m3_soft_debug\include\Foundation-1.0.0/Foundation/Math/Matrix/FixedMatrix/FixedMatrix.tpp ****     return &_data[0][0];
  65:..\..\libs\Foundation\psoc5lp_armgcc_cortex_m3_soft_debug\include\Foundation-1.0.0/Foundation/Math/Matrix/FixedMatrix/FixedMatrix.tpp **** }
  66:..\..\libs\Foundation\psoc5lp_armgcc_cortex_m3_soft_debug\include\Foundation-1.0.0/Foundation/Math/Matrix/FixedMatrix/FixedMatrix.tpp **** 
  67:..\..\libs\Foundation\psoc5lp_armgcc_cortex_m3_soft_debug\include\Foundation-1.0.0/Foundation/Math/Matrix/FixedMatrix/FixedMatrix.tpp **** template <typename T, unsigned int Rows, unsigned int Cols>
  68:..\..\libs\Foundation\psoc5lp_armgcc_cortex_m3_soft_debug\include\Foundation-1.0.0/Foundation/Math/Matrix/FixedMatrix/FixedMatrix.tpp **** const T* FixedMatrix<T, Rows, Cols>::Data() const {
  69:..\..\libs\Foundation\psoc5lp_armgcc_cortex_m3_soft_debug\include\Foundation-1.0.0/Foundation/Math/Matrix/FixedMatrix/FixedMatrix.tpp ****     return &_data[0][0];
  70:..\..\libs\Foundation\psoc5lp_armgcc_cortex_m3_soft_debug\include\Foundation-1.0.0/Foundation/Math/Matrix/FixedMatrix/FixedMatrix.tpp **** }
  71:..\..\libs\Foundation\psoc5lp_armgcc_cortex_m3_soft_debug\include\Foundation-1.0.0/Foundation/Math/Matrix/FixedMatrix/FixedMatrix.tpp **** 
  72:..\..\libs\Foundation\psoc5lp_armgcc_cortex_m3_soft_debug\include\Foundation-1.0.0/Foundation/Math/Matrix/FixedMatrix/FixedMatrix.tpp **** template <typename T, unsigned int Rows, unsigned int Cols>
  73:..\..\libs\Foundation\psoc5lp_armgcc_cortex_m3_soft_debug\include\Foundation-1.0.0/Foundation/Math/Matrix/FixedMatrix/FixedMatrix.tpp **** T& FixedMatrix<T, Rows, Cols>::At(
  74:..\..\libs\Foundation\psoc5lp_armgcc_cortex_m3_soft_debug\include\Foundation-1.0.0/Foundation/Math/Matrix/FixedMatrix/FixedMatrix.tpp ****     unsigned int row,
  75:..\..\libs\Foundation\psoc5lp_armgcc_cortex_m3_soft_debug\include\Foundation-1.0.0/Foundation/Math/Matrix/FixedMatrix/FixedMatrix.tpp ****     unsigned int col
  76:..\..\libs\Foundation\psoc5lp_armgcc_cortex_m3_soft_debug\include\Foundation-1.0.0/Foundation/Math/Matrix/FixedMatrix/FixedMatrix.tpp **** ) {
  77:..\..\libs\Foundation\psoc5lp_armgcc_cortex_m3_soft_debug\include\Foundation-1.0.0/Foundation/Math/Matrix/FixedMatrix/FixedMatrix.tpp ****     return _data[row][col];
  78:..\..\libs\Foundation\psoc5lp_armgcc_cortex_m3_soft_debug\include\Foundation-1.0.0/Foundation/Math/Matrix/FixedMatrix/FixedMatrix.tpp **** }
  79:..\..\libs\Foundation\psoc5lp_armgcc_cortex_m3_soft_debug\include\Foundation-1.0.0/Foundation/Math/Matrix/FixedMatrix/FixedMatrix.tpp **** 
  80:..\..\libs\Foundation\psoc5lp_armgcc_cortex_m3_soft_debug\include\Foundation-1.0.0/Foundation/Math/Matrix/FixedMatrix/FixedMatrix.tpp **** template <typename T, unsigned int Rows, unsigned int Cols>
  81:..\..\libs\Foundation\psoc5lp_armgcc_cortex_m3_soft_debug\include\Foundation-1.0.0/Foundation/Math/Matrix/FixedMatrix/FixedMatrix.tpp **** const T& FixedMatrix<T, Rows, Cols>::At(
  82:..\..\libs\Foundation\psoc5lp_armgcc_cortex_m3_soft_debug\include\Foundation-1.0.0/Foundation/Math/Matrix/FixedMatrix/FixedMatrix.tpp ****     unsigned int row,
  83:..\..\libs\Foundation\psoc5lp_armgcc_cortex_m3_soft_debug\include\Foundation-1.0.0/Foundation/Math/Matrix/FixedMatrix/FixedMatrix.tpp ****     unsigned int col
  84:..\..\libs\Foundation\psoc5lp_armgcc_cortex_m3_soft_debug\include\Foundation-1.0.0/Foundation/Math/Matrix/FixedMatrix/FixedMatrix.tpp **** ) const {
  85:..\..\libs\Foundation\psoc5lp_armgcc_cortex_m3_soft_debug\include\Foundation-1.0.0/Foundation/Math/Matrix/FixedMatrix/FixedMatrix.tpp ****     return _data[row][col];
  86:..\..\libs\Foundation\psoc5lp_armgcc_cortex_m3_soft_debug\include\Foundation-1.0.0/Foundation/Math/Matrix/FixedMatrix/FixedMatrix.tpp **** }
  87:..\..\libs\Foundation\psoc5lp_armgcc_cortex_m3_soft_debug\include\Foundation-1.0.0/Foundation/Math/Matrix/FixedMatrix/FixedMatrix.tpp **** 
  88:..\..\libs\Foundation\psoc5lp_armgcc_cortex_m3_soft_debug\include\Foundation-1.0.0/Foundation/Math/Matrix/FixedMatrix/FixedMatrix.tpp **** template <typename T, unsigned int Rows, unsigned int Cols>
  89:..\..\libs\Foundation\psoc5lp_armgcc_cortex_m3_soft_debug\include\Foundation-1.0.0/Foundation/Math/Matrix/FixedMatrix/FixedMatrix.tpp **** T* FixedMatrix<T, Rows, Cols>::operator[](unsigned int row) {
  90:..\..\libs\Foundation\psoc5lp_armgcc_cortex_m3_soft_debug\include\Foundation-1.0.0/Foundation/Math/Matrix/FixedMatrix/FixedMatrix.tpp ****     return _data[row];
  91:..\..\libs\Foundation\psoc5lp_armgcc_cortex_m3_soft_debug\include\Foundation-1.0.0/Foundation/Math/Matrix/FixedMatrix/FixedMatrix.tpp **** }
  92:..\..\libs\Foundation\psoc5lp_armgcc_cortex_m3_soft_debug\include\Foundation-1.0.0/Foundation/Math/Matrix/FixedMatrix/FixedMatrix.tpp **** 
  93:..\..\libs\Foundation\psoc5lp_armgcc_cortex_m3_soft_debug\include\Foundation-1.0.0/Foundation/Math/Matrix/FixedMatrix/FixedMatrix.tpp **** template <typename T, unsigned int Rows, unsigned int Cols>
  94:..\..\libs\Foundation\psoc5lp_armgcc_cortex_m3_soft_debug\include\Foundation-1.0.0/Foundation/Math/Matrix/FixedMatrix/FixedMatrix.tpp **** const T* FixedMatrix<T, Rows, Cols>::operator[](unsigned int row) const {
  55              		.loc 2 94 0
ARM GAS  C:\Users\PC\AppData\Local\Temp\ccyBAMgs.s 			page 4


  56              		.cfi_startproc
  57              		@ args = 0, pretend = 0, frame = 0
  58              		@ frame_needed = 0, uses_anonymous_args = 0
  59              		@ link register save eliminated.
  60              	.LVL2:
  95:..\..\libs\Foundation\psoc5lp_armgcc_cortex_m3_soft_debug\include\Foundation-1.0.0/Foundation/Math/Matrix/FixedMatrix/FixedMatrix.tpp ****     return _data[row];
  96:..\..\libs\Foundation\psoc5lp_armgcc_cortex_m3_soft_debug\include\Foundation-1.0.0/Foundation/Math/Matrix/FixedMatrix/FixedMatrix.tpp **** }
  61              		.loc 2 96 0
  62 0000 00EB0110 		add	r0, r0, r1, lsl #4
  63              	.LVL3:
  64 0004 7047     		bx	lr
  65              		.cfi_endproc
  66              	.LFE176:
  67              		.size	_ZNK10Foundation4Math11FixedMatrixIfLj4ELj4EEixEj, .-_ZNK10Foundation4Math11FixedMatrixIfLj4
  68              		.global	__aeabi_f2d
  69 0006 00BF     		.section	.text._ZL14PrintMatrix4x4RKN10Foundation4Math11FixedMatrixIfLj4ELj4EEE,"ax",%progbits
  70              		.align	2
  71              		.thumb
  72              		.thumb_func
  73              		.type	_ZL14PrintMatrix4x4RKN10Foundation4Math11FixedMatrixIfLj4ELj4EEE, %function
  74              	_ZL14PrintMatrix4x4RKN10Foundation4Math11FixedMatrixIfLj4ELj4EEE:
  75              	.LFB173:
  76              		.file 3 "main.cpp"
   1:main.cpp      **** /* ========================================
   2:main.cpp      ****  *
   3:main.cpp      ****  * Copyright YOUR COMPANY, THE YEAR
   4:main.cpp      ****  * All Rights Reserved
   5:main.cpp      ****  * UNPUBLISHED, LICENSED SOFTWARE.
   6:main.cpp      ****  *
   7:main.cpp      ****  * CONFIDENTIAL AND PROPRIETARY INFORMATION
   8:main.cpp      ****  * WHICH IS THE PROPERTY OF your company.
   9:main.cpp      ****  *
  10:main.cpp      ****  * ========================================
  11:main.cpp      **** */
  12:main.cpp      **** 
  13:main.cpp      **** extern "C" {
  14:main.cpp      ****     #include "project.h"
  15:main.cpp      **** }
  16:main.cpp      **** 
  17:main.cpp      **** #include "Hardware.hpp"
  18:main.cpp      **** 
  19:main.cpp      **** #include <Foundation/Math.h>
  20:main.cpp      **** #include <Foundation/Math/Matrix.h>
  21:main.cpp      **** #include <Foundation/Math/Matrix/Matrix.h>
  22:main.cpp      **** 
  23:main.cpp      **** #include <math.h>
  24:main.cpp      **** #include <stdio.h>
  25:main.cpp      **** 
  26:main.cpp      **** using namespace Foundation;
  27:main.cpp      **** 
  28:main.cpp      **** static void PrintMatrix4x4(
  29:main.cpp      ****     const Math::FixedMatrix<float, 4, 4>& m
  30:main.cpp      **** ) {
  77              		.loc 3 30 0
  78              		.cfi_startproc
  79              		@ args = 0, pretend = 0, frame = 136
  80              		@ frame_needed = 0, uses_anonymous_args = 0
ARM GAS  C:\Users\PC\AppData\Local\Temp\ccyBAMgs.s 			page 5


  81              	.LVL4:
  82 0000 2DE9F04F 		push	{r4, r5, r6, r7, r8, r9, r10, fp, lr}
  83              		.cfi_def_cfa_offset 36
  84              		.cfi_offset 4, -36
  85              		.cfi_offset 5, -32
  86              		.cfi_offset 6, -28
  87              		.cfi_offset 7, -24
  88              		.cfi_offset 8, -20
  89              		.cfi_offset 9, -16
  90              		.cfi_offset 10, -12
  91              		.cfi_offset 11, -8
  92              		.cfi_offset 14, -4
  93 0004 A9B0     		sub	sp, sp, #164
  94              		.cfi_def_cfa_offset 200
  95 0006 0790     		str	r0, [sp, #28]
  96              	.LVL5:
  97              	.LBB14:
  31:main.cpp      ****     char buffer[128];
  32:main.cpp      **** 
  33:main.cpp      ****     for(uint32_t i = 0; i < 4; i++) {
  98              		.loc 3 33 0
  99 0008 4FF0000B 		mov	fp, #0
 100              	.LVL6:
 101              	.L6:
 102              		.loc 3 33 0 is_stmt 0 discriminator 3
 103 000c BBF1030F 		cmp	fp, #3
 104 0010 2BD8     		bhi	.L4
  34:main.cpp      ****         sprintf(
  35:main.cpp      ****             buffer,
  36:main.cpp      ****             "[ %8.3f %8.3f %8.3f %8.3f ]\r\n",
  37:main.cpp      ****             m[i][0],
 105              		.loc 3 37 0 is_stmt 1 discriminator 2
 106 0012 5946     		mov	r1, fp
 107 0014 0798     		ldr	r0, [sp, #28]
 108 0016 FFF7FEFF 		bl	_ZNK10Foundation4Math11FixedMatrixIfLj4ELj4EEixEj
 109              	.LVL7:
 110 001a 8246     		mov	r10, r0
  34:main.cpp      ****         sprintf(
 111              		.loc 3 34 0 discriminator 2
 112 001c 0068     		ldr	r0, [r0]	@ float
 113 001e FFF7FEFF 		bl	__aeabi_f2d
 114              	.LVL8:
 115 0022 0446     		mov	r4, r0
 116 0024 0D46     		mov	r5, r1
 117 0026 DAF80400 		ldr	r0, [r10, #4]	@ float
 118 002a FFF7FEFF 		bl	__aeabi_f2d
 119              	.LVL9:
 120 002e 0646     		mov	r6, r0
 121 0030 0F46     		mov	r7, r1
 122 0032 DAF80800 		ldr	r0, [r10, #8]	@ float
 123 0036 FFF7FEFF 		bl	__aeabi_f2d
 124              	.LVL10:
 125 003a 8046     		mov	r8, r0
 126 003c 8946     		mov	r9, r1
 127 003e DAF80C00 		ldr	r0, [r10, #12]	@ float
 128 0042 FFF7FEFF 		bl	__aeabi_f2d
 129              	.LVL11:
ARM GAS  C:\Users\PC\AppData\Local\Temp\ccyBAMgs.s 			page 6


  38:main.cpp      ****             m[i][1],
  39:main.cpp      ****             m[i][2],
  40:main.cpp      ****             m[i][3]
  41:main.cpp      ****         );
 130              		.loc 3 41 0 discriminator 2
 131 0046 CDE90401 		strd	r0, [sp, #16]
 132 004a CDE90289 		strd	r8, [sp, #8]
 133 004e CDE90067 		strd	r6, [sp]
 134 0052 2246     		mov	r2, r4
 135 0054 2B46     		mov	r3, r5
 136 0056 0649     		ldr	r1, .L8
 137 0058 08A8     		add	r0, sp, #32
 138 005a FFF7FEFF 		bl	sprintf
 139              	.LVL12:
  42:main.cpp      **** 
  43:main.cpp      ****         UART_PutString(buffer);
 140              		.loc 3 43 0 discriminator 2
 141 005e 08A8     		add	r0, sp, #32
 142 0060 FFF7FEFF 		bl	UART_PutString
 143              	.LVL13:
  33:main.cpp      ****         sprintf(
 144              		.loc 3 33 0 discriminator 2
 145 0064 0BF1010B 		add	fp, fp, #1
 146              	.LVL14:
 147 0068 D0E7     		b	.L6
 148              	.L4:
 149              	.LBE14:
  44:main.cpp      ****     }
  45:main.cpp      **** }
 150              		.loc 3 45 0
 151 006a 29B0     		add	sp, sp, #164
 152              		.cfi_def_cfa_offset 36
 153              		@ sp needed
 154 006c BDE8F08F 		pop	{r4, r5, r6, r7, r8, r9, r10, fp, pc}
 155              	.LVL15:
 156              	.L9:
 157              		.align	2
 158              	.L8:
 159 0070 00000000 		.word	.LC0
 160              		.cfi_endproc
 161              	.LFE173:
 162              		.size	_ZL14PrintMatrix4x4RKN10Foundation4Math11FixedMatrixIfLj4ELj4EEE, .-_ZL14PrintMatrix4x4RKN10
 163              		.section	.text._ZN10Foundation4Math11FixedMatrixIfLj4ELj4EEixEj,"axG",%progbits,_ZN10Foundation4Ma
 164              		.align	2
 165              		.weak	_ZN10Foundation4Math11FixedMatrixIfLj4ELj4EEixEj
 166              		.thumb
 167              		.thumb_func
 168              		.type	_ZN10Foundation4Math11FixedMatrixIfLj4ELj4EEixEj, %function
 169              	_ZN10Foundation4Math11FixedMatrixIfLj4ELj4EEixEj:
 170              	.LFB177:
  89:..\..\libs\Foundation\psoc5lp_armgcc_cortex_m3_soft_debug\include\Foundation-1.0.0/Foundation/Math/Matrix/FixedMatrix/FixedMatrix.tpp ****     return _data[row];
 171              		.loc 2 89 0
 172              		.cfi_startproc
 173              		@ args = 0, pretend = 0, frame = 0
 174              		@ frame_needed = 0, uses_anonymous_args = 0
 175              		@ link register save eliminated.
 176              	.LVL16:
ARM GAS  C:\Users\PC\AppData\Local\Temp\ccyBAMgs.s 			page 7


  91:..\..\libs\Foundation\psoc5lp_armgcc_cortex_m3_soft_debug\include\Foundation-1.0.0/Foundation/Math/Matrix/FixedMatrix/FixedMatrix.tpp **** 
 177              		.loc 2 91 0
 178 0000 00EB0110 		add	r0, r0, r1, lsl #4
 179              	.LVL17:
 180 0004 7047     		bx	lr
 181              		.cfi_endproc
 182              	.LFE177:
 183              		.size	_ZN10Foundation4Math11FixedMatrixIfLj4ELj4EEixEj, .-_ZN10Foundation4Math11FixedMatrixIfLj4EL
 184              		.global	__aeabi_fmul
 185 0006 00BF     		.section	.text._ZL7BuildDHffffRN10Foundation4Math11FixedMatrixIfLj4ELj4EEE,"ax",%progbits
 186              		.align	2
 187              		.thumb
 188              		.thumb_func
 189              		.type	_ZL7BuildDHffffRN10Foundation4Math11FixedMatrixIfLj4ELj4EEE, %function
 190              	_ZL7BuildDHffffRN10Foundation4Math11FixedMatrixIfLj4ELj4EEE:
 191              	.LFB174:
  46:main.cpp      **** 
  47:main.cpp      **** static void BuildDH(
  48:main.cpp      ****     float theta,
  49:main.cpp      ****     float d,
  50:main.cpp      ****     float a,
  51:main.cpp      ****     float alpha,
  52:main.cpp      ****     Math::FixedMatrix<float, 4, 4>& T
  53:main.cpp      **** ) {
 192              		.loc 3 53 0
 193              		.cfi_startproc
 194              		@ args = 4, pretend = 0, frame = 0
 195              		@ frame_needed = 0, uses_anonymous_args = 0
 196              	.LVL18:
 197 0000 2DE9F047 		push	{r4, r5, r6, r7, r8, r9, r10, lr}
 198              		.cfi_def_cfa_offset 32
 199              		.cfi_offset 4, -32
 200              		.cfi_offset 5, -28
 201              		.cfi_offset 6, -24
 202              		.cfi_offset 7, -20
 203              		.cfi_offset 8, -16
 204              		.cfi_offset 9, -12
 205              		.cfi_offset 10, -8
 206              		.cfi_offset 14, -4
 207 0004 0646     		mov	r6, r0
 208 0006 8846     		mov	r8, r1
 209 0008 9246     		mov	r10, r2
 210 000a 1D46     		mov	r5, r3
  54:main.cpp      ****     float ct = cosf(theta);
 211              		.loc 3 54 0
 212 000c FFF7FEFF 		bl	cosf
 213              	.LVL19:
 214 0010 0446     		mov	r4, r0
 215              	.LVL20:
  55:main.cpp      ****     float st = sinf(theta);
 216              		.loc 3 55 0
 217 0012 3046     		mov	r0, r6
 218              	.LVL21:
 219 0014 FFF7FEFF 		bl	sinf
 220              	.LVL22:
 221 0018 8146     		mov	r9, r0
 222              	.LVL23:
ARM GAS  C:\Users\PC\AppData\Local\Temp\ccyBAMgs.s 			page 8


  56:main.cpp      ****     float ca = cosf(alpha);
 223              		.loc 3 56 0
 224 001a 2846     		mov	r0, r5
 225              	.LVL24:
 226 001c FFF7FEFF 		bl	cosf
 227              	.LVL25:
 228 0020 0646     		mov	r6, r0
 229              	.LVL26:
  57:main.cpp      ****     float sa = sinf(alpha);
 230              		.loc 3 57 0
 231 0022 2846     		mov	r0, r5
 232              	.LVL27:
 233 0024 FFF7FEFF 		bl	sinf
 234              	.LVL28:
 235 0028 0746     		mov	r7, r0
 236              	.LVL29:
  58:main.cpp      **** 
  59:main.cpp      ****     T[0][0] = ct;
 237              		.loc 3 59 0
 238 002a 0021     		movs	r1, #0
 239 002c 0898     		ldr	r0, [sp, #32]
 240              	.LVL30:
 241 002e FFF7FEFF 		bl	_ZN10Foundation4Math11FixedMatrixIfLj4ELj4EEixEj
 242              	.LVL31:
 243 0032 0546     		mov	r5, r0
 244              	.LVL32:
 245 0034 0460     		str	r4, [r0]	@ float
  60:main.cpp      ****     T[0][1] = -st * ca;
 246              		.loc 3 60 0
 247 0036 09F10040 		add	r0, r9, #-2147483648
 248 003a 3146     		mov	r1, r6
 249 003c FFF7FEFF 		bl	__aeabi_fmul
 250              	.LVL33:
 251 0040 6860     		str	r0, [r5, #4]	@ float
  61:main.cpp      ****     T[0][2] = st * sa;
 252              		.loc 3 61 0
 253 0042 3946     		mov	r1, r7
 254 0044 4846     		mov	r0, r9
 255 0046 FFF7FEFF 		bl	__aeabi_fmul
 256              	.LVL34:
 257 004a A860     		str	r0, [r5, #8]	@ float
  62:main.cpp      ****     T[0][3] = a * ct;
 258              		.loc 3 62 0
 259 004c 5146     		mov	r1, r10
 260 004e 2046     		mov	r0, r4
 261 0050 FFF7FEFF 		bl	__aeabi_fmul
 262              	.LVL35:
 263 0054 E860     		str	r0, [r5, #12]	@ float
  63:main.cpp      **** 
  64:main.cpp      ****     T[1][0] = st;
 264              		.loc 3 64 0
 265 0056 0121     		movs	r1, #1
 266 0058 0898     		ldr	r0, [sp, #32]
 267 005a FFF7FEFF 		bl	_ZN10Foundation4Math11FixedMatrixIfLj4ELj4EEixEj
 268              	.LVL36:
 269 005e 0546     		mov	r5, r0
 270 0060 C0F80090 		str	r9, [r0]	@ float
ARM GAS  C:\Users\PC\AppData\Local\Temp\ccyBAMgs.s 			page 9


  65:main.cpp      ****     T[1][1] = ct * ca;
 271              		.loc 3 65 0
 272 0064 3146     		mov	r1, r6
 273 0066 2046     		mov	r0, r4
 274 0068 FFF7FEFF 		bl	__aeabi_fmul
 275              	.LVL37:
 276 006c 6860     		str	r0, [r5, #4]	@ float
  66:main.cpp      ****     T[1][2] = -ct * sa;
 277              		.loc 3 66 0
 278 006e 04F10040 		add	r0, r4, #-2147483648
 279 0072 3946     		mov	r1, r7
 280 0074 FFF7FEFF 		bl	__aeabi_fmul
 281              	.LVL38:
 282 0078 A860     		str	r0, [r5, #8]	@ float
  67:main.cpp      ****     T[1][3] = a * st;
 283              		.loc 3 67 0
 284 007a 5146     		mov	r1, r10
 285 007c 4846     		mov	r0, r9
 286 007e FFF7FEFF 		bl	__aeabi_fmul
 287              	.LVL39:
 288 0082 E860     		str	r0, [r5, #12]	@ float
  68:main.cpp      **** 
  69:main.cpp      ****     T[2][0] = 0.0f;
 289              		.loc 3 69 0
 290 0084 0221     		movs	r1, #2
 291 0086 0898     		ldr	r0, [sp, #32]
 292 0088 FFF7FEFF 		bl	_ZN10Foundation4Math11FixedMatrixIfLj4ELj4EEixEj
 293              	.LVL40:
 294 008c 0024     		movs	r4, #0
 295              	.LVL41:
 296 008e 0460     		str	r4, [r0]	@ float
  70:main.cpp      ****     T[2][1] = sa;
 297              		.loc 3 70 0
 298 0090 4760     		str	r7, [r0, #4]	@ float
  71:main.cpp      ****     T[2][2] = ca;
 299              		.loc 3 71 0
 300 0092 8660     		str	r6, [r0, #8]	@ float
  72:main.cpp      ****     T[2][3] = d;
 301              		.loc 3 72 0
 302 0094 C0F80C80 		str	r8, [r0, #12]	@ float
  73:main.cpp      **** 
  74:main.cpp      ****     T[3][0] = 0.0f;
 303              		.loc 3 74 0
 304 0098 0321     		movs	r1, #3
 305 009a 0898     		ldr	r0, [sp, #32]
 306 009c FFF7FEFF 		bl	_ZN10Foundation4Math11FixedMatrixIfLj4ELj4EEixEj
 307              	.LVL42:
 308 00a0 0460     		str	r4, [r0]	@ float
  75:main.cpp      ****     T[3][1] = 0.0f;
 309              		.loc 3 75 0
 310 00a2 4460     		str	r4, [r0, #4]	@ float
  76:main.cpp      ****     T[3][2] = 0.0f;
 311              		.loc 3 76 0
 312 00a4 8460     		str	r4, [r0, #8]	@ float
  77:main.cpp      ****     T[3][3] = 1.0f;
 313              		.loc 3 77 0
 314 00a6 4FF07E53 		mov	r3, #1065353216
ARM GAS  C:\Users\PC\AppData\Local\Temp\ccyBAMgs.s 			page 10


 315 00aa C360     		str	r3, [r0, #12]	@ float
 316 00ac BDE8F087 		pop	{r4, r5, r6, r7, r8, r9, r10, pc}
 317              		.cfi_endproc
 318              	.LFE174:
 319              		.size	_ZL7BuildDHffffRN10Foundation4Math11FixedMatrixIfLj4ELj4EEE, .-_ZL7BuildDHffffRN10Foundation
 320              		.global	__aeabi_fadd
 321              		.section	.text._ZN10Foundation4Math8MultiplyIfLj4ELj4ELj4EEEvRKNS0_11FixedMatrixIT_XT0_EXT1_EEERKN
 322              		.align	2
 323              		.weak	_ZN10Foundation4Math8MultiplyIfLj4ELj4ELj4EEEvRKNS0_11FixedMatrixIT_XT0_EXT1_EEERKNS2_IS3_XT
 324              		.thumb
 325              		.thumb_func
 326              		.type	_ZN10Foundation4Math8MultiplyIfLj4ELj4ELj4EEEvRKNS0_11FixedMatrixIT_XT0_EXT1_EEERKNS2_IS3_XT
 327              	_ZN10Foundation4Math8MultiplyIfLj4ELj4ELj4EEEvRKNS0_11FixedMatrixIT_XT0_EXT1_EEERKNS2_IS3_XT1_EXT2_
 328              	.LFB181:
 329              		.file 4 "..\\..\\libs\\Foundation\\psoc5lp_armgcc_cortex_m3_soft_debug\\include\\Foundation-1.0.0/
   1:..\..\libs\Foundation\psoc5lp_armgcc_cortex_m3_soft_debug\include\Foundation-1.0.0/Foundation/Math/Matrix/MatrixOperations.h **** #ifndef FOUNDATION_MATH_MATRIX_OPERATIONS_H
   2:..\..\libs\Foundation\psoc5lp_armgcc_cortex_m3_soft_debug\include\Foundation-1.0.0/Foundation/Math/Matrix/MatrixOperations.h **** #define FOUNDATION_MATH_MATRIX_OPERATIONS_H
   3:..\..\libs\Foundation\psoc5lp_armgcc_cortex_m3_soft_debug\include\Foundation-1.0.0/Foundation/Math/Matrix/MatrixOperations.h **** 
   4:..\..\libs\Foundation\psoc5lp_armgcc_cortex_m3_soft_debug\include\Foundation-1.0.0/Foundation/Math/Matrix/MatrixOperations.h **** #include <Foundation/Math/Matrix/FixedMatrix/FixedMatrix.h>
   5:..\..\libs\Foundation\psoc5lp_armgcc_cortex_m3_soft_debug\include\Foundation-1.0.0/Foundation/Math/Matrix/MatrixOperations.h **** #include <Foundation/Math/Matrix/DynamicMatrix/DynamicMatrix.h>
   6:..\..\libs\Foundation\psoc5lp_armgcc_cortex_m3_soft_debug\include\Foundation-1.0.0/Foundation/Math/Matrix/MatrixOperations.h **** 
   7:..\..\libs\Foundation\psoc5lp_armgcc_cortex_m3_soft_debug\include\Foundation-1.0.0/Foundation/Math/Matrix/MatrixOperations.h **** namespace Foundation {
   8:..\..\libs\Foundation\psoc5lp_armgcc_cortex_m3_soft_debug\include\Foundation-1.0.0/Foundation/Math/Matrix/MatrixOperations.h **** namespace Math {
   9:..\..\libs\Foundation\psoc5lp_armgcc_cortex_m3_soft_debug\include\Foundation-1.0.0/Foundation/Math/Matrix/MatrixOperations.h **** 
  10:..\..\libs\Foundation\psoc5lp_armgcc_cortex_m3_soft_debug\include\Foundation-1.0.0/Foundation/Math/Matrix/MatrixOperations.h **** template <
  11:..\..\libs\Foundation\psoc5lp_armgcc_cortex_m3_soft_debug\include\Foundation-1.0.0/Foundation/Math/Matrix/MatrixOperations.h ****     typename T,
  12:..\..\libs\Foundation\psoc5lp_armgcc_cortex_m3_soft_debug\include\Foundation-1.0.0/Foundation/Math/Matrix/MatrixOperations.h ****     unsigned int RowsA,
  13:..\..\libs\Foundation\psoc5lp_armgcc_cortex_m3_soft_debug\include\Foundation-1.0.0/Foundation/Math/Matrix/MatrixOperations.h ****     unsigned int ColsA,
  14:..\..\libs\Foundation\psoc5lp_armgcc_cortex_m3_soft_debug\include\Foundation-1.0.0/Foundation/Math/Matrix/MatrixOperations.h ****     unsigned int ColsB
  15:..\..\libs\Foundation\psoc5lp_armgcc_cortex_m3_soft_debug\include\Foundation-1.0.0/Foundation/Math/Matrix/MatrixOperations.h **** >
  16:..\..\libs\Foundation\psoc5lp_armgcc_cortex_m3_soft_debug\include\Foundation-1.0.0/Foundation/Math/Matrix/MatrixOperations.h **** void Multiply(
 330              		.loc 4 16 0
 331              		.cfi_startproc
 332              		@ args = 0, pretend = 0, frame = 8
 333              		@ frame_needed = 0, uses_anonymous_args = 0
 334              	.LVL43:
 335 0000 2DE9F04F 		push	{r4, r5, r6, r7, r8, r9, r10, fp, lr}
 336              		.cfi_def_cfa_offset 36
 337              		.cfi_offset 4, -36
 338              		.cfi_offset 5, -32
 339              		.cfi_offset 6, -28
 340              		.cfi_offset 7, -24
 341              		.cfi_offset 8, -20
 342              		.cfi_offset 9, -16
 343              		.cfi_offset 10, -12
 344              		.cfi_offset 11, -8
 345              		.cfi_offset 14, -4
 346 0004 83B0     		sub	sp, sp, #12
 347              		.cfi_def_cfa_offset 48
 348 0006 8346     		mov	fp, r0
 349 0008 8A46     		mov	r10, r1
 350 000a 0192     		str	r2, [sp, #4]
 351              	.LVL44:
 352              	.LBB15:
  17:..\..\libs\Foundation\psoc5lp_armgcc_cortex_m3_soft_debug\include\Foundation-1.0.0/Foundation/Math/Matrix/MatrixOperations.h ****     const FixedMatrix<T, RowsA, ColsA>& a,
  18:..\..\libs\Foundation\psoc5lp_armgcc_cortex_m3_soft_debug\include\Foundation-1.0.0/Foundation/Math/Matrix/MatrixOperations.h ****     const FixedMatrix<T, ColsA, ColsB>& b,
  19:..\..\libs\Foundation\psoc5lp_armgcc_cortex_m3_soft_debug\include\Foundation-1.0.0/Foundation/Math/Matrix/MatrixOperations.h ****     FixedMatrix<T, RowsA, ColsB>& result
ARM GAS  C:\Users\PC\AppData\Local\Temp\ccyBAMgs.s 			page 11


  20:..\..\libs\Foundation\psoc5lp_armgcc_cortex_m3_soft_debug\include\Foundation-1.0.0/Foundation/Math/Matrix/MatrixOperations.h **** ) {
  21:..\..\libs\Foundation\psoc5lp_armgcc_cortex_m3_soft_debug\include\Foundation-1.0.0/Foundation/Math/Matrix/MatrixOperations.h ****     for(unsigned int i = 0; i < RowsA; i++) {
 353              		.loc 4 21 0
 354 000c 4FF00008 		mov	r8, #0
 355              	.LVL45:
 356              	.L19:
 357              		.loc 4 21 0 is_stmt 0 discriminator 1
 358 0010 B8F1030F 		cmp	r8, #3
 359 0014 2CD8     		bhi	.L13
 360 0016 4FF00009 		mov	r9, #0
 361              	.L18:
 362              	.LVL46:
 363              	.LBB16:
  22:..\..\libs\Foundation\psoc5lp_armgcc_cortex_m3_soft_debug\include\Foundation-1.0.0/Foundation/Math/Matrix/MatrixOperations.h ****         for(unsigned int j = 0; j < ColsB; j++) {
 364              		.loc 4 22 0 is_stmt 1 discriminator 1
 365 001a B9F1030F 		cmp	r9, #3
 366 001e 24D8     		bhi	.L15
 367              	.LBB17:
  23:..\..\libs\Foundation\psoc5lp_armgcc_cortex_m3_soft_debug\include\Foundation-1.0.0/Foundation/Math/Matrix/MatrixOperations.h ****             result[i][j] = T();
 368              		.loc 4 23 0
 369 0020 4146     		mov	r1, r8
 370 0022 0198     		ldr	r0, [sp, #4]
 371 0024 FFF7FEFF 		bl	_ZN10Foundation4Math11FixedMatrixIfLj4ELj4EEixEj
 372              	.LVL47:
 373 0028 4FEA8907 		lsl	r7, r9, #2
 374 002c C519     		adds	r5, r0, r7
 375 002e 0023     		movs	r3, #0
 376 0030 40F82930 		str	r3, [r0, r9, lsl #2]	@ float
 377              	.LVL48:
 378              	.LBB18:
  24:..\..\libs\Foundation\psoc5lp_armgcc_cortex_m3_soft_debug\include\Foundation-1.0.0/Foundation/Math/Matrix/MatrixOperations.h **** 
  25:..\..\libs\Foundation\psoc5lp_armgcc_cortex_m3_soft_debug\include\Foundation-1.0.0/Foundation/Math/Matrix/MatrixOperations.h ****             for(unsigned int k = 0; k < ColsA; k++) {
 379              		.loc 4 25 0
 380 0034 0024     		movs	r4, #0
 381              	.LVL49:
 382              	.L17:
 383              		.loc 4 25 0 is_stmt 0 discriminator 3
 384 0036 032C     		cmp	r4, #3
 385 0038 14D8     		bhi	.L16
  26:..\..\libs\Foundation\psoc5lp_armgcc_cortex_m3_soft_debug\include\Foundation-1.0.0/Foundation/Math/Matrix/MatrixOperations.h ****                 result[i][j] += a[i][k] * b[k][j];
 386              		.loc 4 26 0 is_stmt 1 discriminator 2
 387 003a 4146     		mov	r1, r8
 388 003c 5846     		mov	r0, fp
 389 003e FFF7FEFF 		bl	_ZNK10Foundation4Math11FixedMatrixIfLj4ELj4EEixEj
 390              	.LVL50:
 391 0042 0646     		mov	r6, r0
 392 0044 2146     		mov	r1, r4
 393 0046 5046     		mov	r0, r10
 394 0048 FFF7FEFF 		bl	_ZNK10Foundation4Math11FixedMatrixIfLj4ELj4EEixEj
 395              	.LVL51:
 396 004c C159     		ldr	r1, [r0, r7]	@ float
 397 004e 56F82400 		ldr	r0, [r6, r4, lsl #2]	@ float
 398 0052 FFF7FEFF 		bl	__aeabi_fmul
 399              	.LVL52:
 400 0056 0146     		mov	r1, r0
 401 0058 2868     		ldr	r0, [r5]	@ float
 402 005a FFF7FEFF 		bl	__aeabi_fadd
ARM GAS  C:\Users\PC\AppData\Local\Temp\ccyBAMgs.s 			page 12


 403              	.LVL53:
 404 005e 2860     		str	r0, [r5]	@ float
  25:..\..\libs\Foundation\psoc5lp_armgcc_cortex_m3_soft_debug\include\Foundation-1.0.0/Foundation/Math/Matrix/MatrixOperations.h ****                 result[i][j] += a[i][k] * b[k][j];
 405              		.loc 4 25 0 discriminator 2
 406 0060 0134     		adds	r4, r4, #1
 407              	.LVL54:
 408 0062 E8E7     		b	.L17
 409              	.L16:
 410              	.LBE18:
 411              	.LBE17:
  22:..\..\libs\Foundation\psoc5lp_armgcc_cortex_m3_soft_debug\include\Foundation-1.0.0/Foundation/Math/Matrix/MatrixOperations.h ****             result[i][j] = T();
 412              		.loc 4 22 0 discriminator 2
 413 0064 09F10109 		add	r9, r9, #1
 414              	.LVL55:
 415 0068 D7E7     		b	.L18
 416              	.LVL56:
 417              	.L15:
 418              	.LBE16:
  21:..\..\libs\Foundation\psoc5lp_armgcc_cortex_m3_soft_debug\include\Foundation-1.0.0/Foundation/Math/Matrix/MatrixOperations.h ****         for(unsigned int j = 0; j < ColsB; j++) {
 419              		.loc 4 21 0 discriminator 2
 420 006a 08F10108 		add	r8, r8, #1
 421              	.LVL57:
 422 006e CFE7     		b	.L19
 423              	.LVL58:
 424              	.L13:
 425              	.LBE15:
  27:..\..\libs\Foundation\psoc5lp_armgcc_cortex_m3_soft_debug\include\Foundation-1.0.0/Foundation/Math/Matrix/MatrixOperations.h ****             }
  28:..\..\libs\Foundation\psoc5lp_armgcc_cortex_m3_soft_debug\include\Foundation-1.0.0/Foundation/Math/Matrix/MatrixOperations.h ****         }
  29:..\..\libs\Foundation\psoc5lp_armgcc_cortex_m3_soft_debug\include\Foundation-1.0.0/Foundation/Math/Matrix/MatrixOperations.h ****     }
  30:..\..\libs\Foundation\psoc5lp_armgcc_cortex_m3_soft_debug\include\Foundation-1.0.0/Foundation/Math/Matrix/MatrixOperations.h **** }
 426              		.loc 4 30 0
 427 0070 03B0     		add	sp, sp, #12
 428              		.cfi_def_cfa_offset 36
 429              		@ sp needed
 430 0072 BDE8F08F 		pop	{r4, r5, r6, r7, r8, r9, r10, fp, pc}
 431              		.cfi_endproc
 432              	.LFE181:
 433              		.size	_ZN10Foundation4Math8MultiplyIfLj4ELj4ELj4EEEvRKNS0_11FixedMatrixIT_XT0_EXT1_EEERKNS2_IS3_XT
 434 0076 00BF     		.section	.text._ZN10Foundation4Math11FixedMatrixIfLj4ELj4EE4FillEf,"axG",%progbits,_ZN10Foundation
 435              		.align	2
 436              		.weak	_ZN10Foundation4Math11FixedMatrixIfLj4ELj4EE4FillEf
 437              		.thumb
 438              		.thumb_func
 439              		.type	_ZN10Foundation4Math11FixedMatrixIfLj4ELj4EE4FillEf, %function
 440              	_ZN10Foundation4Math11FixedMatrixIfLj4ELj4EE4FillEf:
 441              	.LFB183:
  97:..\..\libs\Foundation\psoc5lp_armgcc_cortex_m3_soft_debug\include\Foundation-1.0.0/Foundation/Math/Matrix/FixedMatrix/FixedMatrix.tpp **** 
  98:..\..\libs\Foundation\psoc5lp_armgcc_cortex_m3_soft_debug\include\Foundation-1.0.0/Foundation/Math/Matrix/FixedMatrix/FixedMatrix.tpp **** template <typename T, unsigned int Rows, unsigned int Cols>
  99:..\..\libs\Foundation\psoc5lp_armgcc_cortex_m3_soft_debug\include\Foundation-1.0.0/Foundation/Math/Matrix/FixedMatrix/FixedMatrix.tpp **** FixedMatrix<T, Rows, Cols> FixedMatrix<T, Rows, Cols>::operator+(
 100:..\..\libs\Foundation\psoc5lp_armgcc_cortex_m3_soft_debug\include\Foundation-1.0.0/Foundation/Math/Matrix/FixedMatrix/FixedMatrix.tpp ****     const FixedMatrix<T, Rows, Cols>& other
 101:..\..\libs\Foundation\psoc5lp_armgcc_cortex_m3_soft_debug\include\Foundation-1.0.0/Foundation/Math/Matrix/FixedMatrix/FixedMatrix.tpp **** ) const {
 102:..\..\libs\Foundation\psoc5lp_armgcc_cortex_m3_soft_debug\include\Foundation-1.0.0/Foundation/Math/Matrix/FixedMatrix/FixedMatrix.tpp ****     FixedMatrix<T, Rows, Cols> result;
 103:..\..\libs\Foundation\psoc5lp_armgcc_cortex_m3_soft_debug\include\Foundation-1.0.0/Foundation/Math/Matrix/FixedMatrix/FixedMatrix.tpp **** 
 104:..\..\libs\Foundation\psoc5lp_armgcc_cortex_m3_soft_debug\include\Foundation-1.0.0/Foundation/Math/Matrix/FixedMatrix/FixedMatrix.tpp ****     for(unsigned int i = 0; i < Rows; i++) {
 105:..\..\libs\Foundation\psoc5lp_armgcc_cortex_m3_soft_debug\include\Foundation-1.0.0/Foundation/Math/Matrix/FixedMatrix/FixedMatrix.tpp ****         for(unsigned int j = 0; j < Cols; j++) {
 106:..\..\libs\Foundation\psoc5lp_armgcc_cortex_m3_soft_debug\include\Foundation-1.0.0/Foundation/Math/Matrix/FixedMatrix/FixedMatrix.tpp ****             result._data[i][j] = _data[i][j] + other._data[i][j];
 107:..\..\libs\Foundation\psoc5lp_armgcc_cortex_m3_soft_debug\include\Foundation-1.0.0/Foundation/Math/Matrix/FixedMatrix/FixedMatrix.tpp ****         }
ARM GAS  C:\Users\PC\AppData\Local\Temp\ccyBAMgs.s 			page 13


 108:..\..\libs\Foundation\psoc5lp_armgcc_cortex_m3_soft_debug\include\Foundation-1.0.0/Foundation/Math/Matrix/FixedMatrix/FixedMatrix.tpp ****     }
 109:..\..\libs\Foundation\psoc5lp_armgcc_cortex_m3_soft_debug\include\Foundation-1.0.0/Foundation/Math/Matrix/FixedMatrix/FixedMatrix.tpp **** 
 110:..\..\libs\Foundation\psoc5lp_armgcc_cortex_m3_soft_debug\include\Foundation-1.0.0/Foundation/Math/Matrix/FixedMatrix/FixedMatrix.tpp ****     return result;
 111:..\..\libs\Foundation\psoc5lp_armgcc_cortex_m3_soft_debug\include\Foundation-1.0.0/Foundation/Math/Matrix/FixedMatrix/FixedMatrix.tpp **** }
 112:..\..\libs\Foundation\psoc5lp_armgcc_cortex_m3_soft_debug\include\Foundation-1.0.0/Foundation/Math/Matrix/FixedMatrix/FixedMatrix.tpp **** 
 113:..\..\libs\Foundation\psoc5lp_armgcc_cortex_m3_soft_debug\include\Foundation-1.0.0/Foundation/Math/Matrix/FixedMatrix/FixedMatrix.tpp **** template <typename T, unsigned int Rows, unsigned int Cols>
 114:..\..\libs\Foundation\psoc5lp_armgcc_cortex_m3_soft_debug\include\Foundation-1.0.0/Foundation/Math/Matrix/FixedMatrix/FixedMatrix.tpp **** FixedMatrix<T, Rows, Cols> FixedMatrix<T, Rows, Cols>::operator-(
 115:..\..\libs\Foundation\psoc5lp_armgcc_cortex_m3_soft_debug\include\Foundation-1.0.0/Foundation/Math/Matrix/FixedMatrix/FixedMatrix.tpp ****     const FixedMatrix<T, Rows, Cols>& other
 116:..\..\libs\Foundation\psoc5lp_armgcc_cortex_m3_soft_debug\include\Foundation-1.0.0/Foundation/Math/Matrix/FixedMatrix/FixedMatrix.tpp **** ) const {
 117:..\..\libs\Foundation\psoc5lp_armgcc_cortex_m3_soft_debug\include\Foundation-1.0.0/Foundation/Math/Matrix/FixedMatrix/FixedMatrix.tpp ****     FixedMatrix<T, Rows, Cols> result;
 118:..\..\libs\Foundation\psoc5lp_armgcc_cortex_m3_soft_debug\include\Foundation-1.0.0/Foundation/Math/Matrix/FixedMatrix/FixedMatrix.tpp **** 
 119:..\..\libs\Foundation\psoc5lp_armgcc_cortex_m3_soft_debug\include\Foundation-1.0.0/Foundation/Math/Matrix/FixedMatrix/FixedMatrix.tpp ****     for(unsigned int i = 0; i < Rows; i++) {
 120:..\..\libs\Foundation\psoc5lp_armgcc_cortex_m3_soft_debug\include\Foundation-1.0.0/Foundation/Math/Matrix/FixedMatrix/FixedMatrix.tpp ****         for(unsigned int j = 0; j < Cols; j++) {
 121:..\..\libs\Foundation\psoc5lp_armgcc_cortex_m3_soft_debug\include\Foundation-1.0.0/Foundation/Math/Matrix/FixedMatrix/FixedMatrix.tpp ****             result._data[i][j] = _data[i][j] - other._data[i][j];
 122:..\..\libs\Foundation\psoc5lp_armgcc_cortex_m3_soft_debug\include\Foundation-1.0.0/Foundation/Math/Matrix/FixedMatrix/FixedMatrix.tpp ****         }
 123:..\..\libs\Foundation\psoc5lp_armgcc_cortex_m3_soft_debug\include\Foundation-1.0.0/Foundation/Math/Matrix/FixedMatrix/FixedMatrix.tpp ****     }
 124:..\..\libs\Foundation\psoc5lp_armgcc_cortex_m3_soft_debug\include\Foundation-1.0.0/Foundation/Math/Matrix/FixedMatrix/FixedMatrix.tpp **** 
 125:..\..\libs\Foundation\psoc5lp_armgcc_cortex_m3_soft_debug\include\Foundation-1.0.0/Foundation/Math/Matrix/FixedMatrix/FixedMatrix.tpp ****     return result;
 126:..\..\libs\Foundation\psoc5lp_armgcc_cortex_m3_soft_debug\include\Foundation-1.0.0/Foundation/Math/Matrix/FixedMatrix/FixedMatrix.tpp **** }
 127:..\..\libs\Foundation\psoc5lp_armgcc_cortex_m3_soft_debug\include\Foundation-1.0.0/Foundation/Math/Matrix/FixedMatrix/FixedMatrix.tpp **** 
 128:..\..\libs\Foundation\psoc5lp_armgcc_cortex_m3_soft_debug\include\Foundation-1.0.0/Foundation/Math/Matrix/FixedMatrix/FixedMatrix.tpp **** template <typename T, unsigned int Rows, unsigned int Cols>
 129:..\..\libs\Foundation\psoc5lp_armgcc_cortex_m3_soft_debug\include\Foundation-1.0.0/Foundation/Math/Matrix/FixedMatrix/FixedMatrix.tpp **** FixedMatrix<T, Rows, Cols>& FixedMatrix<T, Rows, Cols>::operator+=(
 130:..\..\libs\Foundation\psoc5lp_armgcc_cortex_m3_soft_debug\include\Foundation-1.0.0/Foundation/Math/Matrix/FixedMatrix/FixedMatrix.tpp ****     const FixedMatrix<T, Rows, Cols>& other
 131:..\..\libs\Foundation\psoc5lp_armgcc_cortex_m3_soft_debug\include\Foundation-1.0.0/Foundation/Math/Matrix/FixedMatrix/FixedMatrix.tpp **** ) {
 132:..\..\libs\Foundation\psoc5lp_armgcc_cortex_m3_soft_debug\include\Foundation-1.0.0/Foundation/Math/Matrix/FixedMatrix/FixedMatrix.tpp ****     for(unsigned int i = 0; i < Rows; i++) {
 133:..\..\libs\Foundation\psoc5lp_armgcc_cortex_m3_soft_debug\include\Foundation-1.0.0/Foundation/Math/Matrix/FixedMatrix/FixedMatrix.tpp ****         for(unsigned int j = 0; j < Cols; j++) {
 134:..\..\libs\Foundation\psoc5lp_armgcc_cortex_m3_soft_debug\include\Foundation-1.0.0/Foundation/Math/Matrix/FixedMatrix/FixedMatrix.tpp ****             _data[i][j] += other._data[i][j];
 135:..\..\libs\Foundation\psoc5lp_armgcc_cortex_m3_soft_debug\include\Foundation-1.0.0/Foundation/Math/Matrix/FixedMatrix/FixedMatrix.tpp ****         }
 136:..\..\libs\Foundation\psoc5lp_armgcc_cortex_m3_soft_debug\include\Foundation-1.0.0/Foundation/Math/Matrix/FixedMatrix/FixedMatrix.tpp ****     }
 137:..\..\libs\Foundation\psoc5lp_armgcc_cortex_m3_soft_debug\include\Foundation-1.0.0/Foundation/Math/Matrix/FixedMatrix/FixedMatrix.tpp **** 
 138:..\..\libs\Foundation\psoc5lp_armgcc_cortex_m3_soft_debug\include\Foundation-1.0.0/Foundation/Math/Matrix/FixedMatrix/FixedMatrix.tpp ****     return *this;
 139:..\..\libs\Foundation\psoc5lp_armgcc_cortex_m3_soft_debug\include\Foundation-1.0.0/Foundation/Math/Matrix/FixedMatrix/FixedMatrix.tpp **** }
 140:..\..\libs\Foundation\psoc5lp_armgcc_cortex_m3_soft_debug\include\Foundation-1.0.0/Foundation/Math/Matrix/FixedMatrix/FixedMatrix.tpp **** 
 141:..\..\libs\Foundation\psoc5lp_armgcc_cortex_m3_soft_debug\include\Foundation-1.0.0/Foundation/Math/Matrix/FixedMatrix/FixedMatrix.tpp **** template <typename T, unsigned int Rows, unsigned int Cols>
 142:..\..\libs\Foundation\psoc5lp_armgcc_cortex_m3_soft_debug\include\Foundation-1.0.0/Foundation/Math/Matrix/FixedMatrix/FixedMatrix.tpp **** FixedMatrix<T, Rows, Cols>& FixedMatrix<T, Rows, Cols>::operator-=(
 143:..\..\libs\Foundation\psoc5lp_armgcc_cortex_m3_soft_debug\include\Foundation-1.0.0/Foundation/Math/Matrix/FixedMatrix/FixedMatrix.tpp ****     const FixedMatrix<T, Rows, Cols>& other
 144:..\..\libs\Foundation\psoc5lp_armgcc_cortex_m3_soft_debug\include\Foundation-1.0.0/Foundation/Math/Matrix/FixedMatrix/FixedMatrix.tpp **** ) {
 145:..\..\libs\Foundation\psoc5lp_armgcc_cortex_m3_soft_debug\include\Foundation-1.0.0/Foundation/Math/Matrix/FixedMatrix/FixedMatrix.tpp ****     for(unsigned int i = 0; i < Rows; i++) {
 146:..\..\libs\Foundation\psoc5lp_armgcc_cortex_m3_soft_debug\include\Foundation-1.0.0/Foundation/Math/Matrix/FixedMatrix/FixedMatrix.tpp ****         for(unsigned int j = 0; j < Cols; j++) {
 147:..\..\libs\Foundation\psoc5lp_armgcc_cortex_m3_soft_debug\include\Foundation-1.0.0/Foundation/Math/Matrix/FixedMatrix/FixedMatrix.tpp ****             _data[i][j] -= other._data[i][j];
 148:..\..\libs\Foundation\psoc5lp_armgcc_cortex_m3_soft_debug\include\Foundation-1.0.0/Foundation/Math/Matrix/FixedMatrix/FixedMatrix.tpp ****         }
 149:..\..\libs\Foundation\psoc5lp_armgcc_cortex_m3_soft_debug\include\Foundation-1.0.0/Foundation/Math/Matrix/FixedMatrix/FixedMatrix.tpp ****     }
 150:..\..\libs\Foundation\psoc5lp_armgcc_cortex_m3_soft_debug\include\Foundation-1.0.0/Foundation/Math/Matrix/FixedMatrix/FixedMatrix.tpp **** 
 151:..\..\libs\Foundation\psoc5lp_armgcc_cortex_m3_soft_debug\include\Foundation-1.0.0/Foundation/Math/Matrix/FixedMatrix/FixedMatrix.tpp ****     return *this;
 152:..\..\libs\Foundation\psoc5lp_armgcc_cortex_m3_soft_debug\include\Foundation-1.0.0/Foundation/Math/Matrix/FixedMatrix/FixedMatrix.tpp **** }
 153:..\..\libs\Foundation\psoc5lp_armgcc_cortex_m3_soft_debug\include\Foundation-1.0.0/Foundation/Math/Matrix/FixedMatrix/FixedMatrix.tpp **** 
 154:..\..\libs\Foundation\psoc5lp_armgcc_cortex_m3_soft_debug\include\Foundation-1.0.0/Foundation/Math/Matrix/FixedMatrix/FixedMatrix.tpp **** template <typename T, unsigned int Rows, unsigned int Cols>
 155:..\..\libs\Foundation\psoc5lp_armgcc_cortex_m3_soft_debug\include\Foundation-1.0.0/Foundation/Math/Matrix/FixedMatrix/FixedMatrix.tpp **** FixedMatrix<T, Rows, Cols> FixedMatrix<T, Rows, Cols>::operator*(
 156:..\..\libs\Foundation\psoc5lp_armgcc_cortex_m3_soft_debug\include\Foundation-1.0.0/Foundation/Math/Matrix/FixedMatrix/FixedMatrix.tpp ****     T scalar
 157:..\..\libs\Foundation\psoc5lp_armgcc_cortex_m3_soft_debug\include\Foundation-1.0.0/Foundation/Math/Matrix/FixedMatrix/FixedMatrix.tpp **** ) const {
 158:..\..\libs\Foundation\psoc5lp_armgcc_cortex_m3_soft_debug\include\Foundation-1.0.0/Foundation/Math/Matrix/FixedMatrix/FixedMatrix.tpp ****     FixedMatrix<T, Rows, Cols> result;
 159:..\..\libs\Foundation\psoc5lp_armgcc_cortex_m3_soft_debug\include\Foundation-1.0.0/Foundation/Math/Matrix/FixedMatrix/FixedMatrix.tpp **** 
 160:..\..\libs\Foundation\psoc5lp_armgcc_cortex_m3_soft_debug\include\Foundation-1.0.0/Foundation/Math/Matrix/FixedMatrix/FixedMatrix.tpp ****     for(unsigned int i = 0; i < Rows; i++) {
 161:..\..\libs\Foundation\psoc5lp_armgcc_cortex_m3_soft_debug\include\Foundation-1.0.0/Foundation/Math/Matrix/FixedMatrix/FixedMatrix.tpp ****         for(unsigned int j = 0; j < Cols; j++) {
 162:..\..\libs\Foundation\psoc5lp_armgcc_cortex_m3_soft_debug\include\Foundation-1.0.0/Foundation/Math/Matrix/FixedMatrix/FixedMatrix.tpp ****             result._data[i][j] = _data[i][j] * scalar;
 163:..\..\libs\Foundation\psoc5lp_armgcc_cortex_m3_soft_debug\include\Foundation-1.0.0/Foundation/Math/Matrix/FixedMatrix/FixedMatrix.tpp ****         }
 164:..\..\libs\Foundation\psoc5lp_armgcc_cortex_m3_soft_debug\include\Foundation-1.0.0/Foundation/Math/Matrix/FixedMatrix/FixedMatrix.tpp ****     }
ARM GAS  C:\Users\PC\AppData\Local\Temp\ccyBAMgs.s 			page 14


 165:..\..\libs\Foundation\psoc5lp_armgcc_cortex_m3_soft_debug\include\Foundation-1.0.0/Foundation/Math/Matrix/FixedMatrix/FixedMatrix.tpp **** 
 166:..\..\libs\Foundation\psoc5lp_armgcc_cortex_m3_soft_debug\include\Foundation-1.0.0/Foundation/Math/Matrix/FixedMatrix/FixedMatrix.tpp ****     return result;
 167:..\..\libs\Foundation\psoc5lp_armgcc_cortex_m3_soft_debug\include\Foundation-1.0.0/Foundation/Math/Matrix/FixedMatrix/FixedMatrix.tpp **** }
 168:..\..\libs\Foundation\psoc5lp_armgcc_cortex_m3_soft_debug\include\Foundation-1.0.0/Foundation/Math/Matrix/FixedMatrix/FixedMatrix.tpp **** 
 169:..\..\libs\Foundation\psoc5lp_armgcc_cortex_m3_soft_debug\include\Foundation-1.0.0/Foundation/Math/Matrix/FixedMatrix/FixedMatrix.tpp **** template <typename T, unsigned int Rows, unsigned int Cols>
 170:..\..\libs\Foundation\psoc5lp_armgcc_cortex_m3_soft_debug\include\Foundation-1.0.0/Foundation/Math/Matrix/FixedMatrix/FixedMatrix.tpp **** FixedMatrix<T, Rows, Cols> FixedMatrix<T, Rows, Cols>::operator/(
 171:..\..\libs\Foundation\psoc5lp_armgcc_cortex_m3_soft_debug\include\Foundation-1.0.0/Foundation/Math/Matrix/FixedMatrix/FixedMatrix.tpp ****     T scalar
 172:..\..\libs\Foundation\psoc5lp_armgcc_cortex_m3_soft_debug\include\Foundation-1.0.0/Foundation/Math/Matrix/FixedMatrix/FixedMatrix.tpp **** ) const {
 173:..\..\libs\Foundation\psoc5lp_armgcc_cortex_m3_soft_debug\include\Foundation-1.0.0/Foundation/Math/Matrix/FixedMatrix/FixedMatrix.tpp ****     FixedMatrix<T, Rows, Cols> result;
 174:..\..\libs\Foundation\psoc5lp_armgcc_cortex_m3_soft_debug\include\Foundation-1.0.0/Foundation/Math/Matrix/FixedMatrix/FixedMatrix.tpp **** 
 175:..\..\libs\Foundation\psoc5lp_armgcc_cortex_m3_soft_debug\include\Foundation-1.0.0/Foundation/Math/Matrix/FixedMatrix/FixedMatrix.tpp ****     for(unsigned int i = 0; i < Rows; i++) {
 176:..\..\libs\Foundation\psoc5lp_armgcc_cortex_m3_soft_debug\include\Foundation-1.0.0/Foundation/Math/Matrix/FixedMatrix/FixedMatrix.tpp ****         for(unsigned int j = 0; j < Cols; j++) {
 177:..\..\libs\Foundation\psoc5lp_armgcc_cortex_m3_soft_debug\include\Foundation-1.0.0/Foundation/Math/Matrix/FixedMatrix/FixedMatrix.tpp ****             result._data[i][j] = _data[i][j] / scalar;
 178:..\..\libs\Foundation\psoc5lp_armgcc_cortex_m3_soft_debug\include\Foundation-1.0.0/Foundation/Math/Matrix/FixedMatrix/FixedMatrix.tpp ****         }
 179:..\..\libs\Foundation\psoc5lp_armgcc_cortex_m3_soft_debug\include\Foundation-1.0.0/Foundation/Math/Matrix/FixedMatrix/FixedMatrix.tpp ****     }
 180:..\..\libs\Foundation\psoc5lp_armgcc_cortex_m3_soft_debug\include\Foundation-1.0.0/Foundation/Math/Matrix/FixedMatrix/FixedMatrix.tpp **** 
 181:..\..\libs\Foundation\psoc5lp_armgcc_cortex_m3_soft_debug\include\Foundation-1.0.0/Foundation/Math/Matrix/FixedMatrix/FixedMatrix.tpp ****     return result;
 182:..\..\libs\Foundation\psoc5lp_armgcc_cortex_m3_soft_debug\include\Foundation-1.0.0/Foundation/Math/Matrix/FixedMatrix/FixedMatrix.tpp **** }
 183:..\..\libs\Foundation\psoc5lp_armgcc_cortex_m3_soft_debug\include\Foundation-1.0.0/Foundation/Math/Matrix/FixedMatrix/FixedMatrix.tpp **** 
 184:..\..\libs\Foundation\psoc5lp_armgcc_cortex_m3_soft_debug\include\Foundation-1.0.0/Foundation/Math/Matrix/FixedMatrix/FixedMatrix.tpp **** template <typename T, unsigned int Rows, unsigned int Cols>
 185:..\..\libs\Foundation\psoc5lp_armgcc_cortex_m3_soft_debug\include\Foundation-1.0.0/Foundation/Math/Matrix/FixedMatrix/FixedMatrix.tpp **** FixedMatrix<T, Rows, Cols>& FixedMatrix<T, Rows, Cols>::operator*=(
 186:..\..\libs\Foundation\psoc5lp_armgcc_cortex_m3_soft_debug\include\Foundation-1.0.0/Foundation/Math/Matrix/FixedMatrix/FixedMatrix.tpp ****     T scalar
 187:..\..\libs\Foundation\psoc5lp_armgcc_cortex_m3_soft_debug\include\Foundation-1.0.0/Foundation/Math/Matrix/FixedMatrix/FixedMatrix.tpp **** ) {
 188:..\..\libs\Foundation\psoc5lp_armgcc_cortex_m3_soft_debug\include\Foundation-1.0.0/Foundation/Math/Matrix/FixedMatrix/FixedMatrix.tpp ****     for(unsigned int i = 0; i < Rows; i++) {
 189:..\..\libs\Foundation\psoc5lp_armgcc_cortex_m3_soft_debug\include\Foundation-1.0.0/Foundation/Math/Matrix/FixedMatrix/FixedMatrix.tpp ****         for(unsigned int j = 0; j < Cols; j++) {
 190:..\..\libs\Foundation\psoc5lp_armgcc_cortex_m3_soft_debug\include\Foundation-1.0.0/Foundation/Math/Matrix/FixedMatrix/FixedMatrix.tpp ****             _data[i][j] *= scalar;
 191:..\..\libs\Foundation\psoc5lp_armgcc_cortex_m3_soft_debug\include\Foundation-1.0.0/Foundation/Math/Matrix/FixedMatrix/FixedMatrix.tpp ****         }
 192:..\..\libs\Foundation\psoc5lp_armgcc_cortex_m3_soft_debug\include\Foundation-1.0.0/Foundation/Math/Matrix/FixedMatrix/FixedMatrix.tpp ****     }
 193:..\..\libs\Foundation\psoc5lp_armgcc_cortex_m3_soft_debug\include\Foundation-1.0.0/Foundation/Math/Matrix/FixedMatrix/FixedMatrix.tpp **** 
 194:..\..\libs\Foundation\psoc5lp_armgcc_cortex_m3_soft_debug\include\Foundation-1.0.0/Foundation/Math/Matrix/FixedMatrix/FixedMatrix.tpp ****     return *this;
 195:..\..\libs\Foundation\psoc5lp_armgcc_cortex_m3_soft_debug\include\Foundation-1.0.0/Foundation/Math/Matrix/FixedMatrix/FixedMatrix.tpp **** }
 196:..\..\libs\Foundation\psoc5lp_armgcc_cortex_m3_soft_debug\include\Foundation-1.0.0/Foundation/Math/Matrix/FixedMatrix/FixedMatrix.tpp **** 
 197:..\..\libs\Foundation\psoc5lp_armgcc_cortex_m3_soft_debug\include\Foundation-1.0.0/Foundation/Math/Matrix/FixedMatrix/FixedMatrix.tpp **** template <typename T, unsigned int Rows, unsigned int Cols>
 198:..\..\libs\Foundation\psoc5lp_armgcc_cortex_m3_soft_debug\include\Foundation-1.0.0/Foundation/Math/Matrix/FixedMatrix/FixedMatrix.tpp **** FixedMatrix<T, Rows, Cols>& FixedMatrix<T, Rows, Cols>::operator/=(
 199:..\..\libs\Foundation\psoc5lp_armgcc_cortex_m3_soft_debug\include\Foundation-1.0.0/Foundation/Math/Matrix/FixedMatrix/FixedMatrix.tpp ****     T scalar
 200:..\..\libs\Foundation\psoc5lp_armgcc_cortex_m3_soft_debug\include\Foundation-1.0.0/Foundation/Math/Matrix/FixedMatrix/FixedMatrix.tpp **** ) {
 201:..\..\libs\Foundation\psoc5lp_armgcc_cortex_m3_soft_debug\include\Foundation-1.0.0/Foundation/Math/Matrix/FixedMatrix/FixedMatrix.tpp ****     for(unsigned int i = 0; i < Rows; i++) {
 202:..\..\libs\Foundation\psoc5lp_armgcc_cortex_m3_soft_debug\include\Foundation-1.0.0/Foundation/Math/Matrix/FixedMatrix/FixedMatrix.tpp ****         for(unsigned int j = 0; j < Cols; j++) {
 203:..\..\libs\Foundation\psoc5lp_armgcc_cortex_m3_soft_debug\include\Foundation-1.0.0/Foundation/Math/Matrix/FixedMatrix/FixedMatrix.tpp ****             _data[i][j] /= scalar;
 204:..\..\libs\Foundation\psoc5lp_armgcc_cortex_m3_soft_debug\include\Foundation-1.0.0/Foundation/Math/Matrix/FixedMatrix/FixedMatrix.tpp ****         }
 205:..\..\libs\Foundation\psoc5lp_armgcc_cortex_m3_soft_debug\include\Foundation-1.0.0/Foundation/Math/Matrix/FixedMatrix/FixedMatrix.tpp ****     }
 206:..\..\libs\Foundation\psoc5lp_armgcc_cortex_m3_soft_debug\include\Foundation-1.0.0/Foundation/Math/Matrix/FixedMatrix/FixedMatrix.tpp **** 
 207:..\..\libs\Foundation\psoc5lp_armgcc_cortex_m3_soft_debug\include\Foundation-1.0.0/Foundation/Math/Matrix/FixedMatrix/FixedMatrix.tpp ****     return *this;
 208:..\..\libs\Foundation\psoc5lp_armgcc_cortex_m3_soft_debug\include\Foundation-1.0.0/Foundation/Math/Matrix/FixedMatrix/FixedMatrix.tpp **** }
 209:..\..\libs\Foundation\psoc5lp_armgcc_cortex_m3_soft_debug\include\Foundation-1.0.0/Foundation/Math/Matrix/FixedMatrix/FixedMatrix.tpp **** 
 210:..\..\libs\Foundation\psoc5lp_armgcc_cortex_m3_soft_debug\include\Foundation-1.0.0/Foundation/Math/Matrix/FixedMatrix/FixedMatrix.tpp **** template <typename T, unsigned int Rows, unsigned int Cols>
 211:..\..\libs\Foundation\psoc5lp_armgcc_cortex_m3_soft_debug\include\Foundation-1.0.0/Foundation/Math/Matrix/FixedMatrix/FixedMatrix.tpp **** bool FixedMatrix<T, Rows, Cols>::operator==(
 212:..\..\libs\Foundation\psoc5lp_armgcc_cortex_m3_soft_debug\include\Foundation-1.0.0/Foundation/Math/Matrix/FixedMatrix/FixedMatrix.tpp ****     const FixedMatrix<T, Rows, Cols>& other
 213:..\..\libs\Foundation\psoc5lp_armgcc_cortex_m3_soft_debug\include\Foundation-1.0.0/Foundation/Math/Matrix/FixedMatrix/FixedMatrix.tpp **** ) const {
 214:..\..\libs\Foundation\psoc5lp_armgcc_cortex_m3_soft_debug\include\Foundation-1.0.0/Foundation/Math/Matrix/FixedMatrix/FixedMatrix.tpp ****     for(unsigned int i = 0; i < Rows; i++) {
 215:..\..\libs\Foundation\psoc5lp_armgcc_cortex_m3_soft_debug\include\Foundation-1.0.0/Foundation/Math/Matrix/FixedMatrix/FixedMatrix.tpp ****         for(unsigned int j = 0; j < Cols; j++) {
 216:..\..\libs\Foundation\psoc5lp_armgcc_cortex_m3_soft_debug\include\Foundation-1.0.0/Foundation/Math/Matrix/FixedMatrix/FixedMatrix.tpp ****             if(_data[i][j] != other._data[i][j]) {
 217:..\..\libs\Foundation\psoc5lp_armgcc_cortex_m3_soft_debug\include\Foundation-1.0.0/Foundation/Math/Matrix/FixedMatrix/FixedMatrix.tpp ****                 return false;
 218:..\..\libs\Foundation\psoc5lp_armgcc_cortex_m3_soft_debug\include\Foundation-1.0.0/Foundation/Math/Matrix/FixedMatrix/FixedMatrix.tpp ****             }
 219:..\..\libs\Foundation\psoc5lp_armgcc_cortex_m3_soft_debug\include\Foundation-1.0.0/Foundation/Math/Matrix/FixedMatrix/FixedMatrix.tpp ****         }
 220:..\..\libs\Foundation\psoc5lp_armgcc_cortex_m3_soft_debug\include\Foundation-1.0.0/Foundation/Math/Matrix/FixedMatrix/FixedMatrix.tpp ****     }
 221:..\..\libs\Foundation\psoc5lp_armgcc_cortex_m3_soft_debug\include\Foundation-1.0.0/Foundation/Math/Matrix/FixedMatrix/FixedMatrix.tpp **** 
ARM GAS  C:\Users\PC\AppData\Local\Temp\ccyBAMgs.s 			page 15


 222:..\..\libs\Foundation\psoc5lp_armgcc_cortex_m3_soft_debug\include\Foundation-1.0.0/Foundation/Math/Matrix/FixedMatrix/FixedMatrix.tpp ****     return true;
 223:..\..\libs\Foundation\psoc5lp_armgcc_cortex_m3_soft_debug\include\Foundation-1.0.0/Foundation/Math/Matrix/FixedMatrix/FixedMatrix.tpp **** }
 224:..\..\libs\Foundation\psoc5lp_armgcc_cortex_m3_soft_debug\include\Foundation-1.0.0/Foundation/Math/Matrix/FixedMatrix/FixedMatrix.tpp **** 
 225:..\..\libs\Foundation\psoc5lp_armgcc_cortex_m3_soft_debug\include\Foundation-1.0.0/Foundation/Math/Matrix/FixedMatrix/FixedMatrix.tpp **** template <typename T, unsigned int Rows, unsigned int Cols>
 226:..\..\libs\Foundation\psoc5lp_armgcc_cortex_m3_soft_debug\include\Foundation-1.0.0/Foundation/Math/Matrix/FixedMatrix/FixedMatrix.tpp **** bool FixedMatrix<T, Rows, Cols>::operator!=(
 227:..\..\libs\Foundation\psoc5lp_armgcc_cortex_m3_soft_debug\include\Foundation-1.0.0/Foundation/Math/Matrix/FixedMatrix/FixedMatrix.tpp ****     const FixedMatrix<T, Rows, Cols>& other
 228:..\..\libs\Foundation\psoc5lp_armgcc_cortex_m3_soft_debug\include\Foundation-1.0.0/Foundation/Math/Matrix/FixedMatrix/FixedMatrix.tpp **** ) const {
 229:..\..\libs\Foundation\psoc5lp_armgcc_cortex_m3_soft_debug\include\Foundation-1.0.0/Foundation/Math/Matrix/FixedMatrix/FixedMatrix.tpp ****     return !(*this == other);
 230:..\..\libs\Foundation\psoc5lp_armgcc_cortex_m3_soft_debug\include\Foundation-1.0.0/Foundation/Math/Matrix/FixedMatrix/FixedMatrix.tpp **** }
 231:..\..\libs\Foundation\psoc5lp_armgcc_cortex_m3_soft_debug\include\Foundation-1.0.0/Foundation/Math/Matrix/FixedMatrix/FixedMatrix.tpp **** 
 232:..\..\libs\Foundation\psoc5lp_armgcc_cortex_m3_soft_debug\include\Foundation-1.0.0/Foundation/Math/Matrix/FixedMatrix/FixedMatrix.tpp **** template <typename T, unsigned int Rows, unsigned int Cols>
 233:..\..\libs\Foundation\psoc5lp_armgcc_cortex_m3_soft_debug\include\Foundation-1.0.0/Foundation/Math/Matrix/FixedMatrix/FixedMatrix.tpp **** void FixedMatrix<T, Rows, Cols>::Fill(T value) {
 442              		.loc 2 233 0
 443              		.cfi_startproc
 444              		@ args = 0, pretend = 0, frame = 0
 445              		@ frame_needed = 0, uses_anonymous_args = 0
 446              		@ link register save eliminated.
 447              	.LVL59:
 448 0000 10B4     		push	{r4}
 449              		.cfi_def_cfa_offset 4
 450              		.cfi_offset 4, -4
 451              	.LVL60:
 452              	.LBB19:
 234:..\..\libs\Foundation\psoc5lp_armgcc_cortex_m3_soft_debug\include\Foundation-1.0.0/Foundation/Math/Matrix/FixedMatrix/FixedMatrix.tpp ****     for(unsigned int i = 0; i < Rows; i++) {
 453              		.loc 2 234 0
 454 0002 0024     		movs	r4, #0
 455              	.LVL61:
 456              	.L25:
 457              		.loc 2 234 0 is_stmt 0 discriminator 1
 458 0004 032C     		cmp	r4, #3
 459 0006 0AD8     		bhi	.L21
 460 0008 0023     		movs	r3, #0
 461              	.L24:
 462              	.LVL62:
 463              	.LBB20:
 235:..\..\libs\Foundation\psoc5lp_armgcc_cortex_m3_soft_debug\include\Foundation-1.0.0/Foundation/Math/Matrix/FixedMatrix/FixedMatrix.tpp ****         for(unsigned int j = 0; j < Cols; j++) {
 464              		.loc 2 235 0 is_stmt 1 discriminator 3
 465 000a 032B     		cmp	r3, #3
 466 000c 05D8     		bhi	.L23
 236:..\..\libs\Foundation\psoc5lp_armgcc_cortex_m3_soft_debug\include\Foundation-1.0.0/Foundation/Math/Matrix/FixedMatrix/FixedMatrix.tpp ****             _data[i][j] = value;
 467              		.loc 2 236 0 discriminator 2
 468 000e 03EB8402 		add	r2, r3, r4, lsl #2
 469 0012 40F82210 		str	r1, [r0, r2, lsl #2]	@ float
 235:..\..\libs\Foundation\psoc5lp_armgcc_cortex_m3_soft_debug\include\Foundation-1.0.0/Foundation/Math/Matrix/FixedMatrix/FixedMatrix.tpp ****         for(unsigned int j = 0; j < Cols; j++) {
 470              		.loc 2 235 0 discriminator 2
 471 0016 0133     		adds	r3, r3, #1
 472              	.LVL63:
 473 0018 F7E7     		b	.L24
 474              	.L23:
 475              	.LBE20:
 234:..\..\libs\Foundation\psoc5lp_armgcc_cortex_m3_soft_debug\include\Foundation-1.0.0/Foundation/Math/Matrix/FixedMatrix/FixedMatrix.tpp ****     for(unsigned int i = 0; i < Rows; i++) {
 476              		.loc 2 234 0 discriminator 2
 477 001a 0134     		adds	r4, r4, #1
 478              	.LVL64:
 479 001c F2E7     		b	.L25
 480              	.LVL65:
 481              	.L21:
ARM GAS  C:\Users\PC\AppData\Local\Temp\ccyBAMgs.s 			page 16


 482              	.LBE19:
 237:..\..\libs\Foundation\psoc5lp_armgcc_cortex_m3_soft_debug\include\Foundation-1.0.0/Foundation/Math/Matrix/FixedMatrix/FixedMatrix.tpp ****         }
 238:..\..\libs\Foundation\psoc5lp_armgcc_cortex_m3_soft_debug\include\Foundation-1.0.0/Foundation/Math/Matrix/FixedMatrix/FixedMatrix.tpp ****     }
 239:..\..\libs\Foundation\psoc5lp_armgcc_cortex_m3_soft_debug\include\Foundation-1.0.0/Foundation/Math/Matrix/FixedMatrix/FixedMatrix.tpp **** }
 483              		.loc 2 239 0
 484 001e 10BC     		pop	{r4}
 485              		.cfi_restore 4
 486              		.cfi_def_cfa_offset 0
 487              	.LVL66:
 488 0020 7047     		bx	lr
 489              		.cfi_endproc
 490              	.LFE183:
 491              		.size	_ZN10Foundation4Math11FixedMatrixIfLj4ELj4EE4FillEf, .-_ZN10Foundation4Math11FixedMatrixIfLj
 492 0022 00BF     		.section	.text._ZN10Foundation4Math11FixedMatrixIfLj4ELj4EE4ZeroEv,"axG",%progbits,_ZN10Foundation
 493              		.align	2
 494              		.weak	_ZN10Foundation4Math11FixedMatrixIfLj4ELj4EE4ZeroEv
 495              		.thumb
 496              		.thumb_func
 497              		.type	_ZN10Foundation4Math11FixedMatrixIfLj4ELj4EE4ZeroEv, %function
 498              	_ZN10Foundation4Math11FixedMatrixIfLj4ELj4EE4ZeroEv:
 499              	.LFB182:
 240:..\..\libs\Foundation\psoc5lp_armgcc_cortex_m3_soft_debug\include\Foundation-1.0.0/Foundation/Math/Matrix/FixedMatrix/FixedMatrix.tpp **** 
 241:..\..\libs\Foundation\psoc5lp_armgcc_cortex_m3_soft_debug\include\Foundation-1.0.0/Foundation/Math/Matrix/FixedMatrix/FixedMatrix.tpp **** template <typename T, unsigned int Rows, unsigned int Cols>
 242:..\..\libs\Foundation\psoc5lp_armgcc_cortex_m3_soft_debug\include\Foundation-1.0.0/Foundation/Math/Matrix/FixedMatrix/FixedMatrix.tpp **** void FixedMatrix<T, Rows, Cols>::Zero() {
 500              		.loc 2 242 0
 501              		.cfi_startproc
 502              		@ args = 0, pretend = 0, frame = 0
 503              		@ frame_needed = 0, uses_anonymous_args = 0
 504              	.LVL67:
 505 0000 08B5     		push	{r3, lr}
 506              		.cfi_def_cfa_offset 8
 507              		.cfi_offset 3, -8
 508              		.cfi_offset 14, -4
 243:..\..\libs\Foundation\psoc5lp_armgcc_cortex_m3_soft_debug\include\Foundation-1.0.0/Foundation/Math/Matrix/FixedMatrix/FixedMatrix.tpp ****     Fill(T());
 509              		.loc 2 243 0
 510 0002 0021     		movs	r1, #0
 511 0004 FFF7FEFF 		bl	_ZN10Foundation4Math11FixedMatrixIfLj4ELj4EE4FillEf
 512              	.LVL68:
 513 0008 08BD     		pop	{r3, pc}
 514              		.cfi_endproc
 515              	.LFE182:
 516              		.size	_ZN10Foundation4Math11FixedMatrixIfLj4ELj4EE4ZeroEv, .-_ZN10Foundation4Math11FixedMatrixIfLj
 517 000a 00BF     		.section	.text._ZN10Foundation4Math11FixedMatrixIfLj4ELj4EEC2Ev,"axG",%progbits,_ZN10Foundation4Ma
 518              		.align	2
 519              		.weak	_ZN10Foundation4Math11FixedMatrixIfLj4ELj4EEC2Ev
 520              		.thumb
 521              		.thumb_func
 522              		.type	_ZN10Foundation4Math11FixedMatrixIfLj4ELj4EEC2Ev, %function
 523              	_ZN10Foundation4Math11FixedMatrixIfLj4ELj4EEC2Ev:
 524              	.LFB179:
   8:..\..\libs\Foundation\psoc5lp_armgcc_cortex_m3_soft_debug\include\Foundation-1.0.0/Foundation/Math/Matrix/FixedMatrix/FixedMatrix.tpp ****     Zero();
 525              		.loc 2 8 0
 526              		.cfi_startproc
 527              		@ args = 0, pretend = 0, frame = 0
 528              		@ frame_needed = 0, uses_anonymous_args = 0
 529              	.LVL69:
 530 0000 10B5     		push	{r4, lr}
ARM GAS  C:\Users\PC\AppData\Local\Temp\ccyBAMgs.s 			page 17


 531              		.cfi_def_cfa_offset 8
 532              		.cfi_offset 4, -8
 533              		.cfi_offset 14, -4
 534 0002 0446     		mov	r4, r0
 535              	.LBB21:
   9:..\..\libs\Foundation\psoc5lp_armgcc_cortex_m3_soft_debug\include\Foundation-1.0.0/Foundation/Math/Matrix/FixedMatrix/FixedMatrix.tpp **** }
 536              		.loc 2 9 0
 537 0004 FFF7FEFF 		bl	_ZN10Foundation4Math11FixedMatrixIfLj4ELj4EE4ZeroEv
 538              	.LVL70:
 539              	.LBE21:
  10:..\..\libs\Foundation\psoc5lp_armgcc_cortex_m3_soft_debug\include\Foundation-1.0.0/Foundation/Math/Matrix/FixedMatrix/FixedMatrix.tpp **** 
 540              		.loc 2 10 0
 541 0008 2046     		mov	r0, r4
 542 000a 10BD     		pop	{r4, pc}
 543              		.cfi_endproc
 544              	.LFE179:
 545              		.size	_ZN10Foundation4Math11FixedMatrixIfLj4ELj4EEC2Ev, .-_ZN10Foundation4Math11FixedMatrixIfLj4EL
 546              		.weak	_ZN10Foundation4Math11FixedMatrixIfLj4ELj4EEC1Ev
 547              		.thumb_set _ZN10Foundation4Math11FixedMatrixIfLj4ELj4EEC1Ev,_ZN10Foundation4Math11FixedMatrixIfLj4
 548              		.section	.text.main,"ax",%progbits
 549              		.align	2
 550              		.global	main
 551              		.thumb
 552              		.thumb_func
 553              		.type	main, %function
 554              	main:
 555              	.LFB175:
  78:main.cpp      **** }
  79:main.cpp      **** 
  80:main.cpp      **** int main(void)
  81:main.cpp      **** {
 556              		.loc 3 81 0
 557              		.cfi_startproc
 558              		@ args = 0, pretend = 0, frame = 448
 559              		@ frame_needed = 0, uses_anonymous_args = 0
 560 0000 F0B5     		push	{r4, r5, r6, r7, lr}
 561              		.cfi_def_cfa_offset 20
 562              		.cfi_offset 4, -20
 563              		.cfi_offset 5, -16
 564              		.cfi_offset 6, -12
 565              		.cfi_offset 7, -8
 566              		.cfi_offset 14, -4
 567 0002 F5B0     		sub	sp, sp, #468
 568              		.cfi_def_cfa_offset 488
  82:main.cpp      ****     CyGlobalIntEnable;
 569              		.loc 3 82 0
 570              		.syntax unified
 571              	@ 82 "main.cpp" 1
 572 0004 62B6     		CPSIE   i
 573              	@ 0 "" 2
  83:main.cpp      **** 
  84:main.cpp      ****     UART_Start();
 574              		.loc 3 84 0
 575              		.thumb
 576              		.syntax unified
 577 0006 FFF7FEFF 		bl	UART_Start
 578              	.LVL71:
ARM GAS  C:\Users\PC\AppData\Local\Temp\ccyBAMgs.s 			page 18


  85:main.cpp      ****     Hardware::Start();
 579              		.loc 3 85 0
 580 000a FFF7FEFF 		bl	_ZN8Hardware5StartEv
 581              	.LVL72:
  86:main.cpp      **** 
  87:main.cpp      ****     UART_PutString("\r\n=== DENAVIT-HARTENBERG TEST ===\r\n");
 582              		.loc 3 87 0
 583 000e 3A48     		ldr	r0, .L34
 584 0010 FFF7FEFF 		bl	UART_PutString
 585              	.LVL73:
  88:main.cpp      **** 
  89:main.cpp      ****     Math::FixedMatrix<float, 4, 4> T01;
 586              		.loc 3 89 0
 587 0014 64AF     		add	r7, sp, #400
 588 0016 3846     		mov	r0, r7
 589 0018 FFF7FEFF 		bl	_ZN10Foundation4Math11FixedMatrixIfLj4ELj4EEC1Ev
 590              	.LVL74:
  90:main.cpp      ****     Math::FixedMatrix<float, 4, 4> T12;
 591              		.loc 3 90 0
 592 001c 54AE     		add	r6, sp, #336
 593 001e 3046     		mov	r0, r6
 594 0020 FFF7FEFF 		bl	_ZN10Foundation4Math11FixedMatrixIfLj4ELj4EEC1Ev
 595              	.LVL75:
  91:main.cpp      ****     Math::FixedMatrix<float, 4, 4> T23;
 596              		.loc 3 91 0
 597 0024 44AD     		add	r5, sp, #272
 598 0026 2846     		mov	r0, r5
 599 0028 FFF7FEFF 		bl	_ZN10Foundation4Math11FixedMatrixIfLj4ELj4EEC1Ev
 600              	.LVL76:
  92:main.cpp      **** 
  93:main.cpp      ****     Math::FixedMatrix<float, 4, 4> T02;
 601              		.loc 3 93 0
 602 002c 34A8     		add	r0, sp, #208
 603 002e FFF7FEFF 		bl	_ZN10Foundation4Math11FixedMatrixIfLj4ELj4EEC1Ev
 604              	.LVL77:
  94:main.cpp      ****     Math::FixedMatrix<float, 4, 4> T03;
 605              		.loc 3 94 0
 606 0032 24A8     		add	r0, sp, #144
 607 0034 FFF7FEFF 		bl	_ZN10Foundation4Math11FixedMatrixIfLj4ELj4EEC1Ev
 608              	.LVL78:
  95:main.cpp      **** 
  96:main.cpp      ****     /*
  97:main.cpp      ****      * Example 3-DOF robot arm.
  98:main.cpp      ****      *
  99:main.cpp      ****      * Units:
 100:main.cpp      ****      * - theta and alpha in radians
 101:main.cpp      ****      * - d and a in same length units, for example cm
 102:main.cpp      ****      */
 103:main.cpp      **** 
 104:main.cpp      ****     float theta1 = Foundation::Math::DegToRad(30.0f);
 105:main.cpp      ****     float theta2 = Foundation::Math::DegToRad(45.0f);
 106:main.cpp      ****     float theta3 = Foundation::Math::DegToRad(-20.0f);
 107:main.cpp      **** 
 108:main.cpp      ****     float d1 = 10.0f;
 109:main.cpp      ****     float d2 = 0.0f;
 110:main.cpp      ****     float d3 = 0.0f;
 111:main.cpp      **** 
ARM GAS  C:\Users\PC\AppData\Local\Temp\ccyBAMgs.s 			page 19


 112:main.cpp      ****     float a1 = 0.0f;
 113:main.cpp      ****     float a2 = 12.0f;
 114:main.cpp      ****     float a3 = 8.0f;
 115:main.cpp      **** 
 116:main.cpp      ****     float alpha1 = Foundation::Math::DegToRad(90.0f);
 117:main.cpp      ****     float alpha2 = Foundation::Math::DegToRad(0.0f);
 118:main.cpp      ****     float alpha3 = Foundation::Math::DegToRad(0.0f);
 119:main.cpp      **** 
 120:main.cpp      ****     BuildDH(theta1, d1, a1, alpha1, T01);
 609              		.loc 3 120 0
 610 0038 0024     		movs	r4, #0
 611 003a 0097     		str	r7, [sp]
 612 003c 2F4B     		ldr	r3, .L34+4
 613 003e 2246     		mov	r2, r4
 614 0040 2F49     		ldr	r1, .L34+8
 615 0042 3048     		ldr	r0, .L34+12
 616 0044 FFF7FEFF 		bl	_ZL7BuildDHffffRN10Foundation4Math11FixedMatrixIfLj4ELj4EEE
 617              	.LVL79:
 121:main.cpp      ****     BuildDH(theta2, d2, a2, alpha2, T12);
 618              		.loc 3 121 0
 619 0048 0096     		str	r6, [sp]
 620 004a 2346     		mov	r3, r4
 621 004c 2E4A     		ldr	r2, .L34+16
 622 004e 2146     		mov	r1, r4
 623 0050 2E48     		ldr	r0, .L34+20
 624 0052 FFF7FEFF 		bl	_ZL7BuildDHffffRN10Foundation4Math11FixedMatrixIfLj4ELj4EEE
 625              	.LVL80:
 122:main.cpp      ****     BuildDH(theta3, d3, a3, alpha3, T23);
 626              		.loc 3 122 0
 627 0056 0095     		str	r5, [sp]
 628 0058 2346     		mov	r3, r4
 629 005a 4FF08242 		mov	r2, #1090519040
 630 005e 2146     		mov	r1, r4
 631 0060 2B48     		ldr	r0, .L34+24
 632 0062 FFF7FEFF 		bl	_ZL7BuildDHffffRN10Foundation4Math11FixedMatrixIfLj4ELj4EEE
 633              	.LVL81:
 123:main.cpp      **** 
 124:main.cpp      ****     Math::Multiply(T01, T12, T02);
 634              		.loc 3 124 0
 635 0066 34AA     		add	r2, sp, #208
 636 0068 3146     		mov	r1, r6
 637 006a 3846     		mov	r0, r7
 638 006c FFF7FEFF 		bl	_ZN10Foundation4Math8MultiplyIfLj4ELj4ELj4EEEvRKNS0_11FixedMatrixIT_XT0_EXT1_EEERKNS2_IS3_XT1_E
 639              	.LVL82:
 125:main.cpp      ****     Math::Multiply(T02, T23, T03);
 640              		.loc 3 125 0
 641 0070 24AA     		add	r2, sp, #144
 642 0072 2946     		mov	r1, r5
 643 0074 34A8     		add	r0, sp, #208
 644 0076 FFF7FEFF 		bl	_ZN10Foundation4Math8MultiplyIfLj4ELj4ELj4EEEvRKNS0_11FixedMatrixIT_XT0_EXT1_EEERKNS2_IS3_XT1_E
 645              	.LVL83:
 126:main.cpp      **** 
 127:main.cpp      ****     UART_PutString("\r\nT01:\r\n");
 646              		.loc 3 127 0
 647 007a 2648     		ldr	r0, .L34+28
 648 007c FFF7FEFF 		bl	UART_PutString
 649              	.LVL84:
ARM GAS  C:\Users\PC\AppData\Local\Temp\ccyBAMgs.s 			page 20


 128:main.cpp      ****     PrintMatrix4x4(T01);
 650              		.loc 3 128 0
 651 0080 3846     		mov	r0, r7
 652 0082 FFF7FEFF 		bl	_ZL14PrintMatrix4x4RKN10Foundation4Math11FixedMatrixIfLj4ELj4EEE
 653              	.LVL85:
 129:main.cpp      **** 
 130:main.cpp      ****     UART_PutString("\r\nT12:\r\n");
 654              		.loc 3 130 0
 655 0086 2448     		ldr	r0, .L34+32
 656 0088 FFF7FEFF 		bl	UART_PutString
 657              	.LVL86:
 131:main.cpp      ****     PrintMatrix4x4(T12);
 658              		.loc 3 131 0
 659 008c 3046     		mov	r0, r6
 660 008e FFF7FEFF 		bl	_ZL14PrintMatrix4x4RKN10Foundation4Math11FixedMatrixIfLj4ELj4EEE
 661              	.LVL87:
 132:main.cpp      **** 
 133:main.cpp      ****     UART_PutString("\r\nT23:\r\n");
 662              		.loc 3 133 0
 663 0092 2248     		ldr	r0, .L34+36
 664 0094 FFF7FEFF 		bl	UART_PutString
 665              	.LVL88:
 134:main.cpp      ****     PrintMatrix4x4(T23);
 666              		.loc 3 134 0
 667 0098 2846     		mov	r0, r5
 668 009a FFF7FEFF 		bl	_ZL14PrintMatrix4x4RKN10Foundation4Math11FixedMatrixIfLj4ELj4EEE
 669              	.LVL89:
 135:main.cpp      **** 
 136:main.cpp      ****     UART_PutString("\r\nT03 = T01 * T12 * T23:\r\n");
 670              		.loc 3 136 0
 671 009e 2048     		ldr	r0, .L34+40
 672 00a0 FFF7FEFF 		bl	UART_PutString
 673              	.LVL90:
 137:main.cpp      ****     PrintMatrix4x4(T03);
 674              		.loc 3 137 0
 675 00a4 24A8     		add	r0, sp, #144
 676 00a6 FFF7FEFF 		bl	_ZL14PrintMatrix4x4RKN10Foundation4Math11FixedMatrixIfLj4ELj4EEE
 677              	.LVL91:
 138:main.cpp      **** 
 139:main.cpp      ****     char buffer[128];
 140:main.cpp      **** 
 141:main.cpp      ****     sprintf(
 142:main.cpp      ****         buffer,
 143:main.cpp      ****         "\r\nEnd effector position:\r\nX = %.3f\r\nY = %.3f\r\nZ = %.3f\r\n",
 144:main.cpp      ****         T03[0][3],
 678              		.loc 3 144 0
 679 00aa 0021     		movs	r1, #0
 680 00ac 24A8     		add	r0, sp, #144
 681 00ae FFF7FEFF 		bl	_ZN10Foundation4Math11FixedMatrixIfLj4ELj4EEixEj
 682              	.LVL92:
 141:main.cpp      ****         buffer,
 683              		.loc 3 141 0
 684 00b2 C068     		ldr	r0, [r0, #12]	@ float
 685 00b4 FFF7FEFF 		bl	__aeabi_f2d
 686              	.LVL93:
 687 00b8 0446     		mov	r4, r0
 688 00ba 0D46     		mov	r5, r1
ARM GAS  C:\Users\PC\AppData\Local\Temp\ccyBAMgs.s 			page 21


 145:main.cpp      ****         T03[1][3],
 689              		.loc 3 145 0
 690 00bc 0121     		movs	r1, #1
 691 00be 24A8     		add	r0, sp, #144
 692 00c0 FFF7FEFF 		bl	_ZN10Foundation4Math11FixedMatrixIfLj4ELj4EEixEj
 693              	.LVL94:
 141:main.cpp      ****         buffer,
 694              		.loc 3 141 0
 695 00c4 C068     		ldr	r0, [r0, #12]	@ float
 696 00c6 FFF7FEFF 		bl	__aeabi_f2d
 697              	.LVL95:
 698 00ca 0646     		mov	r6, r0
 699 00cc 0F46     		mov	r7, r1
 146:main.cpp      ****         T03[2][3]
 700              		.loc 3 146 0
 701 00ce 0221     		movs	r1, #2
 702 00d0 24A8     		add	r0, sp, #144
 703 00d2 FFF7FEFF 		bl	_ZN10Foundation4Math11FixedMatrixIfLj4ELj4EEixEj
 704              	.LVL96:
 141:main.cpp      ****         buffer,
 705              		.loc 3 141 0
 706 00d6 C068     		ldr	r0, [r0, #12]	@ float
 707 00d8 FFF7FEFF 		bl	__aeabi_f2d
 708              	.LVL97:
 147:main.cpp      ****     );
 709              		.loc 3 147 0
 710 00dc CDE90201 		strd	r0, [sp, #8]
 711 00e0 CDE90067 		strd	r6, [sp]
 712 00e4 2246     		mov	r2, r4
 713 00e6 2B46     		mov	r3, r5
 714 00e8 0E49     		ldr	r1, .L34+44
 715 00ea 04A8     		add	r0, sp, #16
 716 00ec FFF7FEFF 		bl	sprintf
 717              	.LVL98:
 148:main.cpp      **** 
 149:main.cpp      ****     UART_PutString(buffer);
 718              		.loc 3 149 0
 719 00f0 04A8     		add	r0, sp, #16
 720 00f2 FFF7FEFF 		bl	UART_PutString
 721              	.LVL99:
 722              	.L32:
 723 00f6 FEE7     		b	.L32
 724              	.L35:
 725              		.align	2
 726              	.L34:
 727 00f8 20000000 		.word	.LC1
 728 00fc DB0FC93F 		.word	1070141403
 729 0100 00002041 		.word	1092616192
 730 0104 920A063F 		.word	1057360530
 731 0108 00004041 		.word	1094713344
 732 010c DB0F493F 		.word	1061752795
 733 0110 C2B8B2BE 		.word	-1095583550
 734 0114 44000000 		.word	.LC2
 735 0118 50000000 		.word	.LC3
 736 011c 5C000000 		.word	.LC4
 737 0120 68000000 		.word	.LC5
 738 0124 84000000 		.word	.LC6
ARM GAS  C:\Users\PC\AppData\Local\Temp\ccyBAMgs.s 			page 22


 739              		.cfi_endproc
 740              	.LFE175:
 741              		.size	main, .-main
 742              		.section	.rodata.str1.4,"aMS",%progbits,1
 743              		.align	2
 744              	.LC0:
 745 0000 5B202538 		.ascii	"[ %8.3f %8.3f %8.3f %8.3f ]\015\012\000"
 745      2E336620 
 745      25382E33 
 745      66202538 
 745      2E336620 
 746 001e 0000     		.space	2
 747              	.LC1:
 748 0020 0D0A3D3D 		.ascii	"\015\012=== DENAVIT-HARTENBERG TEST ===\015\012\000"
 748      3D204445 
 748      4E415649 
 748      542D4841 
 748      5254454E 
 749              	.LC2:
 750 0044 0D0A5430 		.ascii	"\015\012T01:\015\012\000"
 750      313A0D0A 
 750      00
 751 004d 000000   		.space	3
 752              	.LC3:
 753 0050 0D0A5431 		.ascii	"\015\012T12:\015\012\000"
 753      323A0D0A 
 753      00
 754 0059 000000   		.space	3
 755              	.LC4:
 756 005c 0D0A5432 		.ascii	"\015\012T23:\015\012\000"
 756      333A0D0A 
 756      00
 757 0065 000000   		.space	3
 758              	.LC5:
 759 0068 0D0A5430 		.ascii	"\015\012T03 = T01 * T12 * T23:\015\012\000"
 759      33203D20 
 759      54303120 
 759      2A205431 
 759      32202A20 
 760 0083 00       		.space	1
 761              	.LC6:
 762 0084 0D0A456E 		.ascii	"\015\012End effector position:\015\012X = %.3f\015\012"
 762      64206566 
 762      66656374 
 762      6F722070 
 762      6F736974 
 763 00a8 59203D20 		.ascii	"Y = %.3f\015\012Z = %.3f\015\012\000"
 763      252E3366 
 763      0D0A5A20 
 763      3D20252E 
 763      33660D0A 
 764              		.text
 765              	.Letext0:
 766              		.file 5 "c:\\program files (x86)\\cypress\\psoc creator\\4.4\\psoc creator\\import\\gnu\\arm\\5.4.
 767              		.file 6 "c:\\program files (x86)\\cypress\\psoc creator\\4.4\\psoc creator\\import\\gnu\\arm\\5.4.
 768              		.file 7 "..\\..\\libs\\Foundation\\psoc5lp_armgcc_cortex_m3_soft_debug\\include\\Foundation-1.0.0/
 769              		.file 8 "Motors.hpp"
ARM GAS  C:\Users\PC\AppData\Local\Temp\ccyBAMgs.s 			page 23


 770              		.file 9 "Servos.hpp"
 771              		.file 10 "c:\\program files (x86)\\cypress\\psoc creator\\4.4\\psoc creator\\import\\gnu\\arm\\5.4
 772              		.file 11 "Generated_Source\\PSoC5/UART.h"
 773              		.file 12 "c:\\program files (x86)\\cypress\\psoc creator\\4.4\\psoc creator\\import\\gnu\\arm\\5.4
 774              		.file 13 "..\\..\\libs\\Foundation\\psoc5lp_armgcc_cortex_m3_soft_debug\\include\\Foundation-1.0.0
 775              		.file 14 "..\\..\\libs\\Foundation\\psoc5lp_armgcc_cortex_m3_soft_debug\\include\\Foundation-1.0.0
 776              		.file 15 "Generated_Source\\PSoC5/core_cm3.h"
 777              		.section	.debug_info,"",%progbits
 778              	.Ldebug_info0:
 779 0000 EB0D0000 		.4byte	0xdeb
 780 0004 0400     		.2byte	0x4
 781 0006 00000000 		.4byte	.Ldebug_abbrev0
 782 000a 04       		.byte	0x4
 783 000b 01       		.uleb128 0x1
 784 000c BF010000 		.4byte	.LASF97
 785 0010 04       		.byte	0x4
 786 0011 63060000 		.4byte	.LASF98
 787 0015 B9000000 		.4byte	.LASF99
 788 0019 00000000 		.4byte	.Ldebug_ranges0+0
 789 001d 00000000 		.4byte	0
 790 0021 00000000 		.4byte	.Ldebug_line0
 791 0025 02       		.uleb128 0x2
 792 0026 04       		.byte	0x4
 793 0027 04       		.byte	0x4
 794 0028 96020000 		.4byte	.LASF0
 795 002c 02       		.uleb128 0x2
 796 002d 08       		.byte	0x8
 797 002e 04       		.byte	0x4
 798 002f B40A0000 		.4byte	.LASF1
 799 0033 02       		.uleb128 0x2
 800 0034 01       		.byte	0x1
 801 0035 06       		.byte	0x6
 802 0036 550A0000 		.4byte	.LASF2
 803 003a 02       		.uleb128 0x2
 804 003b 01       		.byte	0x1
 805 003c 08       		.byte	0x8
 806 003d 33090000 		.4byte	.LASF3
 807 0041 02       		.uleb128 0x2
 808 0042 02       		.byte	0x2
 809 0043 05       		.byte	0x5
 810 0044 9A070000 		.4byte	.LASF4
 811 0048 02       		.uleb128 0x2
 812 0049 02       		.byte	0x2
 813 004a 07       		.byte	0x7
 814 004b 610A0000 		.4byte	.LASF5
 815 004f 03       		.uleb128 0x3
 816 0050 44000000 		.4byte	.LASF7
 817 0054 05       		.byte	0x5
 818 0055 3F       		.byte	0x3f
 819 0056 5A000000 		.4byte	0x5a
 820 005a 02       		.uleb128 0x2
 821 005b 04       		.byte	0x4
 822 005c 05       		.byte	0x5
 823 005d D8070000 		.4byte	.LASF6
 824 0061 03       		.uleb128 0x3
 825 0062 41090000 		.4byte	.LASF8
 826 0066 05       		.byte	0x5
ARM GAS  C:\Users\PC\AppData\Local\Temp\ccyBAMgs.s 			page 24


 827 0067 41       		.byte	0x41
 828 0068 6C000000 		.4byte	0x6c
 829 006c 02       		.uleb128 0x2
 830 006d 04       		.byte	0x4
 831 006e 07       		.byte	0x7
 832 006f 86080000 		.4byte	.LASF9
 833 0073 02       		.uleb128 0x2
 834 0074 08       		.byte	0x8
 835 0075 05       		.byte	0x5
 836 0076 30050000 		.4byte	.LASF10
 837 007a 02       		.uleb128 0x2
 838 007b 08       		.byte	0x8
 839 007c 07       		.byte	0x7
 840 007d A9020000 		.4byte	.LASF11
 841 0081 04       		.uleb128 0x4
 842 0082 04       		.byte	0x4
 843 0083 05       		.byte	0x5
 844 0084 696E7400 		.ascii	"int\000"
 845 0088 02       		.uleb128 0x2
 846 0089 04       		.byte	0x4
 847 008a 07       		.byte	0x7
 848 008b 2B000000 		.4byte	.LASF12
 849 008f 03       		.uleb128 0x3
 850 0090 BF080000 		.4byte	.LASF13
 851 0094 06       		.byte	0x6
 852 0095 2C       		.byte	0x2c
 853 0096 4F000000 		.4byte	0x4f
 854 009a 03       		.uleb128 0x3
 855 009b B6010000 		.4byte	.LASF14
 856 009f 06       		.byte	0x6
 857 00a0 30       		.byte	0x30
 858 00a1 61000000 		.4byte	0x61
 859 00a5 02       		.uleb128 0x2
 860 00a6 01       		.byte	0x1
 861 00a7 08       		.byte	0x8
 862 00a8 7E040000 		.4byte	.LASF15
 863 00ac 02       		.uleb128 0x2
 864 00ad 08       		.byte	0x8
 865 00ae 04       		.byte	0x4
 866 00af 2F070000 		.4byte	.LASF16
 867 00b3 05       		.uleb128 0x5
 868 00b4 B6090000 		.4byte	.LASF100
 869 00b8 02       		.uleb128 0x2
 870 00b9 04       		.byte	0x4
 871 00ba 07       		.byte	0x7
 872 00bb 7D080000 		.4byte	.LASF17
 873 00bf 06       		.uleb128 0x6
 874 00c0 F5020000 		.4byte	.LASF70
 875 00c4 07       		.byte	0x7
 876 00c5 06       		.byte	0x6
 877 00c6 0F050000 		.4byte	0x50f
 878 00ca 07       		.uleb128 0x7
 879 00cb AB010000 		.4byte	.LASF101
 880 00cf 07       		.byte	0x7
 881 00d0 07       		.byte	0x7
 882 00d1 08       		.uleb128 0x8
 883 00d2 7B020000 		.4byte	.LASF102
ARM GAS  C:\Users\PC\AppData\Local\Temp\ccyBAMgs.s 			page 25


 884 00d6 40       		.byte	0x40
 885 00d7 0D       		.byte	0xd
 886 00d8 08       		.byte	0x8
 887 00d9 9C040000 		.4byte	0x49c
 888 00dd 09       		.uleb128 0x9
 889 00de 5C080000 		.4byte	.LASF103
 890 00e2 0D       		.byte	0xd
 891 00e3 0B       		.byte	0xb
 892 00e4 1D050000 		.4byte	0x51d
 893 00e8 00       		.byte	0
 894 00e9 0A       		.uleb128 0xa
 895 00ea 24050000 		.4byte	.LASF18
 896 00ee 02       		.byte	0x2
 897 00ef 08       		.byte	0x8
 898 00f0 43070000 		.4byte	.LASF19
 899 00f4 33050000 		.4byte	0x533
 900 00f8 01       		.byte	0x1
 901 00f9 01010000 		.4byte	0x101
 902 00fd 07010000 		.4byte	0x107
 903 0101 0B       		.uleb128 0xb
 904 0102 33050000 		.4byte	0x533
 905 0106 00       		.byte	0
 906 0107 0A       		.uleb128 0xa
 907 0108 24050000 		.4byte	.LASF18
 908 010c 02       		.byte	0x2
 909 010d 0D       		.byte	0xd
 910 010e EF060000 		.4byte	.LASF20
 911 0112 33050000 		.4byte	0x533
 912 0116 01       		.byte	0x1
 913 0117 1F010000 		.4byte	0x11f
 914 011b 2A010000 		.4byte	0x12a
 915 011f 0B       		.uleb128 0xb
 916 0120 33050000 		.4byte	0x533
 917 0124 0C       		.uleb128 0xc
 918 0125 25000000 		.4byte	0x25
 919 0129 00       		.byte	0
 920 012a 0A       		.uleb128 0xa
 921 012b 24050000 		.4byte	.LASF18
 922 012f 02       		.byte	0x2
 923 0130 12       		.byte	0x12
 924 0131 4C090000 		.4byte	.LASF21
 925 0135 33050000 		.4byte	0x533
 926 0139 01       		.byte	0x1
 927 013a 42010000 		.4byte	0x142
 928 013e 4D010000 		.4byte	0x14d
 929 0142 0B       		.uleb128 0xb
 930 0143 33050000 		.4byte	0x533
 931 0147 0C       		.uleb128 0xc
 932 0148 39050000 		.4byte	0x539
 933 014c 00       		.byte	0
 934 014d 0A       		.uleb128 0xa
 935 014e 24050000 		.4byte	.LASF18
 936 0152 02       		.byte	0x2
 937 0153 1D       		.byte	0x1d
 938 0154 04010000 		.4byte	.LASF22
 939 0158 33050000 		.4byte	0x533
 940 015c 01       		.byte	0x1
ARM GAS  C:\Users\PC\AppData\Local\Temp\ccyBAMgs.s 			page 26


 941 015d 65010000 		.4byte	0x165
 942 0161 70010000 		.4byte	0x170
 943 0165 0B       		.uleb128 0xb
 944 0166 33050000 		.4byte	0x533
 945 016a 0C       		.uleb128 0xc
 946 016b 44050000 		.4byte	0x544
 947 016f 00       		.byte	0
 948 0170 0A       		.uleb128 0xa
 949 0171 59060000 		.4byte	.LASF23
 950 0175 02       		.byte	0x2
 951 0176 24       		.byte	0x24
 952 0177 C0020000 		.4byte	.LASF24
 953 017b 4A050000 		.4byte	0x54a
 954 017f 01       		.byte	0x1
 955 0180 88010000 		.4byte	0x188
 956 0184 93010000 		.4byte	0x193
 957 0188 0B       		.uleb128 0xb
 958 0189 33050000 		.4byte	0x533
 959 018d 0C       		.uleb128 0xc
 960 018e 44050000 		.4byte	0x544
 961 0192 00       		.byte	0
 962 0193 0A       		.uleb128 0xa
 963 0194 32030000 		.4byte	.LASF25
 964 0198 02       		.byte	0x2
 965 0199 35       		.byte	0x35
 966 019a C8090000 		.4byte	.LASF26
 967 019e 88000000 		.4byte	0x88
 968 01a2 01       		.byte	0x1
 969 01a3 AB010000 		.4byte	0x1ab
 970 01a7 B1010000 		.4byte	0x1b1
 971 01ab 0B       		.uleb128 0xb
 972 01ac 50050000 		.4byte	0x550
 973 01b0 00       		.byte	0
 974 01b1 0A       		.uleb128 0xa
 975 01b2 360A0000 		.4byte	.LASF27
 976 01b6 02       		.byte	0x2
 977 01b7 3A       		.byte	0x3a
 978 01b8 CE030000 		.4byte	.LASF28
 979 01bc 88000000 		.4byte	0x88
 980 01c0 01       		.byte	0x1
 981 01c1 C9010000 		.4byte	0x1c9
 982 01c5 CF010000 		.4byte	0x1cf
 983 01c9 0B       		.uleb128 0xb
 984 01ca 50050000 		.4byte	0x550
 985 01ce 00       		.byte	0
 986 01cf 0A       		.uleb128 0xa
 987 01d0 D80A0000 		.4byte	.LASF29
 988 01d4 02       		.byte	0x2
 989 01d5 3F       		.byte	0x3f
 990 01d6 6C060000 		.4byte	.LASF30
 991 01da 56050000 		.4byte	0x556
 992 01de 01       		.byte	0x1
 993 01df E7010000 		.4byte	0x1e7
 994 01e3 ED010000 		.4byte	0x1ed
 995 01e7 0B       		.uleb128 0xb
 996 01e8 33050000 		.4byte	0x533
 997 01ec 00       		.byte	0
ARM GAS  C:\Users\PC\AppData\Local\Temp\ccyBAMgs.s 			page 27


 998 01ed 0A       		.uleb128 0xa
 999 01ee D80A0000 		.4byte	.LASF29
 1000 01f2 02       		.byte	0x2
 1001 01f3 44       		.byte	0x44
 1002 01f4 3E040000 		.4byte	.LASF31
 1003 01f8 5C050000 		.4byte	0x55c
 1004 01fc 01       		.byte	0x1
 1005 01fd 05020000 		.4byte	0x205
 1006 0201 0B020000 		.4byte	0x20b
 1007 0205 0B       		.uleb128 0xb
 1008 0206 50050000 		.4byte	0x550
 1009 020a 00       		.byte	0
 1010 020b 0D       		.uleb128 0xd
 1011 020c 417400   		.ascii	"At\000"
 1012 020f 02       		.byte	0x2
 1013 0210 49       		.byte	0x49
 1014 0211 CE040000 		.4byte	.LASF32
 1015 0215 62050000 		.4byte	0x562
 1016 0219 01       		.byte	0x1
 1017 021a 22020000 		.4byte	0x222
 1018 021e 32020000 		.4byte	0x232
 1019 0222 0B       		.uleb128 0xb
 1020 0223 33050000 		.4byte	0x533
 1021 0227 0C       		.uleb128 0xc
 1022 0228 88000000 		.4byte	0x88
 1023 022c 0C       		.uleb128 0xc
 1024 022d 88000000 		.4byte	0x88
 1025 0231 00       		.byte	0
 1026 0232 0D       		.uleb128 0xd
 1027 0233 417400   		.ascii	"At\000"
 1028 0236 02       		.byte	0x2
 1029 0237 51       		.byte	0x51
 1030 0238 9A030000 		.4byte	.LASF33
 1031 023c 68050000 		.4byte	0x568
 1032 0240 01       		.byte	0x1
 1033 0241 49020000 		.4byte	0x249
 1034 0245 59020000 		.4byte	0x259
 1035 0249 0B       		.uleb128 0xb
 1036 024a 50050000 		.4byte	0x550
 1037 024e 0C       		.uleb128 0xc
 1038 024f 88000000 		.4byte	0x88
 1039 0253 0C       		.uleb128 0xc
 1040 0254 88000000 		.4byte	0x88
 1041 0258 00       		.byte	0
 1042 0259 0A       		.uleb128 0xa
 1043 025a A9060000 		.4byte	.LASF34
 1044 025e 02       		.byte	0x2
 1045 025f 59       		.byte	0x59
 1046 0260 3E050000 		.4byte	.LASF35
 1047 0264 56050000 		.4byte	0x556
 1048 0268 01       		.byte	0x1
 1049 0269 71020000 		.4byte	0x271
 1050 026d 7C020000 		.4byte	0x27c
 1051 0271 0B       		.uleb128 0xb
 1052 0272 33050000 		.4byte	0x533
 1053 0276 0C       		.uleb128 0xc
 1054 0277 88000000 		.4byte	0x88
ARM GAS  C:\Users\PC\AppData\Local\Temp\ccyBAMgs.s 			page 28


 1055 027b 00       		.byte	0
 1056 027c 0A       		.uleb128 0xa
 1057 027d A9060000 		.4byte	.LASF34
 1058 0281 02       		.byte	0x2
 1059 0282 5E       		.byte	0x5e
 1060 0283 00030000 		.4byte	.LASF36
 1061 0287 5C050000 		.4byte	0x55c
 1062 028b 01       		.byte	0x1
 1063 028c 94020000 		.4byte	0x294
 1064 0290 9F020000 		.4byte	0x29f
 1065 0294 0B       		.uleb128 0xb
 1066 0295 50050000 		.4byte	0x550
 1067 0299 0C       		.uleb128 0xc
 1068 029a 88000000 		.4byte	0x88
 1069 029e 00       		.byte	0
 1070 029f 0A       		.uleb128 0xa
 1071 02a0 BF050000 		.4byte	.LASF37
 1072 02a4 02       		.byte	0x2
 1073 02a5 63       		.byte	0x63
 1074 02a6 74050000 		.4byte	.LASF38
 1075 02aa D1000000 		.4byte	0xd1
 1076 02ae 01       		.byte	0x1
 1077 02af B7020000 		.4byte	0x2b7
 1078 02b3 C2020000 		.4byte	0x2c2
 1079 02b7 0B       		.uleb128 0xb
 1080 02b8 50050000 		.4byte	0x550
 1081 02bc 0C       		.uleb128 0xc
 1082 02bd 44050000 		.4byte	0x544
 1083 02c1 00       		.byte	0
 1084 02c2 0A       		.uleb128 0xa
 1085 02c3 C9050000 		.4byte	.LASF39
 1086 02c7 02       		.byte	0x2
 1087 02c8 72       		.byte	0x72
 1088 02c9 1B080000 		.4byte	.LASF40
 1089 02cd D1000000 		.4byte	0xd1
 1090 02d1 01       		.byte	0x1
 1091 02d2 DA020000 		.4byte	0x2da
 1092 02d6 E5020000 		.4byte	0x2e5
 1093 02da 0B       		.uleb128 0xb
 1094 02db 50050000 		.4byte	0x550
 1095 02df 0C       		.uleb128 0xc
 1096 02e0 44050000 		.4byte	0x544
 1097 02e4 00       		.byte	0
 1098 02e5 0A       		.uleb128 0xa
 1099 02e6 73040000 		.4byte	.LASF41
 1100 02ea 02       		.byte	0x2
 1101 02eb 81       		.byte	0x81
 1102 02ec C7080000 		.4byte	.LASF42
 1103 02f0 4A050000 		.4byte	0x54a
 1104 02f4 01       		.byte	0x1
 1105 02f5 FD020000 		.4byte	0x2fd
 1106 02f9 08030000 		.4byte	0x308
 1107 02fd 0B       		.uleb128 0xb
 1108 02fe 33050000 		.4byte	0x533
 1109 0302 0C       		.uleb128 0xc
 1110 0303 44050000 		.4byte	0x544
 1111 0307 00       		.byte	0
ARM GAS  C:\Users\PC\AppData\Local\Temp\ccyBAMgs.s 			page 29


 1112 0308 0A       		.uleb128 0xa
 1113 0309 AA050000 		.4byte	.LASF43
 1114 030d 02       		.byte	0x2
 1115 030e 8E       		.byte	0x8e
 1116 030f 4E000000 		.4byte	.LASF44
 1117 0313 4A050000 		.4byte	0x54a
 1118 0317 01       		.byte	0x1
 1119 0318 20030000 		.4byte	0x320
 1120 031c 2B030000 		.4byte	0x32b
 1121 0320 0B       		.uleb128 0xb
 1122 0321 33050000 		.4byte	0x533
 1123 0325 0C       		.uleb128 0xc
 1124 0326 44050000 		.4byte	0x544
 1125 032a 00       		.byte	0
 1126 032b 0A       		.uleb128 0xa
 1127 032c B5050000 		.4byte	.LASF45
 1128 0330 02       		.byte	0x2
 1129 0331 9B       		.byte	0x9b
 1130 0332 FC080000 		.4byte	.LASF46
 1131 0336 D1000000 		.4byte	0xd1
 1132 033a 01       		.byte	0x1
 1133 033b 43030000 		.4byte	0x343
 1134 033f 4E030000 		.4byte	0x34e
 1135 0343 0B       		.uleb128 0xb
 1136 0344 50050000 		.4byte	0x550
 1137 0348 0C       		.uleb128 0xc
 1138 0349 25000000 		.4byte	0x25
 1139 034d 00       		.byte	0
 1140 034e 0A       		.uleb128 0xa
 1141 034f D3050000 		.4byte	.LASF47
 1142 0353 02       		.byte	0x2
 1143 0354 AA       		.byte	0xaa
 1144 0355 B4060000 		.4byte	.LASF48
 1145 0359 D1000000 		.4byte	0xd1
 1146 035d 01       		.byte	0x1
 1147 035e 66030000 		.4byte	0x366
 1148 0362 71030000 		.4byte	0x371
 1149 0366 0B       		.uleb128 0xb
 1150 0367 50050000 		.4byte	0x550
 1151 036b 0C       		.uleb128 0xc
 1152 036c 25000000 		.4byte	0x25
 1153 0370 00       		.byte	0
 1154 0371 0A       		.uleb128 0xa
 1155 0372 8F030000 		.4byte	.LASF49
 1156 0376 02       		.byte	0x2
 1157 0377 B9       		.byte	0xb9
 1158 0378 0D040000 		.4byte	.LASF50
 1159 037c 4A050000 		.4byte	0x54a
 1160 0380 01       		.byte	0x1
 1161 0381 89030000 		.4byte	0x389
 1162 0385 94030000 		.4byte	0x394
 1163 0389 0B       		.uleb128 0xb
 1164 038a 33050000 		.4byte	0x533
 1165 038e 0C       		.uleb128 0xc
 1166 038f 25000000 		.4byte	0x25
 1167 0393 00       		.byte	0
 1168 0394 0A       		.uleb128 0xa
ARM GAS  C:\Users\PC\AppData\Local\Temp\ccyBAMgs.s 			page 30


 1169 0395 89070000 		.4byte	.LASF51
 1170 0399 02       		.byte	0x2
 1171 039a C6       		.byte	0xc6
 1172 039b 45010000 		.4byte	.LASF52
 1173 039f 4A050000 		.4byte	0x54a
 1174 03a3 01       		.byte	0x1
 1175 03a4 AC030000 		.4byte	0x3ac
 1176 03a8 B7030000 		.4byte	0x3b7
 1177 03ac 0B       		.uleb128 0xb
 1178 03ad 33050000 		.4byte	0x533
 1179 03b1 0C       		.uleb128 0xc
 1180 03b2 25000000 		.4byte	0x25
 1181 03b6 00       		.byte	0
 1182 03b7 0A       		.uleb128 0xa
 1183 03b8 51080000 		.4byte	.LASF53
 1184 03bc 02       		.byte	0x2
 1185 03bd D3       		.byte	0xd3
 1186 03be 3C030000 		.4byte	.LASF54
 1187 03c2 0F050000 		.4byte	0x50f
 1188 03c6 01       		.byte	0x1
 1189 03c7 CF030000 		.4byte	0x3cf
 1190 03cb DA030000 		.4byte	0x3da
 1191 03cf 0B       		.uleb128 0xb
 1192 03d0 50050000 		.4byte	0x550
 1193 03d4 0C       		.uleb128 0xc
 1194 03d5 44050000 		.4byte	0x544
 1195 03d9 00       		.byte	0
 1196 03da 0A       		.uleb128 0xa
 1197 03db 62080000 		.4byte	.LASF55
 1198 03df 02       		.byte	0x2
 1199 03e0 E2       		.byte	0xe2
 1200 03e1 7E0A0000 		.4byte	.LASF56
 1201 03e5 0F050000 		.4byte	0x50f
 1202 03e9 01       		.byte	0x1
 1203 03ea F2030000 		.4byte	0x3f2
 1204 03ee FD030000 		.4byte	0x3fd
 1205 03f2 0B       		.uleb128 0xb
 1206 03f3 50050000 		.4byte	0x550
 1207 03f7 0C       		.uleb128 0xc
 1208 03f8 44050000 		.4byte	0x544
 1209 03fc 00       		.byte	0
 1210 03fd 0E       		.uleb128 0xe
 1211 03fe 98080000 		.4byte	.LASF57
 1212 0402 02       		.byte	0x2
 1213 0403 E9       		.byte	0xe9
 1214 0404 A4070000 		.4byte	.LASF59
 1215 0408 01       		.byte	0x1
 1216 0409 11040000 		.4byte	0x411
 1217 040d 1C040000 		.4byte	0x41c
 1218 0411 0B       		.uleb128 0xb
 1219 0412 33050000 		.4byte	0x533
 1220 0416 0C       		.uleb128 0xc
 1221 0417 25000000 		.4byte	0x25
 1222 041b 00       		.byte	0
 1223 041c 0E       		.uleb128 0xe
 1224 041d 39010000 		.4byte	.LASF58
 1225 0421 02       		.byte	0x2
ARM GAS  C:\Users\PC\AppData\Local\Temp\ccyBAMgs.s 			page 31


 1226 0422 F2       		.byte	0xf2
 1227 0423 020A0000 		.4byte	.LASF60
 1228 0427 01       		.byte	0x1
 1229 0428 30040000 		.4byte	0x430
 1230 042c 36040000 		.4byte	0x436
 1231 0430 0B       		.uleb128 0xb
 1232 0431 33050000 		.4byte	0x533
 1233 0435 00       		.byte	0
 1234 0436 0A       		.uleb128 0xa
 1235 0437 13050000 		.4byte	.LASF61
 1236 043b 02       		.byte	0x2
 1237 043c F7       		.byte	0xf7
 1238 043d 92040000 		.4byte	.LASF62
 1239 0441 D1000000 		.4byte	0xd1
 1240 0445 01       		.byte	0x1
 1241 0446 4E040000 		.4byte	0x44e
 1242 044a 54040000 		.4byte	0x454
 1243 044e 0B       		.uleb128 0xb
 1244 044f 50050000 		.4byte	0x550
 1245 0453 00       		.byte	0
 1246 0454 0F       		.uleb128 0xf
 1247 0455 3E010000 		.4byte	.LASF63
 1248 0459 02       		.byte	0x2
 1249 045a 0401     		.2byte	0x104
 1250 045c 83000000 		.4byte	.LASF104
 1251 0460 D1000000 		.4byte	0xd1
 1252 0464 01       		.byte	0x1
 1253 0465 6F040000 		.4byte	0x46f
 1254 0469 0C       		.uleb128 0xc
 1255 046a 25000000 		.4byte	0x25
 1256 046e 00       		.byte	0
 1257 046f 10       		.uleb128 0x10
 1258 0470 1E050000 		.4byte	.LASF105
 1259 0474 02       		.byte	0x2
 1260 0475 0901     		.2byte	0x109
 1261 0477 76010000 		.4byte	.LASF106
 1262 047b D1000000 		.4byte	0xd1
 1263 047f 01       		.byte	0x1
 1264 0480 11       		.uleb128 0x11
 1265 0481 5400     		.ascii	"T\000"
 1266 0483 25000000 		.4byte	0x25
 1267 0487 12       		.uleb128 0x12
 1268 0488 2E090000 		.4byte	.LASF64
 1269 048c 88000000 		.4byte	0x88
 1270 0490 04       		.byte	0x4
 1271 0491 12       		.uleb128 0x12
 1272 0492 01050000 		.4byte	.LASF65
 1273 0496 88000000 		.4byte	0x88
 1274 049a 04       		.byte	0x4
 1275 049b 00       		.byte	0
 1276 049c 13       		.uleb128 0x13
 1277 049d D1000000 		.4byte	0xd1
 1278 04a1 14       		.uleb128 0x14
 1279 04a2 E6060000 		.4byte	.LASF107
 1280 04a6 0E       		.byte	0xe
 1281 04a7 09       		.byte	0x9
 1282 04a8 FB070000 		.4byte	.LASF108
ARM GAS  C:\Users\PC\AppData\Local\Temp\ccyBAMgs.s 			page 32


 1283 04ac 25000000 		.4byte	0x25
 1284 04b0 BA040000 		.4byte	0x4ba
 1285 04b4 0C       		.uleb128 0xc
 1286 04b5 25000000 		.4byte	0x25
 1287 04b9 00       		.byte	0
 1288 04ba 15       		.uleb128 0x15
 1289 04bb 9D080000 		.4byte	.LASF109
 1290 04bf 04       		.byte	0x4
 1291 04c0 10       		.byte	0x10
 1292 04c1 DD050000 		.4byte	.LASF110
 1293 04c5 FE040000 		.4byte	0x4fe
 1294 04c9 11       		.uleb128 0x11
 1295 04ca 5400     		.ascii	"T\000"
 1296 04cc 25000000 		.4byte	0x25
 1297 04d0 12       		.uleb128 0x12
 1298 04d1 9C020000 		.4byte	.LASF66
 1299 04d5 88000000 		.4byte	0x88
 1300 04d9 04       		.byte	0x4
 1301 04da 12       		.uleb128 0x12
 1302 04db 38000000 		.4byte	.LASF67
 1303 04df 88000000 		.4byte	0x88
 1304 04e3 04       		.byte	0x4
 1305 04e4 12       		.uleb128 0x12
 1306 04e5 3E000000 		.4byte	.LASF68
 1307 04e9 88000000 		.4byte	0x88
 1308 04ed 04       		.byte	0x4
 1309 04ee 0C       		.uleb128 0xc
 1310 04ef 44050000 		.4byte	0x544
 1311 04f3 0C       		.uleb128 0xc
 1312 04f4 44050000 		.4byte	0x544
 1313 04f8 0C       		.uleb128 0xc
 1314 04f9 4A050000 		.4byte	0x54a
 1315 04fd 00       		.byte	0
 1316 04fe 16       		.uleb128 0x16
 1317 04ff 506900   		.ascii	"Pi\000"
 1318 0502 0E       		.byte	0xe
 1319 0503 07       		.byte	0x7
 1320 0504 3F050000 		.4byte	0x53f
 1321 0508 04       		.byte	0x4
 1322 0509 DB0F4940 		.4byte	0x40490fdb
 1323 050d 00       		.byte	0
 1324 050e 00       		.byte	0
 1325 050f 02       		.uleb128 0x2
 1326 0510 01       		.byte	0x1
 1327 0511 02       		.byte	0x2
 1328 0512 6F050000 		.4byte	.LASF69
 1329 0516 17       		.uleb128 0x17
 1330 0517 03       		.byte	0x3
 1331 0518 1A       		.byte	0x1a
 1332 0519 BF000000 		.4byte	0xbf
 1333 051d 18       		.uleb128 0x18
 1334 051e 25000000 		.4byte	0x25
 1335 0522 33050000 		.4byte	0x533
 1336 0526 19       		.uleb128 0x19
 1337 0527 B8000000 		.4byte	0xb8
 1338 052b 03       		.byte	0x3
 1339 052c 19       		.uleb128 0x19
ARM GAS  C:\Users\PC\AppData\Local\Temp\ccyBAMgs.s 			page 33


 1340 052d B8000000 		.4byte	0xb8
 1341 0531 03       		.byte	0x3
 1342 0532 00       		.byte	0
 1343 0533 1A       		.uleb128 0x1a
 1344 0534 04       		.byte	0x4
 1345 0535 D1000000 		.4byte	0xd1
 1346 0539 1B       		.uleb128 0x1b
 1347 053a 04       		.byte	0x4
 1348 053b 1D050000 		.4byte	0x51d
 1349 053f 13       		.uleb128 0x13
 1350 0540 25000000 		.4byte	0x25
 1351 0544 1B       		.uleb128 0x1b
 1352 0545 04       		.byte	0x4
 1353 0546 9C040000 		.4byte	0x49c
 1354 054a 1B       		.uleb128 0x1b
 1355 054b 04       		.byte	0x4
 1356 054c D1000000 		.4byte	0xd1
 1357 0550 1A       		.uleb128 0x1a
 1358 0551 04       		.byte	0x4
 1359 0552 9C040000 		.4byte	0x49c
 1360 0556 1A       		.uleb128 0x1a
 1361 0557 04       		.byte	0x4
 1362 0558 25000000 		.4byte	0x25
 1363 055c 1A       		.uleb128 0x1a
 1364 055d 04       		.byte	0x4
 1365 055e 3F050000 		.4byte	0x53f
 1366 0562 1B       		.uleb128 0x1b
 1367 0563 04       		.byte	0x4
 1368 0564 25000000 		.4byte	0x25
 1369 0568 1B       		.uleb128 0x1b
 1370 0569 04       		.byte	0x4
 1371 056a 3F050000 		.4byte	0x53f
 1372 056e 1C       		.uleb128 0x1c
 1373 056f A1040000 		.4byte	0x4a1
 1374 0573 03       		.byte	0x3
 1375 0574 84050000 		.4byte	0x584
 1376 0578 1D       		.uleb128 0x1d
 1377 0579 0E000000 		.4byte	.LASF76
 1378 057d 0E       		.byte	0xe
 1379 057e 0A       		.byte	0xa
 1380 057f 25000000 		.4byte	0x25
 1381 0583 00       		.byte	0
 1382 0584 06       		.uleb128 0x6
 1383 0585 A0060000 		.4byte	.LASF71
 1384 0589 08       		.byte	0x8
 1385 058a 11       		.byte	0x11
 1386 058b B9050000 		.4byte	0x5b9
 1387 058f 1E       		.uleb128 0x1e
 1388 0590 08000000 		.4byte	.LASF111
 1389 0594 01       		.byte	0x1
 1390 0595 14       		.byte	0x14
 1391 0596 74070000 		.4byte	.LASF112
 1392 059a 1F       		.uleb128 0x1f
 1393 059b 72030000 		.4byte	.LASF72
 1394 059f EE070000 		.4byte	.LASF74
 1395 05a3 09       		.byte	0x9
 1396 05a4 2F       		.byte	0x2f
ARM GAS  C:\Users\PC\AppData\Local\Temp\ccyBAMgs.s 			page 34


 1397 05a5 72030000 		.4byte	.LASF72
 1398 05a9 1F       		.uleb128 0x1f
 1399 05aa BB0A0000 		.4byte	.LASF73
 1400 05ae 06050000 		.4byte	.LASF75
 1401 05b2 08       		.byte	0x8
 1402 05b3 12       		.byte	0x12
 1403 05b4 BB0A0000 		.4byte	.LASF73
 1404 05b8 00       		.byte	0
 1405 05b9 20       		.uleb128 0x20
 1406 05ba 8F050000 		.4byte	0x58f
 1407 05be 00000000 		.4byte	.LFB63
 1408 05c2 0C000000 		.4byte	.LFE63-.LFB63
 1409 05c6 01       		.uleb128 0x1
 1410 05c7 9C       		.byte	0x9c
 1411 05c8 DF050000 		.4byte	0x5df
 1412 05cc 21       		.uleb128 0x21
 1413 05cd 06000000 		.4byte	.LVL0
 1414 05d1 9A050000 		.4byte	0x59a
 1415 05d5 21       		.uleb128 0x21
 1416 05d6 0A000000 		.4byte	.LVL1
 1417 05da A9050000 		.4byte	0x5a9
 1418 05de 00       		.byte	0
 1419 05df 22       		.uleb128 0x22
 1420 05e0 7C020000 		.4byte	0x27c
 1421 05e4 00000000 		.4byte	.LFB176
 1422 05e8 06000000 		.4byte	.LFE176-.LFB176
 1423 05ec 01       		.uleb128 0x1
 1424 05ed 9C       		.byte	0x9c
 1425 05ee F6050000 		.4byte	0x5f6
 1426 05f2 11060000 		.4byte	0x611
 1427 05f6 23       		.uleb128 0x23
 1428 05f7 790A0000 		.4byte	.LASF77
 1429 05fb 11060000 		.4byte	0x611
 1430 05ff 00000000 		.4byte	.LLST0
 1431 0603 24       		.uleb128 0x24
 1432 0604 726F7700 		.ascii	"row\000"
 1433 0608 02       		.byte	0x2
 1434 0609 5E       		.byte	0x5e
 1435 060a 88000000 		.4byte	0x88
 1436 060e 01       		.uleb128 0x1
 1437 060f 51       		.byte	0x51
 1438 0610 00       		.byte	0
 1439 0611 13       		.uleb128 0x13
 1440 0612 50050000 		.4byte	0x550
 1441 0616 25       		.uleb128 0x25
 1442 0617 20070000 		.4byte	.LASF79
 1443 061b 03       		.byte	0x3
 1444 061c 1C       		.byte	0x1c
 1445 061d 00000000 		.4byte	.LFB173
 1446 0621 74000000 		.4byte	.LFE173-.LFB173
 1447 0625 01       		.uleb128 0x1
 1448 0626 9C       		.byte	0x9c
 1449 0627 BA060000 		.4byte	0x6ba
 1450 062b 26       		.uleb128 0x26
 1451 062c 6D00     		.ascii	"m\000"
 1452 062e 03       		.byte	0x3
 1453 062f 1D       		.byte	0x1d
ARM GAS  C:\Users\PC\AppData\Local\Temp\ccyBAMgs.s 			page 35


 1454 0630 BA060000 		.4byte	0x6ba
 1455 0634 21000000 		.4byte	.LLST1
 1456 0638 27       		.uleb128 0x27
 1457 0639 16000000 		.4byte	.LASF78
 1458 063d 03       		.byte	0x3
 1459 063e 1F       		.byte	0x1f
 1460 063f BF060000 		.4byte	0x6bf
 1461 0643 03       		.uleb128 0x3
 1462 0644 91       		.byte	0x91
 1463 0645 D87E     		.sleb128 -168
 1464 0647 28       		.uleb128 0x28
 1465 0648 08000000 		.4byte	.LBB14
 1466 064c 62000000 		.4byte	.LBE14-.LBB14
 1467 0650 29       		.uleb128 0x29
 1468 0651 6900     		.ascii	"i\000"
 1469 0653 03       		.byte	0x3
 1470 0654 21       		.byte	0x21
 1471 0655 9A000000 		.4byte	0x9a
 1472 0659 4E000000 		.4byte	.LLST2
 1473 065d 2A       		.uleb128 0x2a
 1474 065e 1A000000 		.4byte	.LVL7
 1475 0662 DF050000 		.4byte	0x5df
 1476 0666 79060000 		.4byte	0x679
 1477 066a 2B       		.uleb128 0x2b
 1478 066b 01       		.uleb128 0x1
 1479 066c 50       		.byte	0x50
 1480 066d 04       		.uleb128 0x4
 1481 066e 91       		.byte	0x91
 1482 066f D47E     		.sleb128 -172
 1483 0671 06       		.byte	0x6
 1484 0672 2B       		.uleb128 0x2b
 1485 0673 01       		.uleb128 0x1
 1486 0674 51       		.byte	0x51
 1487 0675 02       		.uleb128 0x2
 1488 0676 7B       		.byte	0x7b
 1489 0677 00       		.sleb128 0
 1490 0678 00       		.byte	0
 1491 0679 2A       		.uleb128 0x2a
 1492 067a 5E000000 		.4byte	.LVL12
 1493 067e B50D0000 		.4byte	0xdb5
 1494 0682 A7060000 		.4byte	0x6a7
 1495 0686 2B       		.uleb128 0x2b
 1496 0687 01       		.uleb128 0x1
 1497 0688 50       		.byte	0x50
 1498 0689 03       		.uleb128 0x3
 1499 068a 91       		.byte	0x91
 1500 068b D87E     		.sleb128 -168
 1501 068d 2B       		.uleb128 0x2b
 1502 068e 01       		.uleb128 0x1
 1503 068f 51       		.byte	0x51
 1504 0690 05       		.uleb128 0x5
 1505 0691 03       		.byte	0x3
 1506 0692 00000000 		.4byte	.LC0
 1507 0696 2B       		.uleb128 0x2b
 1508 0697 02       		.uleb128 0x2
 1509 0698 7D       		.byte	0x7d
 1510 0699 00       		.sleb128 0
ARM GAS  C:\Users\PC\AppData\Local\Temp\ccyBAMgs.s 			page 36


 1511 069a 03       		.uleb128 0x3
 1512 069b F5       		.byte	0xf5
 1513 069c 06       		.uleb128 0x6
 1514 069d 2C       		.uleb128 0x2c
 1515 069e 2B       		.uleb128 0x2b
 1516 069f 02       		.uleb128 0x2
 1517 06a0 7D       		.byte	0x7d
 1518 06a1 08       		.sleb128 8
 1519 06a2 03       		.uleb128 0x3
 1520 06a3 F5       		.byte	0xf5
 1521 06a4 08       		.uleb128 0x8
 1522 06a5 2C       		.uleb128 0x2c
 1523 06a6 00       		.byte	0
 1524 06a7 2C       		.uleb128 0x2c
 1525 06a8 64000000 		.4byte	.LVL13
 1526 06ac C00D0000 		.4byte	0xdc0
 1527 06b0 2B       		.uleb128 0x2b
 1528 06b1 01       		.uleb128 0x1
 1529 06b2 50       		.byte	0x50
 1530 06b3 03       		.uleb128 0x3
 1531 06b4 91       		.byte	0x91
 1532 06b5 D87E     		.sleb128 -168
 1533 06b7 00       		.byte	0
 1534 06b8 00       		.byte	0
 1535 06b9 00       		.byte	0
 1536 06ba 13       		.uleb128 0x13
 1537 06bb 44050000 		.4byte	0x544
 1538 06bf 18       		.uleb128 0x18
 1539 06c0 A5000000 		.4byte	0xa5
 1540 06c4 CF060000 		.4byte	0x6cf
 1541 06c8 19       		.uleb128 0x19
 1542 06c9 B8000000 		.4byte	0xb8
 1543 06cd 7F       		.byte	0x7f
 1544 06ce 00       		.byte	0
 1545 06cf 22       		.uleb128 0x22
 1546 06d0 59020000 		.4byte	0x259
 1547 06d4 00000000 		.4byte	.LFB177
 1548 06d8 06000000 		.4byte	.LFE177-.LFB177
 1549 06dc 01       		.uleb128 0x1
 1550 06dd 9C       		.byte	0x9c
 1551 06de E6060000 		.4byte	0x6e6
 1552 06e2 01070000 		.4byte	0x701
 1553 06e6 23       		.uleb128 0x23
 1554 06e7 790A0000 		.4byte	.LASF77
 1555 06eb 01070000 		.4byte	0x701
 1556 06ef 6D000000 		.4byte	.LLST3
 1557 06f3 24       		.uleb128 0x24
 1558 06f4 726F7700 		.ascii	"row\000"
 1559 06f8 02       		.byte	0x2
 1560 06f9 59       		.byte	0x59
 1561 06fa 88000000 		.4byte	0x88
 1562 06fe 01       		.uleb128 0x1
 1563 06ff 51       		.byte	0x51
 1564 0700 00       		.byte	0
 1565 0701 13       		.uleb128 0x13
 1566 0702 33050000 		.4byte	0x533
 1567 0706 25       		.uleb128 0x25
ARM GAS  C:\Users\PC\AppData\Local\Temp\ccyBAMgs.s 			page 37


 1568 0707 00000000 		.4byte	.LASF80
 1569 070b 03       		.byte	0x3
 1570 070c 2F       		.byte	0x2f
 1571 070d 00000000 		.4byte	.LFB174
 1572 0711 B0000000 		.4byte	.LFE174-.LFB174
 1573 0715 01       		.uleb128 0x1
 1574 0716 9C       		.byte	0x9c
 1575 0717 50080000 		.4byte	0x850
 1576 071b 2D       		.uleb128 0x2d
 1577 071c B0010000 		.4byte	.LASF81
 1578 0720 03       		.byte	0x3
 1579 0721 30       		.byte	0x30
 1580 0722 25000000 		.4byte	0x25
 1581 0726 8E000000 		.4byte	.LLST4
 1582 072a 26       		.uleb128 0x26
 1583 072b 6400     		.ascii	"d\000"
 1584 072d 03       		.byte	0x3
 1585 072e 31       		.byte	0x31
 1586 072f 25000000 		.4byte	0x25
 1587 0733 BC000000 		.4byte	.LLST5
 1588 0737 26       		.uleb128 0x26
 1589 0738 6100     		.ascii	"a\000"
 1590 073a 03       		.byte	0x3
 1591 073b 32       		.byte	0x32
 1592 073c 25000000 		.4byte	0x25
 1593 0740 DA000000 		.4byte	.LLST6
 1594 0744 2D       		.uleb128 0x2d
 1595 0745 B9080000 		.4byte	.LASF82
 1596 0749 03       		.byte	0x3
 1597 074a 33       		.byte	0x33
 1598 074b 25000000 		.4byte	0x25
 1599 074f F8000000 		.4byte	.LLST7
 1600 0753 24       		.uleb128 0x24
 1601 0754 5400     		.ascii	"T\000"
 1602 0756 03       		.byte	0x3
 1603 0757 34       		.byte	0x34
 1604 0758 50080000 		.4byte	0x850
 1605 075c 02       		.uleb128 0x2
 1606 075d 91       		.byte	0x91
 1607 075e 00       		.sleb128 0
 1608 075f 29       		.uleb128 0x29
 1609 0760 637400   		.ascii	"ct\000"
 1610 0763 03       		.byte	0x3
 1611 0764 36       		.byte	0x36
 1612 0765 25000000 		.4byte	0x25
 1613 0769 26010000 		.4byte	.LLST8
 1614 076d 29       		.uleb128 0x29
 1615 076e 737400   		.ascii	"st\000"
 1616 0771 03       		.byte	0x3
 1617 0772 37       		.byte	0x37
 1618 0773 25000000 		.4byte	0x25
 1619 0777 44010000 		.4byte	.LLST9
 1620 077b 29       		.uleb128 0x29
 1621 077c 636100   		.ascii	"ca\000"
 1622 077f 03       		.byte	0x3
 1623 0780 38       		.byte	0x38
 1624 0781 25000000 		.4byte	0x25
ARM GAS  C:\Users\PC\AppData\Local\Temp\ccyBAMgs.s 			page 38


 1625 0785 62010000 		.4byte	.LLST10
 1626 0789 29       		.uleb128 0x29
 1627 078a 736100   		.ascii	"sa\000"
 1628 078d 03       		.byte	0x3
 1629 078e 39       		.byte	0x39
 1630 078f 25000000 		.4byte	0x25
 1631 0793 80010000 		.4byte	.LLST11
 1632 0797 2A       		.uleb128 0x2a
 1633 0798 10000000 		.4byte	.LVL19
 1634 079c CB0D0000 		.4byte	0xdcb
 1635 07a0 AC070000 		.4byte	0x7ac
 1636 07a4 2B       		.uleb128 0x2b
 1637 07a5 01       		.uleb128 0x1
 1638 07a6 50       		.byte	0x50
 1639 07a7 03       		.uleb128 0x3
 1640 07a8 F5       		.byte	0xf5
 1641 07a9 06       		.uleb128 0x6
 1642 07aa 25       		.uleb128 0x25
 1643 07ab 00       		.byte	0
 1644 07ac 2A       		.uleb128 0x2a
 1645 07ad 18000000 		.4byte	.LVL22
 1646 07b1 D70D0000 		.4byte	0xdd7
 1647 07b5 C1070000 		.4byte	0x7c1
 1648 07b9 2B       		.uleb128 0x2b
 1649 07ba 01       		.uleb128 0x1
 1650 07bb 50       		.byte	0x50
 1651 07bc 03       		.uleb128 0x3
 1652 07bd F5       		.byte	0xf5
 1653 07be 06       		.uleb128 0x6
 1654 07bf 25       		.uleb128 0x25
 1655 07c0 00       		.byte	0
 1656 07c1 2A       		.uleb128 0x2a
 1657 07c2 20000000 		.4byte	.LVL25
 1658 07c6 CB0D0000 		.4byte	0xdcb
 1659 07ca D6070000 		.4byte	0x7d6
 1660 07ce 2B       		.uleb128 0x2b
 1661 07cf 01       		.uleb128 0x1
 1662 07d0 50       		.byte	0x50
 1663 07d1 03       		.uleb128 0x3
 1664 07d2 F5       		.byte	0xf5
 1665 07d3 05       		.uleb128 0x5
 1666 07d4 25       		.uleb128 0x25
 1667 07d5 00       		.byte	0
 1668 07d6 2A       		.uleb128 0x2a
 1669 07d7 28000000 		.4byte	.LVL28
 1670 07db D70D0000 		.4byte	0xdd7
 1671 07df EB070000 		.4byte	0x7eb
 1672 07e3 2B       		.uleb128 0x2b
 1673 07e4 01       		.uleb128 0x1
 1674 07e5 50       		.byte	0x50
 1675 07e6 03       		.uleb128 0x3
 1676 07e7 F5       		.byte	0xf5
 1677 07e8 05       		.uleb128 0x5
 1678 07e9 25       		.uleb128 0x25
 1679 07ea 00       		.byte	0
 1680 07eb 2A       		.uleb128 0x2a
 1681 07ec 32000000 		.4byte	.LVL31
ARM GAS  C:\Users\PC\AppData\Local\Temp\ccyBAMgs.s 			page 39


 1682 07f0 CF060000 		.4byte	0x6cf
 1683 07f4 05080000 		.4byte	0x805
 1684 07f8 2B       		.uleb128 0x2b
 1685 07f9 01       		.uleb128 0x1
 1686 07fa 50       		.byte	0x50
 1687 07fb 03       		.uleb128 0x3
 1688 07fc 91       		.byte	0x91
 1689 07fd 00       		.sleb128 0
 1690 07fe 06       		.byte	0x6
 1691 07ff 2B       		.uleb128 0x2b
 1692 0800 01       		.uleb128 0x1
 1693 0801 51       		.byte	0x51
 1694 0802 01       		.uleb128 0x1
 1695 0803 30       		.byte	0x30
 1696 0804 00       		.byte	0
 1697 0805 2A       		.uleb128 0x2a
 1698 0806 5E000000 		.4byte	.LVL36
 1699 080a CF060000 		.4byte	0x6cf
 1700 080e 1F080000 		.4byte	0x81f
 1701 0812 2B       		.uleb128 0x2b
 1702 0813 01       		.uleb128 0x1
 1703 0814 50       		.byte	0x50
 1704 0815 03       		.uleb128 0x3
 1705 0816 91       		.byte	0x91
 1706 0817 00       		.sleb128 0
 1707 0818 06       		.byte	0x6
 1708 0819 2B       		.uleb128 0x2b
 1709 081a 01       		.uleb128 0x1
 1710 081b 51       		.byte	0x51
 1711 081c 01       		.uleb128 0x1
 1712 081d 31       		.byte	0x31
 1713 081e 00       		.byte	0
 1714 081f 2A       		.uleb128 0x2a
 1715 0820 8C000000 		.4byte	.LVL40
 1716 0824 CF060000 		.4byte	0x6cf
 1717 0828 39080000 		.4byte	0x839
 1718 082c 2B       		.uleb128 0x2b
 1719 082d 01       		.uleb128 0x1
 1720 082e 50       		.byte	0x50
 1721 082f 03       		.uleb128 0x3
 1722 0830 91       		.byte	0x91
 1723 0831 00       		.sleb128 0
 1724 0832 06       		.byte	0x6
 1725 0833 2B       		.uleb128 0x2b
 1726 0834 01       		.uleb128 0x1
 1727 0835 51       		.byte	0x51
 1728 0836 01       		.uleb128 0x1
 1729 0837 32       		.byte	0x32
 1730 0838 00       		.byte	0
 1731 0839 2C       		.uleb128 0x2c
 1732 083a A0000000 		.4byte	.LVL42
 1733 083e CF060000 		.4byte	0x6cf
 1734 0842 2B       		.uleb128 0x2b
 1735 0843 01       		.uleb128 0x1
 1736 0844 50       		.byte	0x50
 1737 0845 03       		.uleb128 0x3
 1738 0846 91       		.byte	0x91
ARM GAS  C:\Users\PC\AppData\Local\Temp\ccyBAMgs.s 			page 40


 1739 0847 00       		.sleb128 0
 1740 0848 06       		.byte	0x6
 1741 0849 2B       		.uleb128 0x2b
 1742 084a 01       		.uleb128 0x1
 1743 084b 51       		.byte	0x51
 1744 084c 01       		.uleb128 0x1
 1745 084d 33       		.byte	0x33
 1746 084e 00       		.byte	0
 1747 084f 00       		.byte	0
 1748 0850 13       		.uleb128 0x13
 1749 0851 4A050000 		.4byte	0x54a
 1750 0855 2E       		.uleb128 0x2e
 1751 0856 BA040000 		.4byte	0x4ba
 1752 085a 00000000 		.4byte	.LFB181
 1753 085e 76000000 		.4byte	.LFE181-.LFB181
 1754 0862 01       		.uleb128 0x1
 1755 0863 9C       		.byte	0x9c
 1756 0864 47090000 		.4byte	0x947
 1757 0868 11       		.uleb128 0x11
 1758 0869 5400     		.ascii	"T\000"
 1759 086b 25000000 		.4byte	0x25
 1760 086f 12       		.uleb128 0x12
 1761 0870 9C020000 		.4byte	.LASF66
 1762 0874 88000000 		.4byte	0x88
 1763 0878 04       		.byte	0x4
 1764 0879 12       		.uleb128 0x12
 1765 087a 38000000 		.4byte	.LASF67
 1766 087e 88000000 		.4byte	0x88
 1767 0882 04       		.byte	0x4
 1768 0883 12       		.uleb128 0x12
 1769 0884 3E000000 		.4byte	.LASF68
 1770 0888 88000000 		.4byte	0x88
 1771 088c 04       		.byte	0x4
 1772 088d 26       		.uleb128 0x26
 1773 088e 6100     		.ascii	"a\000"
 1774 0890 04       		.byte	0x4
 1775 0891 11       		.byte	0x11
 1776 0892 47090000 		.4byte	0x947
 1777 0896 9E010000 		.4byte	.LLST12
 1778 089a 26       		.uleb128 0x26
 1779 089b 6200     		.ascii	"b\000"
 1780 089d 04       		.byte	0x4
 1781 089e 12       		.byte	0x12
 1782 089f 4C090000 		.4byte	0x94c
 1783 08a3 BC010000 		.4byte	.LLST13
 1784 08a7 2D       		.uleb128 0x2d
 1785 08a8 A2020000 		.4byte	.LASF83
 1786 08ac 04       		.byte	0x4
 1787 08ad 13       		.byte	0x13
 1788 08ae 51090000 		.4byte	0x951
 1789 08b2 DA010000 		.4byte	.LLST14
 1790 08b6 28       		.uleb128 0x28
 1791 08b7 0C000000 		.4byte	.LBB15
 1792 08bb 64000000 		.4byte	.LBE15-.LBB15
 1793 08bf 29       		.uleb128 0x29
 1794 08c0 6900     		.ascii	"i\000"
 1795 08c2 04       		.byte	0x4
ARM GAS  C:\Users\PC\AppData\Local\Temp\ccyBAMgs.s 			page 41


 1796 08c3 15       		.byte	0x15
 1797 08c4 88000000 		.4byte	0x88
 1798 08c8 F9010000 		.4byte	.LLST15
 1799 08cc 28       		.uleb128 0x28
 1800 08cd 1A000000 		.4byte	.LBB16
 1801 08d1 50000000 		.4byte	.LBE16-.LBB16
 1802 08d5 29       		.uleb128 0x29
 1803 08d6 6A00     		.ascii	"j\000"
 1804 08d8 04       		.byte	0x4
 1805 08d9 16       		.byte	0x16
 1806 08da 88000000 		.4byte	0x88
 1807 08de 18020000 		.4byte	.LLST16
 1808 08e2 2F       		.uleb128 0x2f
 1809 08e3 34000000 		.4byte	.LBB18
 1810 08e7 30000000 		.4byte	.LBE18-.LBB18
 1811 08eb 2D090000 		.4byte	0x92d
 1812 08ef 29       		.uleb128 0x29
 1813 08f0 6B00     		.ascii	"k\000"
 1814 08f2 04       		.byte	0x4
 1815 08f3 19       		.byte	0x19
 1816 08f4 88000000 		.4byte	0x88
 1817 08f8 2B020000 		.4byte	.LLST17
 1818 08fc 2A       		.uleb128 0x2a
 1819 08fd 42000000 		.4byte	.LVL50
 1820 0901 DF050000 		.4byte	0x5df
 1821 0905 16090000 		.4byte	0x916
 1822 0909 2B       		.uleb128 0x2b
 1823 090a 01       		.uleb128 0x1
 1824 090b 50       		.byte	0x50
 1825 090c 02       		.uleb128 0x2
 1826 090d 7B       		.byte	0x7b
 1827 090e 00       		.sleb128 0
 1828 090f 2B       		.uleb128 0x2b
 1829 0910 01       		.uleb128 0x1
 1830 0911 51       		.byte	0x51
 1831 0912 02       		.uleb128 0x2
 1832 0913 78       		.byte	0x78
 1833 0914 00       		.sleb128 0
 1834 0915 00       		.byte	0
 1835 0916 2C       		.uleb128 0x2c
 1836 0917 4C000000 		.4byte	.LVL51
 1837 091b DF050000 		.4byte	0x5df
 1838 091f 2B       		.uleb128 0x2b
 1839 0920 01       		.uleb128 0x1
 1840 0921 50       		.byte	0x50
 1841 0922 02       		.uleb128 0x2
 1842 0923 7A       		.byte	0x7a
 1843 0924 00       		.sleb128 0
 1844 0925 2B       		.uleb128 0x2b
 1845 0926 01       		.uleb128 0x1
 1846 0927 51       		.byte	0x51
 1847 0928 02       		.uleb128 0x2
 1848 0929 74       		.byte	0x74
 1849 092a 00       		.sleb128 0
 1850 092b 00       		.byte	0
 1851 092c 00       		.byte	0
 1852 092d 2C       		.uleb128 0x2c
ARM GAS  C:\Users\PC\AppData\Local\Temp\ccyBAMgs.s 			page 42


 1853 092e 28000000 		.4byte	.LVL47
 1854 0932 CF060000 		.4byte	0x6cf
 1855 0936 2B       		.uleb128 0x2b
 1856 0937 01       		.uleb128 0x1
 1857 0938 50       		.byte	0x50
 1858 0939 03       		.uleb128 0x3
 1859 093a 91       		.byte	0x91
 1860 093b 54       		.sleb128 -44
 1861 093c 06       		.byte	0x6
 1862 093d 2B       		.uleb128 0x2b
 1863 093e 01       		.uleb128 0x1
 1864 093f 51       		.byte	0x51
 1865 0940 02       		.uleb128 0x2
 1866 0941 78       		.byte	0x78
 1867 0942 00       		.sleb128 0
 1868 0943 00       		.byte	0
 1869 0944 00       		.byte	0
 1870 0945 00       		.byte	0
 1871 0946 00       		.byte	0
 1872 0947 13       		.uleb128 0x13
 1873 0948 44050000 		.4byte	0x544
 1874 094c 13       		.uleb128 0x13
 1875 094d 44050000 		.4byte	0x544
 1876 0951 13       		.uleb128 0x13
 1877 0952 4A050000 		.4byte	0x54a
 1878 0956 22       		.uleb128 0x22
 1879 0957 FD030000 		.4byte	0x3fd
 1880 095b 00000000 		.4byte	.LFB183
 1881 095f 22000000 		.4byte	.LFE183-.LFB183
 1882 0963 01       		.uleb128 0x1
 1883 0964 9C       		.byte	0x9c
 1884 0965 6D090000 		.4byte	0x96d
 1885 0969 B4090000 		.4byte	0x9b4
 1886 096d 30       		.uleb128 0x30
 1887 096e 790A0000 		.4byte	.LASF77
 1888 0972 01070000 		.4byte	0x701
 1889 0976 01       		.uleb128 0x1
 1890 0977 50       		.byte	0x50
 1891 0978 31       		.uleb128 0x31
 1892 0979 94070000 		.4byte	.LASF84
 1893 097d 02       		.byte	0x2
 1894 097e E9       		.byte	0xe9
 1895 097f 25000000 		.4byte	0x25
 1896 0983 01       		.uleb128 0x1
 1897 0984 51       		.byte	0x51
 1898 0985 28       		.uleb128 0x28
 1899 0986 02000000 		.4byte	.LBB19
 1900 098a 1C000000 		.4byte	.LBE19-.LBB19
 1901 098e 29       		.uleb128 0x29
 1902 098f 6900     		.ascii	"i\000"
 1903 0991 02       		.byte	0x2
 1904 0992 EA       		.byte	0xea
 1905 0993 88000000 		.4byte	0x88
 1906 0997 4A020000 		.4byte	.LLST18
 1907 099b 28       		.uleb128 0x28
 1908 099c 0A000000 		.4byte	.LBB20
 1909 09a0 10000000 		.4byte	.LBE20-.LBB20
ARM GAS  C:\Users\PC\AppData\Local\Temp\ccyBAMgs.s 			page 43


 1910 09a4 29       		.uleb128 0x29
 1911 09a5 6A00     		.ascii	"j\000"
 1912 09a7 02       		.byte	0x2
 1913 09a8 EB       		.byte	0xeb
 1914 09a9 88000000 		.4byte	0x88
 1915 09ad 69020000 		.4byte	.LLST19
 1916 09b1 00       		.byte	0
 1917 09b2 00       		.byte	0
 1918 09b3 00       		.byte	0
 1919 09b4 22       		.uleb128 0x22
 1920 09b5 1C040000 		.4byte	0x41c
 1921 09b9 00000000 		.4byte	.LFB182
 1922 09bd 0A000000 		.4byte	.LFE182-.LFB182
 1923 09c1 01       		.uleb128 0x1
 1924 09c2 9C       		.byte	0x9c
 1925 09c3 CB090000 		.4byte	0x9cb
 1926 09c7 EA090000 		.4byte	0x9ea
 1927 09cb 23       		.uleb128 0x23
 1928 09cc 790A0000 		.4byte	.LASF77
 1929 09d0 01070000 		.4byte	0x701
 1930 09d4 7C020000 		.4byte	.LLST20
 1931 09d8 2C       		.uleb128 0x2c
 1932 09d9 08000000 		.4byte	.LVL68
 1933 09dd 56090000 		.4byte	0x956
 1934 09e1 2B       		.uleb128 0x2b
 1935 09e2 01       		.uleb128 0x1
 1936 09e3 50       		.byte	0x50
 1937 09e4 03       		.uleb128 0x3
 1938 09e5 F3       		.byte	0xf3
 1939 09e6 01       		.uleb128 0x1
 1940 09e7 50       		.byte	0x50
 1941 09e8 00       		.byte	0
 1942 09e9 00       		.byte	0
 1943 09ea 32       		.uleb128 0x32
 1944 09eb E9000000 		.4byte	0xe9
 1945 09ef 00       		.byte	0
 1946 09f0 F8090000 		.4byte	0x9f8
 1947 09f4 020A0000 		.4byte	0xa02
 1948 09f8 33       		.uleb128 0x33
 1949 09f9 790A0000 		.4byte	.LASF77
 1950 09fd 01070000 		.4byte	0x701
 1951 0a01 00       		.byte	0
 1952 0a02 34       		.uleb128 0x34
 1953 0a03 EA090000 		.4byte	0x9ea
 1954 0a07 85090000 		.4byte	.LASF113
 1955 0a0b 00000000 		.4byte	.LFB179
 1956 0a0f 0C000000 		.4byte	.LFE179-.LFB179
 1957 0a13 01       		.uleb128 0x1
 1958 0a14 9C       		.byte	0x9c
 1959 0a15 1D0A0000 		.4byte	0xa1d
 1960 0a19 370A0000 		.4byte	0xa37
 1961 0a1d 35       		.uleb128 0x35
 1962 0a1e F8090000 		.4byte	0x9f8
 1963 0a22 9D020000 		.4byte	.LLST21
 1964 0a26 2C       		.uleb128 0x2c
 1965 0a27 08000000 		.4byte	.LVL70
 1966 0a2b B4090000 		.4byte	0x9b4
ARM GAS  C:\Users\PC\AppData\Local\Temp\ccyBAMgs.s 			page 44


 1967 0a2f 2B       		.uleb128 0x2b
 1968 0a30 01       		.uleb128 0x1
 1969 0a31 50       		.byte	0x50
 1970 0a32 02       		.uleb128 0x2
 1971 0a33 74       		.byte	0x74
 1972 0a34 00       		.sleb128 0
 1973 0a35 00       		.byte	0
 1974 0a36 00       		.byte	0
 1975 0a37 36       		.uleb128 0x36
 1976 0a38 740A0000 		.4byte	.LASF114
 1977 0a3c 03       		.byte	0x3
 1978 0a3d 50       		.byte	0x50
 1979 0a3e 81000000 		.4byte	0x81
 1980 0a42 00000000 		.4byte	.LFB175
 1981 0a46 28010000 		.4byte	.LFE175-.LFB175
 1982 0a4a 01       		.uleb128 0x1
 1983 0a4b 9C       		.byte	0x9c
 1984 0a4c 9A0D0000 		.4byte	0xd9a
 1985 0a50 37       		.uleb128 0x37
 1986 0a51 54303100 		.ascii	"T01\000"
 1987 0a55 03       		.byte	0x3
 1988 0a56 59       		.byte	0x59
 1989 0a57 D1000000 		.4byte	0xd1
 1990 0a5b 03       		.uleb128 0x3
 1991 0a5c 91       		.byte	0x91
 1992 0a5d A87F     		.sleb128 -88
 1993 0a5f 37       		.uleb128 0x37
 1994 0a60 54313200 		.ascii	"T12\000"
 1995 0a64 03       		.byte	0x3
 1996 0a65 5A       		.byte	0x5a
 1997 0a66 D1000000 		.4byte	0xd1
 1998 0a6a 03       		.uleb128 0x3
 1999 0a6b 91       		.byte	0x91
 2000 0a6c E87E     		.sleb128 -152
 2001 0a6e 37       		.uleb128 0x37
 2002 0a6f 54323300 		.ascii	"T23\000"
 2003 0a73 03       		.byte	0x3
 2004 0a74 5B       		.byte	0x5b
 2005 0a75 D1000000 		.4byte	0xd1
 2006 0a79 03       		.uleb128 0x3
 2007 0a7a 91       		.byte	0x91
 2008 0a7b A87E     		.sleb128 -216
 2009 0a7d 37       		.uleb128 0x37
 2010 0a7e 54303200 		.ascii	"T02\000"
 2011 0a82 03       		.byte	0x3
 2012 0a83 5D       		.byte	0x5d
 2013 0a84 D1000000 		.4byte	0xd1
 2014 0a88 03       		.uleb128 0x3
 2015 0a89 91       		.byte	0x91
 2016 0a8a E87D     		.sleb128 -280
 2017 0a8c 37       		.uleb128 0x37
 2018 0a8d 54303300 		.ascii	"T03\000"
 2019 0a91 03       		.byte	0x3
 2020 0a92 5E       		.byte	0x5e
 2021 0a93 D1000000 		.4byte	0xd1
 2022 0a97 03       		.uleb128 0x3
 2023 0a98 91       		.byte	0x91
ARM GAS  C:\Users\PC\AppData\Local\Temp\ccyBAMgs.s 			page 45


 2024 0a99 A87D     		.sleb128 -344
 2025 0a9b 38       		.uleb128 0x38
 2026 0a9c 1D000000 		.4byte	.LASF85
 2027 0aa0 03       		.byte	0x3
 2028 0aa1 68       		.byte	0x68
 2029 0aa2 25000000 		.4byte	0x25
 2030 0aa6 38       		.uleb128 0x38
 2031 0aa7 74020000 		.4byte	.LASF86
 2032 0aab 03       		.byte	0x3
 2033 0aac 69       		.byte	0x69
 2034 0aad 25000000 		.4byte	0x25
 2035 0ab1 38       		.uleb128 0x38
 2036 0ab2 24000000 		.4byte	.LASF87
 2037 0ab6 03       		.byte	0x3
 2038 0ab7 6A       		.byte	0x6a
 2039 0ab8 25000000 		.4byte	0x25
 2040 0abc 39       		.uleb128 0x39
 2041 0abd 643100   		.ascii	"d1\000"
 2042 0ac0 03       		.byte	0x3
 2043 0ac1 6C       		.byte	0x6c
 2044 0ac2 25000000 		.4byte	0x25
 2045 0ac6 04       		.byte	0x4
 2046 0ac7 00002041 		.4byte	0x41200000
 2047 0acb 39       		.uleb128 0x39
 2048 0acc 643200   		.ascii	"d2\000"
 2049 0acf 03       		.byte	0x3
 2050 0ad0 6D       		.byte	0x6d
 2051 0ad1 25000000 		.4byte	0x25
 2052 0ad5 04       		.byte	0x4
 2053 0ad6 00000000 		.4byte	0
 2054 0ada 39       		.uleb128 0x39
 2055 0adb 643300   		.ascii	"d3\000"
 2056 0ade 03       		.byte	0x3
 2057 0adf 6E       		.byte	0x6e
 2058 0ae0 25000000 		.4byte	0x25
 2059 0ae4 04       		.byte	0x4
 2060 0ae5 00000000 		.4byte	0
 2061 0ae9 39       		.uleb128 0x39
 2062 0aea 613100   		.ascii	"a1\000"
 2063 0aed 03       		.byte	0x3
 2064 0aee 70       		.byte	0x70
 2065 0aef 25000000 		.4byte	0x25
 2066 0af3 04       		.byte	0x4
 2067 0af4 00000000 		.4byte	0
 2068 0af8 39       		.uleb128 0x39
 2069 0af9 613200   		.ascii	"a2\000"
 2070 0afc 03       		.byte	0x3
 2071 0afd 71       		.byte	0x71
 2072 0afe 25000000 		.4byte	0x25
 2073 0b02 04       		.byte	0x4
 2074 0b03 00004041 		.4byte	0x41400000
 2075 0b07 39       		.uleb128 0x39
 2076 0b08 613300   		.ascii	"a3\000"
 2077 0b0b 03       		.byte	0x3
 2078 0b0c 72       		.byte	0x72
 2079 0b0d 25000000 		.4byte	0x25
 2080 0b11 04       		.byte	0x4
ARM GAS  C:\Users\PC\AppData\Local\Temp\ccyBAMgs.s 			page 46


 2081 0b12 00000041 		.4byte	0x41000000
 2082 0b16 38       		.uleb128 0x38
 2083 0b17 400A0000 		.4byte	.LASF88
 2084 0b1b 03       		.byte	0x3
 2085 0b1c 74       		.byte	0x74
 2086 0b1d 25000000 		.4byte	0x25
 2087 0b21 38       		.uleb128 0x38
 2088 0b22 470A0000 		.4byte	.LASF89
 2089 0b26 03       		.byte	0x3
 2090 0b27 75       		.byte	0x75
 2091 0b28 25000000 		.4byte	0x25
 2092 0b2c 38       		.uleb128 0x38
 2093 0b2d 4E0A0000 		.4byte	.LASF90
 2094 0b31 03       		.byte	0x3
 2095 0b32 76       		.byte	0x76
 2096 0b33 25000000 		.4byte	0x25
 2097 0b37 27       		.uleb128 0x27
 2098 0b38 16000000 		.4byte	.LASF78
 2099 0b3c 03       		.byte	0x3
 2100 0b3d 8B       		.byte	0x8b
 2101 0b3e BF060000 		.4byte	0x6bf
 2102 0b42 03       		.uleb128 0x3
 2103 0b43 91       		.byte	0x91
 2104 0b44 A87C     		.sleb128 -472
 2105 0b46 21       		.uleb128 0x21
 2106 0b47 0A000000 		.4byte	.LVL71
 2107 0b4b E30D0000 		.4byte	0xde3
 2108 0b4f 21       		.uleb128 0x21
 2109 0b50 0E000000 		.4byte	.LVL72
 2110 0b54 B9050000 		.4byte	0x5b9
 2111 0b58 2A       		.uleb128 0x2a
 2112 0b59 14000000 		.4byte	.LVL73
 2113 0b5d C00D0000 		.4byte	0xdc0
 2114 0b61 6F0B0000 		.4byte	0xb6f
 2115 0b65 2B       		.uleb128 0x2b
 2116 0b66 01       		.uleb128 0x1
 2117 0b67 50       		.byte	0x50
 2118 0b68 05       		.uleb128 0x5
 2119 0b69 03       		.byte	0x3
 2120 0b6a 20000000 		.4byte	.LC1
 2121 0b6e 00       		.byte	0
 2122 0b6f 3A       		.uleb128 0x3a
 2123 0b70 1C000000 		.4byte	.LVL74
 2124 0b74 7F0B0000 		.4byte	0xb7f
 2125 0b78 2B       		.uleb128 0x2b
 2126 0b79 01       		.uleb128 0x1
 2127 0b7a 50       		.byte	0x50
 2128 0b7b 02       		.uleb128 0x2
 2129 0b7c 77       		.byte	0x77
 2130 0b7d 00       		.sleb128 0
 2131 0b7e 00       		.byte	0
 2132 0b7f 3A       		.uleb128 0x3a
 2133 0b80 24000000 		.4byte	.LVL75
 2134 0b84 8F0B0000 		.4byte	0xb8f
 2135 0b88 2B       		.uleb128 0x2b
 2136 0b89 01       		.uleb128 0x1
 2137 0b8a 50       		.byte	0x50
ARM GAS  C:\Users\PC\AppData\Local\Temp\ccyBAMgs.s 			page 47


 2138 0b8b 02       		.uleb128 0x2
 2139 0b8c 76       		.byte	0x76
 2140 0b8d 00       		.sleb128 0
 2141 0b8e 00       		.byte	0
 2142 0b8f 3A       		.uleb128 0x3a
 2143 0b90 2C000000 		.4byte	.LVL76
 2144 0b94 9F0B0000 		.4byte	0xb9f
 2145 0b98 2B       		.uleb128 0x2b
 2146 0b99 01       		.uleb128 0x1
 2147 0b9a 50       		.byte	0x50
 2148 0b9b 02       		.uleb128 0x2
 2149 0b9c 75       		.byte	0x75
 2150 0b9d 00       		.sleb128 0
 2151 0b9e 00       		.byte	0
 2152 0b9f 3A       		.uleb128 0x3a
 2153 0ba0 32000000 		.4byte	.LVL77
 2154 0ba4 B00B0000 		.4byte	0xbb0
 2155 0ba8 2B       		.uleb128 0x2b
 2156 0ba9 01       		.uleb128 0x1
 2157 0baa 50       		.byte	0x50
 2158 0bab 03       		.uleb128 0x3
 2159 0bac 91       		.byte	0x91
 2160 0bad E87D     		.sleb128 -280
 2161 0baf 00       		.byte	0
 2162 0bb0 3A       		.uleb128 0x3a
 2163 0bb1 38000000 		.4byte	.LVL78
 2164 0bb5 C10B0000 		.4byte	0xbc1
 2165 0bb9 2B       		.uleb128 0x2b
 2166 0bba 01       		.uleb128 0x1
 2167 0bbb 50       		.byte	0x50
 2168 0bbc 03       		.uleb128 0x3
 2169 0bbd 91       		.byte	0x91
 2170 0bbe A87D     		.sleb128 -344
 2171 0bc0 00       		.byte	0
 2172 0bc1 2A       		.uleb128 0x2a
 2173 0bc2 48000000 		.4byte	.LVL79
 2174 0bc6 06070000 		.4byte	0x706
 2175 0bca DD0B0000 		.4byte	0xbdd
 2176 0bce 2B       		.uleb128 0x2b
 2177 0bcf 01       		.uleb128 0x1
 2178 0bd0 52       		.byte	0x52
 2179 0bd1 03       		.uleb128 0x3
 2180 0bd2 F5       		.byte	0xf5
 2181 0bd3 04       		.uleb128 0x4
 2182 0bd4 25       		.uleb128 0x25
 2183 0bd5 2B       		.uleb128 0x2b
 2184 0bd6 02       		.uleb128 0x2
 2185 0bd7 7D       		.byte	0x7d
 2186 0bd8 00       		.sleb128 0
 2187 0bd9 02       		.uleb128 0x2
 2188 0bda 77       		.byte	0x77
 2189 0bdb 00       		.sleb128 0
 2190 0bdc 00       		.byte	0
 2191 0bdd 2A       		.uleb128 0x2a
 2192 0bde 56000000 		.4byte	.LVL80
 2193 0be2 06070000 		.4byte	0x706
 2194 0be6 000C0000 		.4byte	0xc00
ARM GAS  C:\Users\PC\AppData\Local\Temp\ccyBAMgs.s 			page 48


 2195 0bea 2B       		.uleb128 0x2b
 2196 0beb 01       		.uleb128 0x1
 2197 0bec 51       		.byte	0x51
 2198 0bed 03       		.uleb128 0x3
 2199 0bee F5       		.byte	0xf5
 2200 0bef 04       		.uleb128 0x4
 2201 0bf0 25       		.uleb128 0x25
 2202 0bf1 2B       		.uleb128 0x2b
 2203 0bf2 01       		.uleb128 0x1
 2204 0bf3 53       		.byte	0x53
 2205 0bf4 03       		.uleb128 0x3
 2206 0bf5 F5       		.byte	0xf5
 2207 0bf6 04       		.uleb128 0x4
 2208 0bf7 25       		.uleb128 0x25
 2209 0bf8 2B       		.uleb128 0x2b
 2210 0bf9 02       		.uleb128 0x2
 2211 0bfa 7D       		.byte	0x7d
 2212 0bfb 00       		.sleb128 0
 2213 0bfc 02       		.uleb128 0x2
 2214 0bfd 76       		.byte	0x76
 2215 0bfe 00       		.sleb128 0
 2216 0bff 00       		.byte	0
 2217 0c00 2A       		.uleb128 0x2a
 2218 0c01 66000000 		.4byte	.LVL81
 2219 0c05 06070000 		.4byte	0x706
 2220 0c09 230C0000 		.4byte	0xc23
 2221 0c0d 2B       		.uleb128 0x2b
 2222 0c0e 01       		.uleb128 0x1
 2223 0c0f 51       		.byte	0x51
 2224 0c10 03       		.uleb128 0x3
 2225 0c11 F5       		.byte	0xf5
 2226 0c12 04       		.uleb128 0x4
 2227 0c13 25       		.uleb128 0x25
 2228 0c14 2B       		.uleb128 0x2b
 2229 0c15 01       		.uleb128 0x1
 2230 0c16 53       		.byte	0x53
 2231 0c17 03       		.uleb128 0x3
 2232 0c18 F5       		.byte	0xf5
 2233 0c19 04       		.uleb128 0x4
 2234 0c1a 25       		.uleb128 0x25
 2235 0c1b 2B       		.uleb128 0x2b
 2236 0c1c 02       		.uleb128 0x2
 2237 0c1d 7D       		.byte	0x7d
 2238 0c1e 00       		.sleb128 0
 2239 0c1f 02       		.uleb128 0x2
 2240 0c20 75       		.byte	0x75
 2241 0c21 00       		.sleb128 0
 2242 0c22 00       		.byte	0
 2243 0c23 2A       		.uleb128 0x2a
 2244 0c24 70000000 		.4byte	.LVL82
 2245 0c28 55080000 		.4byte	0x855
 2246 0c2c 440C0000 		.4byte	0xc44
 2247 0c30 2B       		.uleb128 0x2b
 2248 0c31 01       		.uleb128 0x1
 2249 0c32 50       		.byte	0x50
 2250 0c33 02       		.uleb128 0x2
 2251 0c34 77       		.byte	0x77
ARM GAS  C:\Users\PC\AppData\Local\Temp\ccyBAMgs.s 			page 49


 2252 0c35 00       		.sleb128 0
 2253 0c36 2B       		.uleb128 0x2b
 2254 0c37 01       		.uleb128 0x1
 2255 0c38 51       		.byte	0x51
 2256 0c39 02       		.uleb128 0x2
 2257 0c3a 76       		.byte	0x76
 2258 0c3b 00       		.sleb128 0
 2259 0c3c 2B       		.uleb128 0x2b
 2260 0c3d 01       		.uleb128 0x1
 2261 0c3e 52       		.byte	0x52
 2262 0c3f 03       		.uleb128 0x3
 2263 0c40 91       		.byte	0x91
 2264 0c41 E87D     		.sleb128 -280
 2265 0c43 00       		.byte	0
 2266 0c44 2A       		.uleb128 0x2a
 2267 0c45 7A000000 		.4byte	.LVL83
 2268 0c49 55080000 		.4byte	0x855
 2269 0c4d 660C0000 		.4byte	0xc66
 2270 0c51 2B       		.uleb128 0x2b
 2271 0c52 01       		.uleb128 0x1
 2272 0c53 50       		.byte	0x50
 2273 0c54 03       		.uleb128 0x3
 2274 0c55 91       		.byte	0x91
 2275 0c56 E87D     		.sleb128 -280
 2276 0c58 2B       		.uleb128 0x2b
 2277 0c59 01       		.uleb128 0x1
 2278 0c5a 51       		.byte	0x51
 2279 0c5b 02       		.uleb128 0x2
 2280 0c5c 75       		.byte	0x75
 2281 0c5d 00       		.sleb128 0
 2282 0c5e 2B       		.uleb128 0x2b
 2283 0c5f 01       		.uleb128 0x1
 2284 0c60 52       		.byte	0x52
 2285 0c61 03       		.uleb128 0x3
 2286 0c62 91       		.byte	0x91
 2287 0c63 A87D     		.sleb128 -344
 2288 0c65 00       		.byte	0
 2289 0c66 2A       		.uleb128 0x2a
 2290 0c67 80000000 		.4byte	.LVL84
 2291 0c6b C00D0000 		.4byte	0xdc0
 2292 0c6f 7D0C0000 		.4byte	0xc7d
 2293 0c73 2B       		.uleb128 0x2b
 2294 0c74 01       		.uleb128 0x1
 2295 0c75 50       		.byte	0x50
 2296 0c76 05       		.uleb128 0x5
 2297 0c77 03       		.byte	0x3
 2298 0c78 44000000 		.4byte	.LC2
 2299 0c7c 00       		.byte	0
 2300 0c7d 2A       		.uleb128 0x2a
 2301 0c7e 86000000 		.4byte	.LVL85
 2302 0c82 16060000 		.4byte	0x616
 2303 0c86 910C0000 		.4byte	0xc91
 2304 0c8a 2B       		.uleb128 0x2b
 2305 0c8b 01       		.uleb128 0x1
 2306 0c8c 50       		.byte	0x50
 2307 0c8d 02       		.uleb128 0x2
 2308 0c8e 77       		.byte	0x77
ARM GAS  C:\Users\PC\AppData\Local\Temp\ccyBAMgs.s 			page 50


 2309 0c8f 00       		.sleb128 0
 2310 0c90 00       		.byte	0
 2311 0c91 2A       		.uleb128 0x2a
 2312 0c92 8C000000 		.4byte	.LVL86
 2313 0c96 C00D0000 		.4byte	0xdc0
 2314 0c9a A80C0000 		.4byte	0xca8
 2315 0c9e 2B       		.uleb128 0x2b
 2316 0c9f 01       		.uleb128 0x1
 2317 0ca0 50       		.byte	0x50
 2318 0ca1 05       		.uleb128 0x5
 2319 0ca2 03       		.byte	0x3
 2320 0ca3 50000000 		.4byte	.LC3
 2321 0ca7 00       		.byte	0
 2322 0ca8 2A       		.uleb128 0x2a
 2323 0ca9 92000000 		.4byte	.LVL87
 2324 0cad 16060000 		.4byte	0x616
 2325 0cb1 BC0C0000 		.4byte	0xcbc
 2326 0cb5 2B       		.uleb128 0x2b
 2327 0cb6 01       		.uleb128 0x1
 2328 0cb7 50       		.byte	0x50
 2329 0cb8 02       		.uleb128 0x2
 2330 0cb9 76       		.byte	0x76
 2331 0cba 00       		.sleb128 0
 2332 0cbb 00       		.byte	0
 2333 0cbc 2A       		.uleb128 0x2a
 2334 0cbd 98000000 		.4byte	.LVL88
 2335 0cc1 C00D0000 		.4byte	0xdc0
 2336 0cc5 D30C0000 		.4byte	0xcd3
 2337 0cc9 2B       		.uleb128 0x2b
 2338 0cca 01       		.uleb128 0x1
 2339 0ccb 50       		.byte	0x50
 2340 0ccc 05       		.uleb128 0x5
 2341 0ccd 03       		.byte	0x3
 2342 0cce 5C000000 		.4byte	.LC4
 2343 0cd2 00       		.byte	0
 2344 0cd3 2A       		.uleb128 0x2a
 2345 0cd4 9E000000 		.4byte	.LVL89
 2346 0cd8 16060000 		.4byte	0x616
 2347 0cdc E70C0000 		.4byte	0xce7
 2348 0ce0 2B       		.uleb128 0x2b
 2349 0ce1 01       		.uleb128 0x1
 2350 0ce2 50       		.byte	0x50
 2351 0ce3 02       		.uleb128 0x2
 2352 0ce4 75       		.byte	0x75
 2353 0ce5 00       		.sleb128 0
 2354 0ce6 00       		.byte	0
 2355 0ce7 2A       		.uleb128 0x2a
 2356 0ce8 A4000000 		.4byte	.LVL90
 2357 0cec C00D0000 		.4byte	0xdc0
 2358 0cf0 FE0C0000 		.4byte	0xcfe
 2359 0cf4 2B       		.uleb128 0x2b
 2360 0cf5 01       		.uleb128 0x1
 2361 0cf6 50       		.byte	0x50
 2362 0cf7 05       		.uleb128 0x5
 2363 0cf8 03       		.byte	0x3
 2364 0cf9 68000000 		.4byte	.LC5
 2365 0cfd 00       		.byte	0
ARM GAS  C:\Users\PC\AppData\Local\Temp\ccyBAMgs.s 			page 51


 2366 0cfe 2A       		.uleb128 0x2a
 2367 0cff AA000000 		.4byte	.LVL91
 2368 0d03 16060000 		.4byte	0x616
 2369 0d07 130D0000 		.4byte	0xd13
 2370 0d0b 2B       		.uleb128 0x2b
 2371 0d0c 01       		.uleb128 0x1
 2372 0d0d 50       		.byte	0x50
 2373 0d0e 03       		.uleb128 0x3
 2374 0d0f 91       		.byte	0x91
 2375 0d10 A87D     		.sleb128 -344
 2376 0d12 00       		.byte	0
 2377 0d13 2A       		.uleb128 0x2a
 2378 0d14 B2000000 		.4byte	.LVL92
 2379 0d18 CF060000 		.4byte	0x6cf
 2380 0d1c 2E0D0000 		.4byte	0xd2e
 2381 0d20 2B       		.uleb128 0x2b
 2382 0d21 01       		.uleb128 0x1
 2383 0d22 50       		.byte	0x50
 2384 0d23 03       		.uleb128 0x3
 2385 0d24 91       		.byte	0x91
 2386 0d25 A87D     		.sleb128 -344
 2387 0d27 2B       		.uleb128 0x2b
 2388 0d28 01       		.uleb128 0x1
 2389 0d29 51       		.byte	0x51
 2390 0d2a 02       		.uleb128 0x2
 2391 0d2b 74       		.byte	0x74
 2392 0d2c 00       		.sleb128 0
 2393 0d2d 00       		.byte	0
 2394 0d2e 2A       		.uleb128 0x2a
 2395 0d2f C4000000 		.4byte	.LVL94
 2396 0d33 CF060000 		.4byte	0x6cf
 2397 0d37 480D0000 		.4byte	0xd48
 2398 0d3b 2B       		.uleb128 0x2b
 2399 0d3c 01       		.uleb128 0x1
 2400 0d3d 50       		.byte	0x50
 2401 0d3e 03       		.uleb128 0x3
 2402 0d3f 91       		.byte	0x91
 2403 0d40 A87D     		.sleb128 -344
 2404 0d42 2B       		.uleb128 0x2b
 2405 0d43 01       		.uleb128 0x1
 2406 0d44 51       		.byte	0x51
 2407 0d45 01       		.uleb128 0x1
 2408 0d46 31       		.byte	0x31
 2409 0d47 00       		.byte	0
 2410 0d48 2A       		.uleb128 0x2a
 2411 0d49 D6000000 		.4byte	.LVL96
 2412 0d4d CF060000 		.4byte	0x6cf
 2413 0d51 620D0000 		.4byte	0xd62
 2414 0d55 2B       		.uleb128 0x2b
 2415 0d56 01       		.uleb128 0x1
 2416 0d57 50       		.byte	0x50
 2417 0d58 03       		.uleb128 0x3
 2418 0d59 91       		.byte	0x91
 2419 0d5a A87D     		.sleb128 -344
 2420 0d5c 2B       		.uleb128 0x2b
 2421 0d5d 01       		.uleb128 0x1
 2422 0d5e 51       		.byte	0x51
ARM GAS  C:\Users\PC\AppData\Local\Temp\ccyBAMgs.s 			page 52


 2423 0d5f 01       		.uleb128 0x1
 2424 0d60 32       		.byte	0x32
 2425 0d61 00       		.byte	0
 2426 0d62 2A       		.uleb128 0x2a
 2427 0d63 F0000000 		.4byte	.LVL98
 2428 0d67 B50D0000 		.4byte	0xdb5
 2429 0d6b 880D0000 		.4byte	0xd88
 2430 0d6f 2B       		.uleb128 0x2b
 2431 0d70 01       		.uleb128 0x1
 2432 0d71 50       		.byte	0x50
 2433 0d72 03       		.uleb128 0x3
 2434 0d73 91       		.byte	0x91
 2435 0d74 A87C     		.sleb128 -472
 2436 0d76 2B       		.uleb128 0x2b
 2437 0d77 01       		.uleb128 0x1
 2438 0d78 51       		.byte	0x51
 2439 0d79 05       		.uleb128 0x5
 2440 0d7a 03       		.byte	0x3
 2441 0d7b 84000000 		.4byte	.LC6
 2442 0d7f 2B       		.uleb128 0x2b
 2443 0d80 02       		.uleb128 0x2
 2444 0d81 7D       		.byte	0x7d
 2445 0d82 00       		.sleb128 0
 2446 0d83 03       		.uleb128 0x3
 2447 0d84 F5       		.byte	0xf5
 2448 0d85 06       		.uleb128 0x6
 2449 0d86 2C       		.uleb128 0x2c
 2450 0d87 00       		.byte	0
 2451 0d88 2C       		.uleb128 0x2c
 2452 0d89 F6000000 		.4byte	.LVL99
 2453 0d8d C00D0000 		.4byte	0xdc0
 2454 0d91 2B       		.uleb128 0x2b
 2455 0d92 01       		.uleb128 0x1
 2456 0d93 50       		.byte	0x50
 2457 0d94 03       		.uleb128 0x3
 2458 0d95 91       		.byte	0x91
 2459 0d96 A87C     		.sleb128 -472
 2460 0d98 00       		.byte	0
 2461 0d99 00       		.byte	0
 2462 0d9a 3B       		.uleb128 0x3b
 2463 0d9b E1070000 		.4byte	.LASF91
 2464 0d9f 0F       		.byte	0xf
 2465 0da0 1207     		.2byte	0x712
 2466 0da2 A60D0000 		.4byte	0xda6
 2467 0da6 3C       		.uleb128 0x3c
 2468 0da7 8F000000 		.4byte	0x8f
 2469 0dab 3D       		.uleb128 0x3d
 2470 0dac FE040000 		.4byte	0x4fe
 2471 0db0 04       		.byte	0x4
 2472 0db1 DB0F4940 		.4byte	0x40490fdb
 2473 0db5 3E       		.uleb128 0x3e
 2474 0db6 3B070000 		.4byte	.LASF92
 2475 0dba 3B070000 		.4byte	.LASF92
 2476 0dbe 0A       		.byte	0xa
 2477 0dbf E7       		.byte	0xe7
 2478 0dc0 3E       		.uleb128 0x3e
 2479 0dc1 83040000 		.4byte	.LASF93
ARM GAS  C:\Users\PC\AppData\Local\Temp\ccyBAMgs.s 			page 53


 2480 0dc5 83040000 		.4byte	.LASF93
 2481 0dc9 0B       		.byte	0xb
 2482 0dca 8B       		.byte	0x8b
 2483 0dcb 3F       		.uleb128 0x3f
 2484 0dcc 08040000 		.4byte	.LASF94
 2485 0dd0 08040000 		.4byte	.LASF94
 2486 0dd4 0C       		.byte	0xc
 2487 0dd5 7001     		.2byte	0x170
 2488 0dd7 3F       		.uleb128 0x3f
 2489 0dd8 78080000 		.4byte	.LASF95
 2490 0ddc 78080000 		.4byte	.LASF95
 2491 0de0 0C       		.byte	0xc
 2492 0de1 7101     		.2byte	0x171
 2493 0de3 3E       		.uleb128 0x3e
 2494 0de4 6D080000 		.4byte	.LASF96
 2495 0de8 6D080000 		.4byte	.LASF96
 2496 0dec 0B       		.byte	0xb
 2497 0ded 54       		.byte	0x54
 2498 0dee 00       		.byte	0
 2499              		.section	.debug_abbrev,"",%progbits
 2500              	.Ldebug_abbrev0:
 2501 0000 01       		.uleb128 0x1
 2502 0001 11       		.uleb128 0x11
 2503 0002 01       		.byte	0x1
 2504 0003 25       		.uleb128 0x25
 2505 0004 0E       		.uleb128 0xe
 2506 0005 13       		.uleb128 0x13
 2507 0006 0B       		.uleb128 0xb
 2508 0007 03       		.uleb128 0x3
 2509 0008 0E       		.uleb128 0xe
 2510 0009 1B       		.uleb128 0x1b
 2511 000a 0E       		.uleb128 0xe
 2512 000b 55       		.uleb128 0x55
 2513 000c 17       		.uleb128 0x17
 2514 000d 11       		.uleb128 0x11
 2515 000e 01       		.uleb128 0x1
 2516 000f 10       		.uleb128 0x10
 2517 0010 17       		.uleb128 0x17
 2518 0011 00       		.byte	0
 2519 0012 00       		.byte	0
 2520 0013 02       		.uleb128 0x2
 2521 0014 24       		.uleb128 0x24
 2522 0015 00       		.byte	0
 2523 0016 0B       		.uleb128 0xb
 2524 0017 0B       		.uleb128 0xb
 2525 0018 3E       		.uleb128 0x3e
 2526 0019 0B       		.uleb128 0xb
 2527 001a 03       		.uleb128 0x3
 2528 001b 0E       		.uleb128 0xe
 2529 001c 00       		.byte	0
 2530 001d 00       		.byte	0
 2531 001e 03       		.uleb128 0x3
 2532 001f 16       		.uleb128 0x16
 2533 0020 00       		.byte	0
 2534 0021 03       		.uleb128 0x3
 2535 0022 0E       		.uleb128 0xe
 2536 0023 3A       		.uleb128 0x3a
ARM GAS  C:\Users\PC\AppData\Local\Temp\ccyBAMgs.s 			page 54


 2537 0024 0B       		.uleb128 0xb
 2538 0025 3B       		.uleb128 0x3b
 2539 0026 0B       		.uleb128 0xb
 2540 0027 49       		.uleb128 0x49
 2541 0028 13       		.uleb128 0x13
 2542 0029 00       		.byte	0
 2543 002a 00       		.byte	0
 2544 002b 04       		.uleb128 0x4
 2545 002c 24       		.uleb128 0x24
 2546 002d 00       		.byte	0
 2547 002e 0B       		.uleb128 0xb
 2548 002f 0B       		.uleb128 0xb
 2549 0030 3E       		.uleb128 0x3e
 2550 0031 0B       		.uleb128 0xb
 2551 0032 03       		.uleb128 0x3
 2552 0033 08       		.uleb128 0x8
 2553 0034 00       		.byte	0
 2554 0035 00       		.byte	0
 2555 0036 05       		.uleb128 0x5
 2556 0037 3B       		.uleb128 0x3b
 2557 0038 00       		.byte	0
 2558 0039 03       		.uleb128 0x3
 2559 003a 0E       		.uleb128 0xe
 2560 003b 00       		.byte	0
 2561 003c 00       		.byte	0
 2562 003d 06       		.uleb128 0x6
 2563 003e 39       		.uleb128 0x39
 2564 003f 01       		.byte	0x1
 2565 0040 03       		.uleb128 0x3
 2566 0041 0E       		.uleb128 0xe
 2567 0042 3A       		.uleb128 0x3a
 2568 0043 0B       		.uleb128 0xb
 2569 0044 3B       		.uleb128 0x3b
 2570 0045 0B       		.uleb128 0xb
 2571 0046 01       		.uleb128 0x1
 2572 0047 13       		.uleb128 0x13
 2573 0048 00       		.byte	0
 2574 0049 00       		.byte	0
 2575 004a 07       		.uleb128 0x7
 2576 004b 39       		.uleb128 0x39
 2577 004c 01       		.byte	0x1
 2578 004d 03       		.uleb128 0x3
 2579 004e 0E       		.uleb128 0xe
 2580 004f 3A       		.uleb128 0x3a
 2581 0050 0B       		.uleb128 0xb
 2582 0051 3B       		.uleb128 0x3b
 2583 0052 0B       		.uleb128 0xb
 2584 0053 00       		.byte	0
 2585 0054 00       		.byte	0
 2586 0055 08       		.uleb128 0x8
 2587 0056 02       		.uleb128 0x2
 2588 0057 01       		.byte	0x1
 2589 0058 03       		.uleb128 0x3
 2590 0059 0E       		.uleb128 0xe
 2591 005a 0B       		.uleb128 0xb
 2592 005b 0B       		.uleb128 0xb
 2593 005c 3A       		.uleb128 0x3a
ARM GAS  C:\Users\PC\AppData\Local\Temp\ccyBAMgs.s 			page 55


 2594 005d 0B       		.uleb128 0xb
 2595 005e 3B       		.uleb128 0x3b
 2596 005f 0B       		.uleb128 0xb
 2597 0060 01       		.uleb128 0x1
 2598 0061 13       		.uleb128 0x13
 2599 0062 00       		.byte	0
 2600 0063 00       		.byte	0
 2601 0064 09       		.uleb128 0x9
 2602 0065 0D       		.uleb128 0xd
 2603 0066 00       		.byte	0
 2604 0067 03       		.uleb128 0x3
 2605 0068 0E       		.uleb128 0xe
 2606 0069 3A       		.uleb128 0x3a
 2607 006a 0B       		.uleb128 0xb
 2608 006b 3B       		.uleb128 0x3b
 2609 006c 0B       		.uleb128 0xb
 2610 006d 49       		.uleb128 0x49
 2611 006e 13       		.uleb128 0x13
 2612 006f 38       		.uleb128 0x38
 2613 0070 0B       		.uleb128 0xb
 2614 0071 00       		.byte	0
 2615 0072 00       		.byte	0
 2616 0073 0A       		.uleb128 0xa
 2617 0074 2E       		.uleb128 0x2e
 2618 0075 01       		.byte	0x1
 2619 0076 3F       		.uleb128 0x3f
 2620 0077 19       		.uleb128 0x19
 2621 0078 03       		.uleb128 0x3
 2622 0079 0E       		.uleb128 0xe
 2623 007a 3A       		.uleb128 0x3a
 2624 007b 0B       		.uleb128 0xb
 2625 007c 3B       		.uleb128 0x3b
 2626 007d 0B       		.uleb128 0xb
 2627 007e 6E       		.uleb128 0x6e
 2628 007f 0E       		.uleb128 0xe
 2629 0080 49       		.uleb128 0x49
 2630 0081 13       		.uleb128 0x13
 2631 0082 32       		.uleb128 0x32
 2632 0083 0B       		.uleb128 0xb
 2633 0084 3C       		.uleb128 0x3c
 2634 0085 19       		.uleb128 0x19
 2635 0086 64       		.uleb128 0x64
 2636 0087 13       		.uleb128 0x13
 2637 0088 01       		.uleb128 0x1
 2638 0089 13       		.uleb128 0x13
 2639 008a 00       		.byte	0
 2640 008b 00       		.byte	0
 2641 008c 0B       		.uleb128 0xb
 2642 008d 05       		.uleb128 0x5
 2643 008e 00       		.byte	0
 2644 008f 49       		.uleb128 0x49
 2645 0090 13       		.uleb128 0x13
 2646 0091 34       		.uleb128 0x34
 2647 0092 19       		.uleb128 0x19
 2648 0093 00       		.byte	0
 2649 0094 00       		.byte	0
 2650 0095 0C       		.uleb128 0xc
ARM GAS  C:\Users\PC\AppData\Local\Temp\ccyBAMgs.s 			page 56


 2651 0096 05       		.uleb128 0x5
 2652 0097 00       		.byte	0
 2653 0098 49       		.uleb128 0x49
 2654 0099 13       		.uleb128 0x13
 2655 009a 00       		.byte	0
 2656 009b 00       		.byte	0
 2657 009c 0D       		.uleb128 0xd
 2658 009d 2E       		.uleb128 0x2e
 2659 009e 01       		.byte	0x1
 2660 009f 3F       		.uleb128 0x3f
 2661 00a0 19       		.uleb128 0x19
 2662 00a1 03       		.uleb128 0x3
 2663 00a2 08       		.uleb128 0x8
 2664 00a3 3A       		.uleb128 0x3a
 2665 00a4 0B       		.uleb128 0xb
 2666 00a5 3B       		.uleb128 0x3b
 2667 00a6 0B       		.uleb128 0xb
 2668 00a7 6E       		.uleb128 0x6e
 2669 00a8 0E       		.uleb128 0xe
 2670 00a9 49       		.uleb128 0x49
 2671 00aa 13       		.uleb128 0x13
 2672 00ab 32       		.uleb128 0x32
 2673 00ac 0B       		.uleb128 0xb
 2674 00ad 3C       		.uleb128 0x3c
 2675 00ae 19       		.uleb128 0x19
 2676 00af 64       		.uleb128 0x64
 2677 00b0 13       		.uleb128 0x13
 2678 00b1 01       		.uleb128 0x1
 2679 00b2 13       		.uleb128 0x13
 2680 00b3 00       		.byte	0
 2681 00b4 00       		.byte	0
 2682 00b5 0E       		.uleb128 0xe
 2683 00b6 2E       		.uleb128 0x2e
 2684 00b7 01       		.byte	0x1
 2685 00b8 3F       		.uleb128 0x3f
 2686 00b9 19       		.uleb128 0x19
 2687 00ba 03       		.uleb128 0x3
 2688 00bb 0E       		.uleb128 0xe
 2689 00bc 3A       		.uleb128 0x3a
 2690 00bd 0B       		.uleb128 0xb
 2691 00be 3B       		.uleb128 0x3b
 2692 00bf 0B       		.uleb128 0xb
 2693 00c0 6E       		.uleb128 0x6e
 2694 00c1 0E       		.uleb128 0xe
 2695 00c2 32       		.uleb128 0x32
 2696 00c3 0B       		.uleb128 0xb
 2697 00c4 3C       		.uleb128 0x3c
 2698 00c5 19       		.uleb128 0x19
 2699 00c6 64       		.uleb128 0x64
 2700 00c7 13       		.uleb128 0x13
 2701 00c8 01       		.uleb128 0x1
 2702 00c9 13       		.uleb128 0x13
 2703 00ca 00       		.byte	0
 2704 00cb 00       		.byte	0
 2705 00cc 0F       		.uleb128 0xf
 2706 00cd 2E       		.uleb128 0x2e
 2707 00ce 01       		.byte	0x1
ARM GAS  C:\Users\PC\AppData\Local\Temp\ccyBAMgs.s 			page 57


 2708 00cf 3F       		.uleb128 0x3f
 2709 00d0 19       		.uleb128 0x19
 2710 00d1 03       		.uleb128 0x3
 2711 00d2 0E       		.uleb128 0xe
 2712 00d3 3A       		.uleb128 0x3a
 2713 00d4 0B       		.uleb128 0xb
 2714 00d5 3B       		.uleb128 0x3b
 2715 00d6 05       		.uleb128 0x5
 2716 00d7 6E       		.uleb128 0x6e
 2717 00d8 0E       		.uleb128 0xe
 2718 00d9 49       		.uleb128 0x49
 2719 00da 13       		.uleb128 0x13
 2720 00db 32       		.uleb128 0x32
 2721 00dc 0B       		.uleb128 0xb
 2722 00dd 3C       		.uleb128 0x3c
 2723 00de 19       		.uleb128 0x19
 2724 00df 01       		.uleb128 0x1
 2725 00e0 13       		.uleb128 0x13
 2726 00e1 00       		.byte	0
 2727 00e2 00       		.byte	0
 2728 00e3 10       		.uleb128 0x10
 2729 00e4 2E       		.uleb128 0x2e
 2730 00e5 00       		.byte	0
 2731 00e6 3F       		.uleb128 0x3f
 2732 00e7 19       		.uleb128 0x19
 2733 00e8 03       		.uleb128 0x3
 2734 00e9 0E       		.uleb128 0xe
 2735 00ea 3A       		.uleb128 0x3a
 2736 00eb 0B       		.uleb128 0xb
 2737 00ec 3B       		.uleb128 0x3b
 2738 00ed 05       		.uleb128 0x5
 2739 00ee 6E       		.uleb128 0x6e
 2740 00ef 0E       		.uleb128 0xe
 2741 00f0 49       		.uleb128 0x49
 2742 00f1 13       		.uleb128 0x13
 2743 00f2 32       		.uleb128 0x32
 2744 00f3 0B       		.uleb128 0xb
 2745 00f4 3C       		.uleb128 0x3c
 2746 00f5 19       		.uleb128 0x19
 2747 00f6 00       		.byte	0
 2748 00f7 00       		.byte	0
 2749 00f8 11       		.uleb128 0x11
 2750 00f9 2F       		.uleb128 0x2f
 2751 00fa 00       		.byte	0
 2752 00fb 03       		.uleb128 0x3
 2753 00fc 08       		.uleb128 0x8
 2754 00fd 49       		.uleb128 0x49
 2755 00fe 13       		.uleb128 0x13
 2756 00ff 00       		.byte	0
 2757 0100 00       		.byte	0
 2758 0101 12       		.uleb128 0x12
 2759 0102 30       		.uleb128 0x30
 2760 0103 00       		.byte	0
 2761 0104 03       		.uleb128 0x3
 2762 0105 0E       		.uleb128 0xe
 2763 0106 49       		.uleb128 0x49
 2764 0107 13       		.uleb128 0x13
ARM GAS  C:\Users\PC\AppData\Local\Temp\ccyBAMgs.s 			page 58


 2765 0108 1C       		.uleb128 0x1c
 2766 0109 0B       		.uleb128 0xb
 2767 010a 00       		.byte	0
 2768 010b 00       		.byte	0
 2769 010c 13       		.uleb128 0x13
 2770 010d 26       		.uleb128 0x26
 2771 010e 00       		.byte	0
 2772 010f 49       		.uleb128 0x49
 2773 0110 13       		.uleb128 0x13
 2774 0111 00       		.byte	0
 2775 0112 00       		.byte	0
 2776 0113 14       		.uleb128 0x14
 2777 0114 2E       		.uleb128 0x2e
 2778 0115 01       		.byte	0x1
 2779 0116 3F       		.uleb128 0x3f
 2780 0117 19       		.uleb128 0x19
 2781 0118 03       		.uleb128 0x3
 2782 0119 0E       		.uleb128 0xe
 2783 011a 3A       		.uleb128 0x3a
 2784 011b 0B       		.uleb128 0xb
 2785 011c 3B       		.uleb128 0x3b
 2786 011d 0B       		.uleb128 0xb
 2787 011e 6E       		.uleb128 0x6e
 2788 011f 0E       		.uleb128 0xe
 2789 0120 49       		.uleb128 0x49
 2790 0121 13       		.uleb128 0x13
 2791 0122 3C       		.uleb128 0x3c
 2792 0123 19       		.uleb128 0x19
 2793 0124 01       		.uleb128 0x1
 2794 0125 13       		.uleb128 0x13
 2795 0126 00       		.byte	0
 2796 0127 00       		.byte	0
 2797 0128 15       		.uleb128 0x15
 2798 0129 2E       		.uleb128 0x2e
 2799 012a 01       		.byte	0x1
 2800 012b 3F       		.uleb128 0x3f
 2801 012c 19       		.uleb128 0x19
 2802 012d 03       		.uleb128 0x3
 2803 012e 0E       		.uleb128 0xe
 2804 012f 3A       		.uleb128 0x3a
 2805 0130 0B       		.uleb128 0xb
 2806 0131 3B       		.uleb128 0x3b
 2807 0132 0B       		.uleb128 0xb
 2808 0133 6E       		.uleb128 0x6e
 2809 0134 0E       		.uleb128 0xe
 2810 0135 3C       		.uleb128 0x3c
 2811 0136 19       		.uleb128 0x19
 2812 0137 01       		.uleb128 0x1
 2813 0138 13       		.uleb128 0x13
 2814 0139 00       		.byte	0
 2815 013a 00       		.byte	0
 2816 013b 16       		.uleb128 0x16
 2817 013c 34       		.uleb128 0x34
 2818 013d 00       		.byte	0
 2819 013e 03       		.uleb128 0x3
 2820 013f 08       		.uleb128 0x8
 2821 0140 3A       		.uleb128 0x3a
ARM GAS  C:\Users\PC\AppData\Local\Temp\ccyBAMgs.s 			page 59


 2822 0141 0B       		.uleb128 0xb
 2823 0142 3B       		.uleb128 0x3b
 2824 0143 0B       		.uleb128 0xb
 2825 0144 49       		.uleb128 0x49
 2826 0145 13       		.uleb128 0x13
 2827 0146 3C       		.uleb128 0x3c
 2828 0147 19       		.uleb128 0x19
 2829 0148 1C       		.uleb128 0x1c
 2830 0149 0A       		.uleb128 0xa
 2831 014a 00       		.byte	0
 2832 014b 00       		.byte	0
 2833 014c 17       		.uleb128 0x17
 2834 014d 3A       		.uleb128 0x3a
 2835 014e 00       		.byte	0
 2836 014f 3A       		.uleb128 0x3a
 2837 0150 0B       		.uleb128 0xb
 2838 0151 3B       		.uleb128 0x3b
 2839 0152 0B       		.uleb128 0xb
 2840 0153 18       		.uleb128 0x18
 2841 0154 13       		.uleb128 0x13
 2842 0155 00       		.byte	0
 2843 0156 00       		.byte	0
 2844 0157 18       		.uleb128 0x18
 2845 0158 01       		.uleb128 0x1
 2846 0159 01       		.byte	0x1
 2847 015a 49       		.uleb128 0x49
 2848 015b 13       		.uleb128 0x13
 2849 015c 01       		.uleb128 0x1
 2850 015d 13       		.uleb128 0x13
 2851 015e 00       		.byte	0
 2852 015f 00       		.byte	0
 2853 0160 19       		.uleb128 0x19
 2854 0161 21       		.uleb128 0x21
 2855 0162 00       		.byte	0
 2856 0163 49       		.uleb128 0x49
 2857 0164 13       		.uleb128 0x13
 2858 0165 2F       		.uleb128 0x2f
 2859 0166 0B       		.uleb128 0xb
 2860 0167 00       		.byte	0
 2861 0168 00       		.byte	0
 2862 0169 1A       		.uleb128 0x1a
 2863 016a 0F       		.uleb128 0xf
 2864 016b 00       		.byte	0
 2865 016c 0B       		.uleb128 0xb
 2866 016d 0B       		.uleb128 0xb
 2867 016e 49       		.uleb128 0x49
 2868 016f 13       		.uleb128 0x13
 2869 0170 00       		.byte	0
 2870 0171 00       		.byte	0
 2871 0172 1B       		.uleb128 0x1b
 2872 0173 10       		.uleb128 0x10
 2873 0174 00       		.byte	0
 2874 0175 0B       		.uleb128 0xb
 2875 0176 0B       		.uleb128 0xb
 2876 0177 49       		.uleb128 0x49
 2877 0178 13       		.uleb128 0x13
 2878 0179 00       		.byte	0
ARM GAS  C:\Users\PC\AppData\Local\Temp\ccyBAMgs.s 			page 60


 2879 017a 00       		.byte	0
 2880 017b 1C       		.uleb128 0x1c
 2881 017c 2E       		.uleb128 0x2e
 2882 017d 01       		.byte	0x1
 2883 017e 47       		.uleb128 0x47
 2884 017f 13       		.uleb128 0x13
 2885 0180 20       		.uleb128 0x20
 2886 0181 0B       		.uleb128 0xb
 2887 0182 01       		.uleb128 0x1
 2888 0183 13       		.uleb128 0x13
 2889 0184 00       		.byte	0
 2890 0185 00       		.byte	0
 2891 0186 1D       		.uleb128 0x1d
 2892 0187 05       		.uleb128 0x5
 2893 0188 00       		.byte	0
 2894 0189 03       		.uleb128 0x3
 2895 018a 0E       		.uleb128 0xe
 2896 018b 3A       		.uleb128 0x3a
 2897 018c 0B       		.uleb128 0xb
 2898 018d 3B       		.uleb128 0x3b
 2899 018e 0B       		.uleb128 0xb
 2900 018f 49       		.uleb128 0x49
 2901 0190 13       		.uleb128 0x13
 2902 0191 00       		.byte	0
 2903 0192 00       		.byte	0
 2904 0193 1E       		.uleb128 0x1e
 2905 0194 2E       		.uleb128 0x2e
 2906 0195 00       		.byte	0
 2907 0196 3F       		.uleb128 0x3f
 2908 0197 19       		.uleb128 0x19
 2909 0198 03       		.uleb128 0x3
 2910 0199 0E       		.uleb128 0xe
 2911 019a 3A       		.uleb128 0x3a
 2912 019b 0B       		.uleb128 0xb
 2913 019c 3B       		.uleb128 0x3b
 2914 019d 0B       		.uleb128 0xb
 2915 019e 6E       		.uleb128 0x6e
 2916 019f 0E       		.uleb128 0xe
 2917 01a0 3C       		.uleb128 0x3c
 2918 01a1 19       		.uleb128 0x19
 2919 01a2 00       		.byte	0
 2920 01a3 00       		.byte	0
 2921 01a4 1F       		.uleb128 0x1f
 2922 01a5 2E       		.uleb128 0x2e
 2923 01a6 00       		.byte	0
 2924 01a7 3F       		.uleb128 0x3f
 2925 01a8 19       		.uleb128 0x19
 2926 01a9 3C       		.uleb128 0x3c
 2927 01aa 19       		.uleb128 0x19
 2928 01ab 6E       		.uleb128 0x6e
 2929 01ac 0E       		.uleb128 0xe
 2930 01ad 03       		.uleb128 0x3
 2931 01ae 0E       		.uleb128 0xe
 2932 01af 3A       		.uleb128 0x3a
 2933 01b0 0B       		.uleb128 0xb
 2934 01b1 3B       		.uleb128 0x3b
 2935 01b2 0B       		.uleb128 0xb
ARM GAS  C:\Users\PC\AppData\Local\Temp\ccyBAMgs.s 			page 61


 2936 01b3 6E       		.uleb128 0x6e
 2937 01b4 0E       		.uleb128 0xe
 2938 01b5 00       		.byte	0
 2939 01b6 00       		.byte	0
 2940 01b7 20       		.uleb128 0x20
 2941 01b8 2E       		.uleb128 0x2e
 2942 01b9 01       		.byte	0x1
 2943 01ba 47       		.uleb128 0x47
 2944 01bb 13       		.uleb128 0x13
 2945 01bc 11       		.uleb128 0x11
 2946 01bd 01       		.uleb128 0x1
 2947 01be 12       		.uleb128 0x12
 2948 01bf 06       		.uleb128 0x6
 2949 01c0 40       		.uleb128 0x40
 2950 01c1 18       		.uleb128 0x18
 2951 01c2 9742     		.uleb128 0x2117
 2952 01c4 19       		.uleb128 0x19
 2953 01c5 01       		.uleb128 0x1
 2954 01c6 13       		.uleb128 0x13
 2955 01c7 00       		.byte	0
 2956 01c8 00       		.byte	0
 2957 01c9 21       		.uleb128 0x21
 2958 01ca 898201   		.uleb128 0x4109
 2959 01cd 00       		.byte	0
 2960 01ce 11       		.uleb128 0x11
 2961 01cf 01       		.uleb128 0x1
 2962 01d0 31       		.uleb128 0x31
 2963 01d1 13       		.uleb128 0x13
 2964 01d2 00       		.byte	0
 2965 01d3 00       		.byte	0
 2966 01d4 22       		.uleb128 0x22
 2967 01d5 2E       		.uleb128 0x2e
 2968 01d6 01       		.byte	0x1
 2969 01d7 47       		.uleb128 0x47
 2970 01d8 13       		.uleb128 0x13
 2971 01d9 11       		.uleb128 0x11
 2972 01da 01       		.uleb128 0x1
 2973 01db 12       		.uleb128 0x12
 2974 01dc 06       		.uleb128 0x6
 2975 01dd 40       		.uleb128 0x40
 2976 01de 18       		.uleb128 0x18
 2977 01df 64       		.uleb128 0x64
 2978 01e0 13       		.uleb128 0x13
 2979 01e1 9742     		.uleb128 0x2117
 2980 01e3 19       		.uleb128 0x19
 2981 01e4 01       		.uleb128 0x1
 2982 01e5 13       		.uleb128 0x13
 2983 01e6 00       		.byte	0
 2984 01e7 00       		.byte	0
 2985 01e8 23       		.uleb128 0x23
 2986 01e9 05       		.uleb128 0x5
 2987 01ea 00       		.byte	0
 2988 01eb 03       		.uleb128 0x3
 2989 01ec 0E       		.uleb128 0xe
 2990 01ed 49       		.uleb128 0x49
 2991 01ee 13       		.uleb128 0x13
 2992 01ef 34       		.uleb128 0x34
ARM GAS  C:\Users\PC\AppData\Local\Temp\ccyBAMgs.s 			page 62


 2993 01f0 19       		.uleb128 0x19
 2994 01f1 02       		.uleb128 0x2
 2995 01f2 17       		.uleb128 0x17
 2996 01f3 00       		.byte	0
 2997 01f4 00       		.byte	0
 2998 01f5 24       		.uleb128 0x24
 2999 01f6 05       		.uleb128 0x5
 3000 01f7 00       		.byte	0
 3001 01f8 03       		.uleb128 0x3
 3002 01f9 08       		.uleb128 0x8
 3003 01fa 3A       		.uleb128 0x3a
 3004 01fb 0B       		.uleb128 0xb
 3005 01fc 3B       		.uleb128 0x3b
 3006 01fd 0B       		.uleb128 0xb
 3007 01fe 49       		.uleb128 0x49
 3008 01ff 13       		.uleb128 0x13
 3009 0200 02       		.uleb128 0x2
 3010 0201 18       		.uleb128 0x18
 3011 0202 00       		.byte	0
 3012 0203 00       		.byte	0
 3013 0204 25       		.uleb128 0x25
 3014 0205 2E       		.uleb128 0x2e
 3015 0206 01       		.byte	0x1
 3016 0207 03       		.uleb128 0x3
 3017 0208 0E       		.uleb128 0xe
 3018 0209 3A       		.uleb128 0x3a
 3019 020a 0B       		.uleb128 0xb
 3020 020b 3B       		.uleb128 0x3b
 3021 020c 0B       		.uleb128 0xb
 3022 020d 11       		.uleb128 0x11
 3023 020e 01       		.uleb128 0x1
 3024 020f 12       		.uleb128 0x12
 3025 0210 06       		.uleb128 0x6
 3026 0211 40       		.uleb128 0x40
 3027 0212 18       		.uleb128 0x18
 3028 0213 9642     		.uleb128 0x2116
 3029 0215 19       		.uleb128 0x19
 3030 0216 01       		.uleb128 0x1
 3031 0217 13       		.uleb128 0x13
 3032 0218 00       		.byte	0
 3033 0219 00       		.byte	0
 3034 021a 26       		.uleb128 0x26
 3035 021b 05       		.uleb128 0x5
 3036 021c 00       		.byte	0
 3037 021d 03       		.uleb128 0x3
 3038 021e 08       		.uleb128 0x8
 3039 021f 3A       		.uleb128 0x3a
 3040 0220 0B       		.uleb128 0xb
 3041 0221 3B       		.uleb128 0x3b
 3042 0222 0B       		.uleb128 0xb
 3043 0223 49       		.uleb128 0x49
 3044 0224 13       		.uleb128 0x13
 3045 0225 02       		.uleb128 0x2
 3046 0226 17       		.uleb128 0x17
 3047 0227 00       		.byte	0
 3048 0228 00       		.byte	0
 3049 0229 27       		.uleb128 0x27
ARM GAS  C:\Users\PC\AppData\Local\Temp\ccyBAMgs.s 			page 63


 3050 022a 34       		.uleb128 0x34
 3051 022b 00       		.byte	0
 3052 022c 03       		.uleb128 0x3
 3053 022d 0E       		.uleb128 0xe
 3054 022e 3A       		.uleb128 0x3a
 3055 022f 0B       		.uleb128 0xb
 3056 0230 3B       		.uleb128 0x3b
 3057 0231 0B       		.uleb128 0xb
 3058 0232 49       		.uleb128 0x49
 3059 0233 13       		.uleb128 0x13
 3060 0234 02       		.uleb128 0x2
 3061 0235 18       		.uleb128 0x18
 3062 0236 00       		.byte	0
 3063 0237 00       		.byte	0
 3064 0238 28       		.uleb128 0x28
 3065 0239 0B       		.uleb128 0xb
 3066 023a 01       		.byte	0x1
 3067 023b 11       		.uleb128 0x11
 3068 023c 01       		.uleb128 0x1
 3069 023d 12       		.uleb128 0x12
 3070 023e 06       		.uleb128 0x6
 3071 023f 00       		.byte	0
 3072 0240 00       		.byte	0
 3073 0241 29       		.uleb128 0x29
 3074 0242 34       		.uleb128 0x34
 3075 0243 00       		.byte	0
 3076 0244 03       		.uleb128 0x3
 3077 0245 08       		.uleb128 0x8
 3078 0246 3A       		.uleb128 0x3a
 3079 0247 0B       		.uleb128 0xb
 3080 0248 3B       		.uleb128 0x3b
 3081 0249 0B       		.uleb128 0xb
 3082 024a 49       		.uleb128 0x49
 3083 024b 13       		.uleb128 0x13
 3084 024c 02       		.uleb128 0x2
 3085 024d 17       		.uleb128 0x17
 3086 024e 00       		.byte	0
 3087 024f 00       		.byte	0
 3088 0250 2A       		.uleb128 0x2a
 3089 0251 898201   		.uleb128 0x4109
 3090 0254 01       		.byte	0x1
 3091 0255 11       		.uleb128 0x11
 3092 0256 01       		.uleb128 0x1
 3093 0257 31       		.uleb128 0x31
 3094 0258 13       		.uleb128 0x13
 3095 0259 01       		.uleb128 0x1
 3096 025a 13       		.uleb128 0x13
 3097 025b 00       		.byte	0
 3098 025c 00       		.byte	0
 3099 025d 2B       		.uleb128 0x2b
 3100 025e 8A8201   		.uleb128 0x410a
 3101 0261 00       		.byte	0
 3102 0262 02       		.uleb128 0x2
 3103 0263 18       		.uleb128 0x18
 3104 0264 9142     		.uleb128 0x2111
 3105 0266 18       		.uleb128 0x18
 3106 0267 00       		.byte	0
ARM GAS  C:\Users\PC\AppData\Local\Temp\ccyBAMgs.s 			page 64


 3107 0268 00       		.byte	0
 3108 0269 2C       		.uleb128 0x2c
 3109 026a 898201   		.uleb128 0x4109
 3110 026d 01       		.byte	0x1
 3111 026e 11       		.uleb128 0x11
 3112 026f 01       		.uleb128 0x1
 3113 0270 31       		.uleb128 0x31
 3114 0271 13       		.uleb128 0x13
 3115 0272 00       		.byte	0
 3116 0273 00       		.byte	0
 3117 0274 2D       		.uleb128 0x2d
 3118 0275 05       		.uleb128 0x5
 3119 0276 00       		.byte	0
 3120 0277 03       		.uleb128 0x3
 3121 0278 0E       		.uleb128 0xe
 3122 0279 3A       		.uleb128 0x3a
 3123 027a 0B       		.uleb128 0xb
 3124 027b 3B       		.uleb128 0x3b
 3125 027c 0B       		.uleb128 0xb
 3126 027d 49       		.uleb128 0x49
 3127 027e 13       		.uleb128 0x13
 3128 027f 02       		.uleb128 0x2
 3129 0280 17       		.uleb128 0x17
 3130 0281 00       		.byte	0
 3131 0282 00       		.byte	0
 3132 0283 2E       		.uleb128 0x2e
 3133 0284 2E       		.uleb128 0x2e
 3134 0285 01       		.byte	0x1
 3135 0286 47       		.uleb128 0x47
 3136 0287 13       		.uleb128 0x13
 3137 0288 11       		.uleb128 0x11
 3138 0289 01       		.uleb128 0x1
 3139 028a 12       		.uleb128 0x12
 3140 028b 06       		.uleb128 0x6
 3141 028c 40       		.uleb128 0x40
 3142 028d 18       		.uleb128 0x18
 3143 028e 9642     		.uleb128 0x2116
 3144 0290 19       		.uleb128 0x19
 3145 0291 01       		.uleb128 0x1
 3146 0292 13       		.uleb128 0x13
 3147 0293 00       		.byte	0
 3148 0294 00       		.byte	0
 3149 0295 2F       		.uleb128 0x2f
 3150 0296 0B       		.uleb128 0xb
 3151 0297 01       		.byte	0x1
 3152 0298 11       		.uleb128 0x11
 3153 0299 01       		.uleb128 0x1
 3154 029a 12       		.uleb128 0x12
 3155 029b 06       		.uleb128 0x6
 3156 029c 01       		.uleb128 0x1
 3157 029d 13       		.uleb128 0x13
 3158 029e 00       		.byte	0
 3159 029f 00       		.byte	0
 3160 02a0 30       		.uleb128 0x30
 3161 02a1 05       		.uleb128 0x5
 3162 02a2 00       		.byte	0
 3163 02a3 03       		.uleb128 0x3
ARM GAS  C:\Users\PC\AppData\Local\Temp\ccyBAMgs.s 			page 65


 3164 02a4 0E       		.uleb128 0xe
 3165 02a5 49       		.uleb128 0x49
 3166 02a6 13       		.uleb128 0x13
 3167 02a7 34       		.uleb128 0x34
 3168 02a8 19       		.uleb128 0x19
 3169 02a9 02       		.uleb128 0x2
 3170 02aa 18       		.uleb128 0x18
 3171 02ab 00       		.byte	0
 3172 02ac 00       		.byte	0
 3173 02ad 31       		.uleb128 0x31
 3174 02ae 05       		.uleb128 0x5
 3175 02af 00       		.byte	0
 3176 02b0 03       		.uleb128 0x3
 3177 02b1 0E       		.uleb128 0xe
 3178 02b2 3A       		.uleb128 0x3a
 3179 02b3 0B       		.uleb128 0xb
 3180 02b4 3B       		.uleb128 0x3b
 3181 02b5 0B       		.uleb128 0xb
 3182 02b6 49       		.uleb128 0x49
 3183 02b7 13       		.uleb128 0x13
 3184 02b8 02       		.uleb128 0x2
 3185 02b9 18       		.uleb128 0x18
 3186 02ba 00       		.byte	0
 3187 02bb 00       		.byte	0
 3188 02bc 32       		.uleb128 0x32
 3189 02bd 2E       		.uleb128 0x2e
 3190 02be 01       		.byte	0x1
 3191 02bf 47       		.uleb128 0x47
 3192 02c0 13       		.uleb128 0x13
 3193 02c1 20       		.uleb128 0x20
 3194 02c2 0B       		.uleb128 0xb
 3195 02c3 64       		.uleb128 0x64
 3196 02c4 13       		.uleb128 0x13
 3197 02c5 01       		.uleb128 0x1
 3198 02c6 13       		.uleb128 0x13
 3199 02c7 00       		.byte	0
 3200 02c8 00       		.byte	0
 3201 02c9 33       		.uleb128 0x33
 3202 02ca 05       		.uleb128 0x5
 3203 02cb 00       		.byte	0
 3204 02cc 03       		.uleb128 0x3
 3205 02cd 0E       		.uleb128 0xe
 3206 02ce 49       		.uleb128 0x49
 3207 02cf 13       		.uleb128 0x13
 3208 02d0 34       		.uleb128 0x34
 3209 02d1 19       		.uleb128 0x19
 3210 02d2 00       		.byte	0
 3211 02d3 00       		.byte	0
 3212 02d4 34       		.uleb128 0x34
 3213 02d5 2E       		.uleb128 0x2e
 3214 02d6 01       		.byte	0x1
 3215 02d7 31       		.uleb128 0x31
 3216 02d8 13       		.uleb128 0x13
 3217 02d9 6E       		.uleb128 0x6e
 3218 02da 0E       		.uleb128 0xe
 3219 02db 11       		.uleb128 0x11
 3220 02dc 01       		.uleb128 0x1
ARM GAS  C:\Users\PC\AppData\Local\Temp\ccyBAMgs.s 			page 66


 3221 02dd 12       		.uleb128 0x12
 3222 02de 06       		.uleb128 0x6
 3223 02df 40       		.uleb128 0x40
 3224 02e0 18       		.uleb128 0x18
 3225 02e1 64       		.uleb128 0x64
 3226 02e2 13       		.uleb128 0x13
 3227 02e3 9742     		.uleb128 0x2117
 3228 02e5 19       		.uleb128 0x19
 3229 02e6 01       		.uleb128 0x1
 3230 02e7 13       		.uleb128 0x13
 3231 02e8 00       		.byte	0
 3232 02e9 00       		.byte	0
 3233 02ea 35       		.uleb128 0x35
 3234 02eb 05       		.uleb128 0x5
 3235 02ec 00       		.byte	0
 3236 02ed 31       		.uleb128 0x31
 3237 02ee 13       		.uleb128 0x13
 3238 02ef 02       		.uleb128 0x2
 3239 02f0 17       		.uleb128 0x17
 3240 02f1 00       		.byte	0
 3241 02f2 00       		.byte	0
 3242 02f3 36       		.uleb128 0x36
 3243 02f4 2E       		.uleb128 0x2e
 3244 02f5 01       		.byte	0x1
 3245 02f6 3F       		.uleb128 0x3f
 3246 02f7 19       		.uleb128 0x19
 3247 02f8 03       		.uleb128 0x3
 3248 02f9 0E       		.uleb128 0xe
 3249 02fa 3A       		.uleb128 0x3a
 3250 02fb 0B       		.uleb128 0xb
 3251 02fc 3B       		.uleb128 0x3b
 3252 02fd 0B       		.uleb128 0xb
 3253 02fe 49       		.uleb128 0x49
 3254 02ff 13       		.uleb128 0x13
 3255 0300 8701     		.uleb128 0x87
 3256 0302 19       		.uleb128 0x19
 3257 0303 11       		.uleb128 0x11
 3258 0304 01       		.uleb128 0x1
 3259 0305 12       		.uleb128 0x12
 3260 0306 06       		.uleb128 0x6
 3261 0307 40       		.uleb128 0x40
 3262 0308 18       		.uleb128 0x18
 3263 0309 9642     		.uleb128 0x2116
 3264 030b 19       		.uleb128 0x19
 3265 030c 01       		.uleb128 0x1
 3266 030d 13       		.uleb128 0x13
 3267 030e 00       		.byte	0
 3268 030f 00       		.byte	0
 3269 0310 37       		.uleb128 0x37
 3270 0311 34       		.uleb128 0x34
 3271 0312 00       		.byte	0
 3272 0313 03       		.uleb128 0x3
 3273 0314 08       		.uleb128 0x8
 3274 0315 3A       		.uleb128 0x3a
 3275 0316 0B       		.uleb128 0xb
 3276 0317 3B       		.uleb128 0x3b
 3277 0318 0B       		.uleb128 0xb
ARM GAS  C:\Users\PC\AppData\Local\Temp\ccyBAMgs.s 			page 67


 3278 0319 49       		.uleb128 0x49
 3279 031a 13       		.uleb128 0x13
 3280 031b 02       		.uleb128 0x2
 3281 031c 18       		.uleb128 0x18
 3282 031d 00       		.byte	0
 3283 031e 00       		.byte	0
 3284 031f 38       		.uleb128 0x38
 3285 0320 34       		.uleb128 0x34
 3286 0321 00       		.byte	0
 3287 0322 03       		.uleb128 0x3
 3288 0323 0E       		.uleb128 0xe
 3289 0324 3A       		.uleb128 0x3a
 3290 0325 0B       		.uleb128 0xb
 3291 0326 3B       		.uleb128 0x3b
 3292 0327 0B       		.uleb128 0xb
 3293 0328 49       		.uleb128 0x49
 3294 0329 13       		.uleb128 0x13
 3295 032a 00       		.byte	0
 3296 032b 00       		.byte	0
 3297 032c 39       		.uleb128 0x39
 3298 032d 34       		.uleb128 0x34
 3299 032e 00       		.byte	0
 3300 032f 03       		.uleb128 0x3
 3301 0330 08       		.uleb128 0x8
 3302 0331 3A       		.uleb128 0x3a
 3303 0332 0B       		.uleb128 0xb
 3304 0333 3B       		.uleb128 0x3b
 3305 0334 0B       		.uleb128 0xb
 3306 0335 49       		.uleb128 0x49
 3307 0336 13       		.uleb128 0x13
 3308 0337 1C       		.uleb128 0x1c
 3309 0338 0A       		.uleb128 0xa
 3310 0339 00       		.byte	0
 3311 033a 00       		.byte	0
 3312 033b 3A       		.uleb128 0x3a
 3313 033c 898201   		.uleb128 0x4109
 3314 033f 01       		.byte	0x1
 3315 0340 11       		.uleb128 0x11
 3316 0341 01       		.uleb128 0x1
 3317 0342 01       		.uleb128 0x1
 3318 0343 13       		.uleb128 0x13
 3319 0344 00       		.byte	0
 3320 0345 00       		.byte	0
 3321 0346 3B       		.uleb128 0x3b
 3322 0347 34       		.uleb128 0x34
 3323 0348 00       		.byte	0
 3324 0349 03       		.uleb128 0x3
 3325 034a 0E       		.uleb128 0xe
 3326 034b 3A       		.uleb128 0x3a
 3327 034c 0B       		.uleb128 0xb
 3328 034d 3B       		.uleb128 0x3b
 3329 034e 05       		.uleb128 0x5
 3330 034f 49       		.uleb128 0x49
 3331 0350 13       		.uleb128 0x13
 3332 0351 3F       		.uleb128 0x3f
 3333 0352 19       		.uleb128 0x19
 3334 0353 3C       		.uleb128 0x3c
ARM GAS  C:\Users\PC\AppData\Local\Temp\ccyBAMgs.s 			page 68


 3335 0354 19       		.uleb128 0x19
 3336 0355 00       		.byte	0
 3337 0356 00       		.byte	0
 3338 0357 3C       		.uleb128 0x3c
 3339 0358 35       		.uleb128 0x35
 3340 0359 00       		.byte	0
 3341 035a 49       		.uleb128 0x49
 3342 035b 13       		.uleb128 0x13
 3343 035c 00       		.byte	0
 3344 035d 00       		.byte	0
 3345 035e 3D       		.uleb128 0x3d
 3346 035f 34       		.uleb128 0x34
 3347 0360 00       		.byte	0
 3348 0361 47       		.uleb128 0x47
 3349 0362 13       		.uleb128 0x13
 3350 0363 1C       		.uleb128 0x1c
 3351 0364 0A       		.uleb128 0xa
 3352 0365 00       		.byte	0
 3353 0366 00       		.byte	0
 3354 0367 3E       		.uleb128 0x3e
 3355 0368 2E       		.uleb128 0x2e
 3356 0369 00       		.byte	0
 3357 036a 3F       		.uleb128 0x3f
 3358 036b 19       		.uleb128 0x19
 3359 036c 3C       		.uleb128 0x3c
 3360 036d 19       		.uleb128 0x19
 3361 036e 6E       		.uleb128 0x6e
 3362 036f 0E       		.uleb128 0xe
 3363 0370 03       		.uleb128 0x3
 3364 0371 0E       		.uleb128 0xe
 3365 0372 3A       		.uleb128 0x3a
 3366 0373 0B       		.uleb128 0xb
 3367 0374 3B       		.uleb128 0x3b
 3368 0375 0B       		.uleb128 0xb
 3369 0376 00       		.byte	0
 3370 0377 00       		.byte	0
 3371 0378 3F       		.uleb128 0x3f
 3372 0379 2E       		.uleb128 0x2e
 3373 037a 00       		.byte	0
 3374 037b 3F       		.uleb128 0x3f
 3375 037c 19       		.uleb128 0x19
 3376 037d 3C       		.uleb128 0x3c
 3377 037e 19       		.uleb128 0x19
 3378 037f 6E       		.uleb128 0x6e
 3379 0380 0E       		.uleb128 0xe
 3380 0381 03       		.uleb128 0x3
 3381 0382 0E       		.uleb128 0xe
 3382 0383 3A       		.uleb128 0x3a
 3383 0384 0B       		.uleb128 0xb
 3384 0385 3B       		.uleb128 0x3b
 3385 0386 05       		.uleb128 0x5
 3386 0387 00       		.byte	0
 3387 0388 00       		.byte	0
 3388 0389 00       		.byte	0
 3389              		.section	.debug_loc,"",%progbits
 3390              	.Ldebug_loc0:
 3391              	.LLST0:
ARM GAS  C:\Users\PC\AppData\Local\Temp\ccyBAMgs.s 			page 69


 3392 0000 00000000 		.4byte	.LVL2
 3393 0004 04000000 		.4byte	.LVL3
 3394 0008 0100     		.2byte	0x1
 3395 000a 50       		.byte	0x50
 3396 000b 04000000 		.4byte	.LVL3
 3397 000f 06000000 		.4byte	.LFE176
 3398 0013 0400     		.2byte	0x4
 3399 0015 F3       		.byte	0xf3
 3400 0016 01       		.uleb128 0x1
 3401 0017 50       		.byte	0x50
 3402 0018 9F       		.byte	0x9f
 3403 0019 00000000 		.4byte	0
 3404 001d 00000000 		.4byte	0
 3405              	.LLST1:
 3406 0021 00000000 		.4byte	.LVL4
 3407 0025 0C000000 		.4byte	.LVL6
 3408 0029 0100     		.2byte	0x1
 3409 002b 50       		.byte	0x50
 3410 002c 0C000000 		.4byte	.LVL6
 3411 0030 70000000 		.4byte	.LVL15
 3412 0034 0300     		.2byte	0x3
 3413 0036 91       		.byte	0x91
 3414 0037 D47E     		.sleb128 -172
 3415 0039 70000000 		.4byte	.LVL15
 3416 003d 74000000 		.4byte	.LFE173
 3417 0041 0300     		.2byte	0x3
 3418 0043 7D       		.byte	0x7d
 3419 0044 D47E     		.sleb128 -172
 3420 0046 00000000 		.4byte	0
 3421 004a 00000000 		.4byte	0
 3422              	.LLST2:
 3423 004e 08000000 		.4byte	.LVL5
 3424 0052 0C000000 		.4byte	.LVL6
 3425 0056 0200     		.2byte	0x2
 3426 0058 30       		.byte	0x30
 3427 0059 9F       		.byte	0x9f
 3428 005a 0C000000 		.4byte	.LVL6
 3429 005e 70000000 		.4byte	.LVL15
 3430 0062 0100     		.2byte	0x1
 3431 0064 5B       		.byte	0x5b
 3432 0065 00000000 		.4byte	0
 3433 0069 00000000 		.4byte	0
 3434              	.LLST3:
 3435 006d 00000000 		.4byte	.LVL16
 3436 0071 04000000 		.4byte	.LVL17
 3437 0075 0100     		.2byte	0x1
 3438 0077 50       		.byte	0x50
 3439 0078 04000000 		.4byte	.LVL17
 3440 007c 06000000 		.4byte	.LFE177
 3441 0080 0400     		.2byte	0x4
 3442 0082 F3       		.byte	0xf3
 3443 0083 01       		.uleb128 0x1
 3444 0084 50       		.byte	0x50
 3445 0085 9F       		.byte	0x9f
 3446 0086 00000000 		.4byte	0
 3447 008a 00000000 		.4byte	0
 3448              	.LLST4:
ARM GAS  C:\Users\PC\AppData\Local\Temp\ccyBAMgs.s 			page 70


 3449 008e 00000000 		.4byte	.LVL18
 3450 0092 0F000000 		.4byte	.LVL19-1
 3451 0096 0100     		.2byte	0x1
 3452 0098 50       		.byte	0x50
 3453 0099 0F000000 		.4byte	.LVL19-1
 3454 009d 22000000 		.4byte	.LVL26
 3455 00a1 0100     		.2byte	0x1
 3456 00a3 56       		.byte	0x56
 3457 00a4 22000000 		.4byte	.LVL26
 3458 00a8 B0000000 		.4byte	.LFE174
 3459 00ac 0600     		.2byte	0x6
 3460 00ae F3       		.byte	0xf3
 3461 00af 03       		.uleb128 0x3
 3462 00b0 F5       		.byte	0xf5
 3463 00b1 00       		.uleb128 0
 3464 00b2 25       		.uleb128 0x25
 3465 00b3 9F       		.byte	0x9f
 3466 00b4 00000000 		.4byte	0
 3467 00b8 00000000 		.4byte	0
 3468              	.LLST5:
 3469 00bc 00000000 		.4byte	.LVL18
 3470 00c0 0F000000 		.4byte	.LVL19-1
 3471 00c4 0100     		.2byte	0x1
 3472 00c6 51       		.byte	0x51
 3473 00c7 0F000000 		.4byte	.LVL19-1
 3474 00cb B0000000 		.4byte	.LFE174
 3475 00cf 0100     		.2byte	0x1
 3476 00d1 58       		.byte	0x58
 3477 00d2 00000000 		.4byte	0
 3478 00d6 00000000 		.4byte	0
 3479              	.LLST6:
 3480 00da 00000000 		.4byte	.LVL18
 3481 00de 0F000000 		.4byte	.LVL19-1
 3482 00e2 0100     		.2byte	0x1
 3483 00e4 52       		.byte	0x52
 3484 00e5 0F000000 		.4byte	.LVL19-1
 3485 00e9 B0000000 		.4byte	.LFE174
 3486 00ed 0100     		.2byte	0x1
 3487 00ef 5A       		.byte	0x5a
 3488 00f0 00000000 		.4byte	0
 3489 00f4 00000000 		.4byte	0
 3490              	.LLST7:
 3491 00f8 00000000 		.4byte	.LVL18
 3492 00fc 0F000000 		.4byte	.LVL19-1
 3493 0100 0100     		.2byte	0x1
 3494 0102 53       		.byte	0x53
 3495 0103 0F000000 		.4byte	.LVL19-1
 3496 0107 34000000 		.4byte	.LVL32
 3497 010b 0100     		.2byte	0x1
 3498 010d 55       		.byte	0x55
 3499 010e 34000000 		.4byte	.LVL32
 3500 0112 B0000000 		.4byte	.LFE174
 3501 0116 0600     		.2byte	0x6
 3502 0118 F3       		.byte	0xf3
 3503 0119 03       		.uleb128 0x3
 3504 011a F5       		.byte	0xf5
 3505 011b 03       		.uleb128 0x3
ARM GAS  C:\Users\PC\AppData\Local\Temp\ccyBAMgs.s 			page 71


 3506 011c 25       		.uleb128 0x25
 3507 011d 9F       		.byte	0x9f
 3508 011e 00000000 		.4byte	0
 3509 0122 00000000 		.4byte	0
 3510              	.LLST8:
 3511 0126 12000000 		.4byte	.LVL20
 3512 012a 14000000 		.4byte	.LVL21
 3513 012e 0100     		.2byte	0x1
 3514 0130 50       		.byte	0x50
 3515 0131 14000000 		.4byte	.LVL21
 3516 0135 8E000000 		.4byte	.LVL41
 3517 0139 0100     		.2byte	0x1
 3518 013b 54       		.byte	0x54
 3519 013c 00000000 		.4byte	0
 3520 0140 00000000 		.4byte	0
 3521              	.LLST9:
 3522 0144 1A000000 		.4byte	.LVL23
 3523 0148 1C000000 		.4byte	.LVL24
 3524 014c 0100     		.2byte	0x1
 3525 014e 50       		.byte	0x50
 3526 014f 1C000000 		.4byte	.LVL24
 3527 0153 B0000000 		.4byte	.LFE174
 3528 0157 0100     		.2byte	0x1
 3529 0159 59       		.byte	0x59
 3530 015a 00000000 		.4byte	0
 3531 015e 00000000 		.4byte	0
 3532              	.LLST10:
 3533 0162 22000000 		.4byte	.LVL26
 3534 0166 24000000 		.4byte	.LVL27
 3535 016a 0100     		.2byte	0x1
 3536 016c 50       		.byte	0x50
 3537 016d 24000000 		.4byte	.LVL27
 3538 0171 B0000000 		.4byte	.LFE174
 3539 0175 0100     		.2byte	0x1
 3540 0177 56       		.byte	0x56
 3541 0178 00000000 		.4byte	0
 3542 017c 00000000 		.4byte	0
 3543              	.LLST11:
 3544 0180 2A000000 		.4byte	.LVL29
 3545 0184 2E000000 		.4byte	.LVL30
 3546 0188 0100     		.2byte	0x1
 3547 018a 50       		.byte	0x50
 3548 018b 2E000000 		.4byte	.LVL30
 3549 018f B0000000 		.4byte	.LFE174
 3550 0193 0100     		.2byte	0x1
 3551 0195 57       		.byte	0x57
 3552 0196 00000000 		.4byte	0
 3553 019a 00000000 		.4byte	0
 3554              	.LLST12:
 3555 019e 00000000 		.4byte	.LVL43
 3556 01a2 10000000 		.4byte	.LVL45
 3557 01a6 0100     		.2byte	0x1
 3558 01a8 50       		.byte	0x50
 3559 01a9 10000000 		.4byte	.LVL45
 3560 01ad 76000000 		.4byte	.LFE181
 3561 01b1 0100     		.2byte	0x1
 3562 01b3 5B       		.byte	0x5b
ARM GAS  C:\Users\PC\AppData\Local\Temp\ccyBAMgs.s 			page 72


 3563 01b4 00000000 		.4byte	0
 3564 01b8 00000000 		.4byte	0
 3565              	.LLST13:
 3566 01bc 00000000 		.4byte	.LVL43
 3567 01c0 10000000 		.4byte	.LVL45
 3568 01c4 0100     		.2byte	0x1
 3569 01c6 51       		.byte	0x51
 3570 01c7 10000000 		.4byte	.LVL45
 3571 01cb 76000000 		.4byte	.LFE181
 3572 01cf 0100     		.2byte	0x1
 3573 01d1 5A       		.byte	0x5a
 3574 01d2 00000000 		.4byte	0
 3575 01d6 00000000 		.4byte	0
 3576              	.LLST14:
 3577 01da 00000000 		.4byte	.LVL43
 3578 01de 10000000 		.4byte	.LVL45
 3579 01e2 0100     		.2byte	0x1
 3580 01e4 52       		.byte	0x52
 3581 01e5 10000000 		.4byte	.LVL45
 3582 01e9 76000000 		.4byte	.LFE181
 3583 01ed 0200     		.2byte	0x2
 3584 01ef 91       		.byte	0x91
 3585 01f0 54       		.sleb128 -44
 3586 01f1 00000000 		.4byte	0
 3587 01f5 00000000 		.4byte	0
 3588              	.LLST15:
 3589 01f9 0C000000 		.4byte	.LVL44
 3590 01fd 10000000 		.4byte	.LVL45
 3591 0201 0200     		.2byte	0x2
 3592 0203 30       		.byte	0x30
 3593 0204 9F       		.byte	0x9f
 3594 0205 10000000 		.4byte	.LVL45
 3595 0209 76000000 		.4byte	.LFE181
 3596 020d 0100     		.2byte	0x1
 3597 020f 58       		.byte	0x58
 3598 0210 00000000 		.4byte	0
 3599 0214 00000000 		.4byte	0
 3600              	.LLST16:
 3601 0218 1A000000 		.4byte	.LVL46
 3602 021c 70000000 		.4byte	.LVL58
 3603 0220 0100     		.2byte	0x1
 3604 0222 59       		.byte	0x59
 3605 0223 00000000 		.4byte	0
 3606 0227 00000000 		.4byte	0
 3607              	.LLST17:
 3608 022b 34000000 		.4byte	.LVL48
 3609 022f 36000000 		.4byte	.LVL49
 3610 0233 0200     		.2byte	0x2
 3611 0235 30       		.byte	0x30
 3612 0236 9F       		.byte	0x9f
 3613 0237 36000000 		.4byte	.LVL49
 3614 023b 6A000000 		.4byte	.LVL56
 3615 023f 0100     		.2byte	0x1
 3616 0241 54       		.byte	0x54
 3617 0242 00000000 		.4byte	0
 3618 0246 00000000 		.4byte	0
 3619              	.LLST18:
ARM GAS  C:\Users\PC\AppData\Local\Temp\ccyBAMgs.s 			page 73


 3620 024a 02000000 		.4byte	.LVL60
 3621 024e 04000000 		.4byte	.LVL61
 3622 0252 0200     		.2byte	0x2
 3623 0254 30       		.byte	0x30
 3624 0255 9F       		.byte	0x9f
 3625 0256 04000000 		.4byte	.LVL61
 3626 025a 20000000 		.4byte	.LVL66
 3627 025e 0100     		.2byte	0x1
 3628 0260 54       		.byte	0x54
 3629 0261 00000000 		.4byte	0
 3630 0265 00000000 		.4byte	0
 3631              	.LLST19:
 3632 0269 0A000000 		.4byte	.LVL62
 3633 026d 1E000000 		.4byte	.LVL65
 3634 0271 0100     		.2byte	0x1
 3635 0273 53       		.byte	0x53
 3636 0274 00000000 		.4byte	0
 3637 0278 00000000 		.4byte	0
 3638              	.LLST20:
 3639 027c 00000000 		.4byte	.LVL67
 3640 0280 07000000 		.4byte	.LVL68-1
 3641 0284 0100     		.2byte	0x1
 3642 0286 50       		.byte	0x50
 3643 0287 07000000 		.4byte	.LVL68-1
 3644 028b 0A000000 		.4byte	.LFE182
 3645 028f 0400     		.2byte	0x4
 3646 0291 F3       		.byte	0xf3
 3647 0292 01       		.uleb128 0x1
 3648 0293 50       		.byte	0x50
 3649 0294 9F       		.byte	0x9f
 3650 0295 00000000 		.4byte	0
 3651 0299 00000000 		.4byte	0
 3652              	.LLST21:
 3653 029d 00000000 		.4byte	.LVL69
 3654 02a1 07000000 		.4byte	.LVL70-1
 3655 02a5 0100     		.2byte	0x1
 3656 02a7 50       		.byte	0x50
 3657 02a8 07000000 		.4byte	.LVL70-1
 3658 02ac 0C000000 		.4byte	.LFE179
 3659 02b0 0100     		.2byte	0x1
 3660 02b2 54       		.byte	0x54
 3661 02b3 00000000 		.4byte	0
 3662 02b7 00000000 		.4byte	0
 3663              		.section	.debug_aranges,"",%progbits
 3664 0000 64000000 		.4byte	0x64
 3665 0004 0200     		.2byte	0x2
 3666 0006 00000000 		.4byte	.Ldebug_info0
 3667 000a 04       		.byte	0x4
 3668 000b 00       		.byte	0
 3669 000c 0000     		.2byte	0
 3670 000e 0000     		.2byte	0
 3671 0010 00000000 		.4byte	.LFB63
 3672 0014 0C000000 		.4byte	.LFE63-.LFB63
 3673 0018 00000000 		.4byte	.LFB176
 3674 001c 06000000 		.4byte	.LFE176-.LFB176
 3675 0020 00000000 		.4byte	.LFB173
 3676 0024 74000000 		.4byte	.LFE173-.LFB173
ARM GAS  C:\Users\PC\AppData\Local\Temp\ccyBAMgs.s 			page 74


 3677 0028 00000000 		.4byte	.LFB177
 3678 002c 06000000 		.4byte	.LFE177-.LFB177
 3679 0030 00000000 		.4byte	.LFB174
 3680 0034 B0000000 		.4byte	.LFE174-.LFB174
 3681 0038 00000000 		.4byte	.LFB181
 3682 003c 76000000 		.4byte	.LFE181-.LFB181
 3683 0040 00000000 		.4byte	.LFB183
 3684 0044 22000000 		.4byte	.LFE183-.LFB183
 3685 0048 00000000 		.4byte	.LFB182
 3686 004c 0A000000 		.4byte	.LFE182-.LFB182
 3687 0050 00000000 		.4byte	.LFB179
 3688 0054 0C000000 		.4byte	.LFE179-.LFB179
 3689 0058 00000000 		.4byte	.LFB175
 3690 005c 28010000 		.4byte	.LFE175-.LFB175
 3691 0060 00000000 		.4byte	0
 3692 0064 00000000 		.4byte	0
 3693              		.section	.debug_ranges,"",%progbits
 3694              	.Ldebug_ranges0:
 3695 0000 00000000 		.4byte	.LFB63
 3696 0004 0C000000 		.4byte	.LFE63
 3697 0008 00000000 		.4byte	.LFB176
 3698 000c 06000000 		.4byte	.LFE176
 3699 0010 00000000 		.4byte	.LFB173
 3700 0014 74000000 		.4byte	.LFE173
 3701 0018 00000000 		.4byte	.LFB177
 3702 001c 06000000 		.4byte	.LFE177
 3703 0020 00000000 		.4byte	.LFB174
 3704 0024 B0000000 		.4byte	.LFE174
 3705 0028 00000000 		.4byte	.LFB181
 3706 002c 76000000 		.4byte	.LFE181
 3707 0030 00000000 		.4byte	.LFB183
 3708 0034 22000000 		.4byte	.LFE183
 3709 0038 00000000 		.4byte	.LFB182
 3710 003c 0A000000 		.4byte	.LFE182
 3711 0040 00000000 		.4byte	.LFB179
 3712 0044 0C000000 		.4byte	.LFE179
 3713 0048 00000000 		.4byte	.LFB175
 3714 004c 28010000 		.4byte	.LFE175
 3715 0050 00000000 		.4byte	0
 3716 0054 00000000 		.4byte	0
 3717              		.section	.debug_line,"",%progbits
 3718              	.Ldebug_line0:
 3719 0000 F1040000 		.section	.debug_str,"MS",%progbits,1
 3719      02009303 
 3719      00000201 
 3719      FB0E0D00 
 3719      01010101 
 3720              	.LASF80:
 3721 0000 4275696C 		.ascii	"BuildDH\000"
 3721      64444800 
 3722              	.LASF111:
 3723 0008 53746172 		.ascii	"Start\000"
 3723      7400
 3724              	.LASF76:
 3725 000e 64656772 		.ascii	"degrees\000"
 3725      65657300 
 3726              	.LASF78:
ARM GAS  C:\Users\PC\AppData\Local\Temp\ccyBAMgs.s 			page 75


 3727 0016 62756666 		.ascii	"buffer\000"
 3727      657200
 3728              	.LASF85:
 3729 001d 74686574 		.ascii	"theta1\000"
 3729      613100
 3730              	.LASF87:
 3731 0024 74686574 		.ascii	"theta3\000"
 3731      613300
 3732              	.LASF12:
 3733 002b 756E7369 		.ascii	"unsigned int\000"
 3733      676E6564 
 3733      20696E74 
 3733      00
 3734              	.LASF67:
 3735 0038 436F6C73 		.ascii	"ColsA\000"
 3735      4100
 3736              	.LASF68:
 3737 003e 436F6C73 		.ascii	"ColsB\000"
 3737      4200
 3738              	.LASF7:
 3739 0044 5F5F696E 		.ascii	"__int32_t\000"
 3739      7433325F 
 3739      7400
 3740              	.LASF44:
 3741 004e 5F5A4E31 		.ascii	"_ZN10Foundation4Math11FixedMatrixIfLj4ELj4EEmIERKS2"
 3741      30466F75 
 3741      6E646174 
 3741      696F6E34 
 3741      4D617468 
 3742 0081 5F00     		.ascii	"_\000"
 3743              	.LASF104:
 3744 0083 5F5A4E31 		.ascii	"_ZN10Foundation4Math11FixedMatrixIfLj4ELj4EE6Filled"
 3744      30466F75 
 3744      6E646174 
 3744      696F6E34 
 3744      4D617468 
 3745 00b6 456600   		.ascii	"Ef\000"
 3746              	.LASF99:
 3747 00b9 433A5C55 		.ascii	"C:\\Users\\PC\\Dropbox\\CodeSpaces\\PSoC\\RoboticAr"
 3747      73657273 
 3747      5C50435C 
 3747      44726F70 
 3747      626F785C 
 3748 00e6 6D5C5053 		.ascii	"m\\PSoC_Creator\\MotorPID.cydsn\000"
 3748      6F435F43 
 3748      72656174 
 3748      6F725C4D 
 3748      6F746F72 
 3749              	.LASF22:
 3750 0104 5F5A4E31 		.ascii	"_ZN10Foundation4Math11FixedMatrixIfLj4ELj4EEC4ERKS2"
 3750      30466F75 
 3750      6E646174 
 3750      696F6E34 
 3750      4D617468 
 3751 0137 5F00     		.ascii	"_\000"
 3752              	.LASF58:
 3753 0139 5A65726F 		.ascii	"Zero\000"
ARM GAS  C:\Users\PC\AppData\Local\Temp\ccyBAMgs.s 			page 76


 3753      00
 3754              	.LASF63:
 3755 013e 46696C6C 		.ascii	"Filled\000"
 3755      656400
 3756              	.LASF52:
 3757 0145 5F5A4E31 		.ascii	"_ZN10Foundation4Math11FixedMatrixIfLj4ELj4EEdVEf\000"
 3757      30466F75 
 3757      6E646174 
 3757      696F6E34 
 3757      4D617468 
 3758              	.LASF106:
 3759 0176 5F5A4E31 		.ascii	"_ZN10Foundation4Math11FixedMatrixIfLj4ELj4EE5ZerosE"
 3759      30466F75 
 3759      6E646174 
 3759      696F6E34 
 3759      4D617468 
 3760 01a9 7600     		.ascii	"v\000"
 3761              	.LASF101:
 3762 01ab 4D617468 		.ascii	"Math\000"
 3762      00
 3763              	.LASF81:
 3764 01b0 74686574 		.ascii	"theta\000"
 3764      6100
 3765              	.LASF14:
 3766 01b6 75696E74 		.ascii	"uint32_t\000"
 3766      33325F74 
 3766      00
 3767              	.LASF97:
 3768 01bf 474E5520 		.ascii	"GNU C++14 5.4.1 20160609 (release) [ARM/embedded-5-"
 3768      432B2B31 
 3768      3420352E 
 3768      342E3120 
 3768      32303136 
 3769 01f2 6272616E 		.ascii	"branch revision 237715] -mcpu=cortex-m3 -mthumb -g "
 3769      63682072 
 3769      65766973 
 3769      696F6E20 
 3769      32333737 
 3770 0225 2D4F6720 		.ascii	"-Og -std=c++1z -ffunction-sections -ffat-lto-object"
 3770      2D737464 
 3770      3D632B2B 
 3770      317A202D 
 3770      6666756E 
 3771 0258 73202D66 		.ascii	"s -fno-exceptions -fno-rtti\000"
 3771      6E6F2D65 
 3771      78636570 
 3771      74696F6E 
 3771      73202D66 
 3772              	.LASF86:
 3773 0274 74686574 		.ascii	"theta2\000"
 3773      613200
 3774              	.LASF102:
 3775 027b 46697865 		.ascii	"FixedMatrix<float, 4u, 4u>\000"
 3775      644D6174 
 3775      7269783C 
 3775      666C6F61 
 3775      742C2034 
ARM GAS  C:\Users\PC\AppData\Local\Temp\ccyBAMgs.s 			page 77


 3776              	.LASF0:
 3777 0296 666C6F61 		.ascii	"float\000"
 3777      7400
 3778              	.LASF66:
 3779 029c 526F7773 		.ascii	"RowsA\000"
 3779      4100
 3780              	.LASF83:
 3781 02a2 72657375 		.ascii	"result\000"
 3781      6C7400
 3782              	.LASF11:
 3783 02a9 6C6F6E67 		.ascii	"long long unsigned int\000"
 3783      206C6F6E 
 3783      6720756E 
 3783      7369676E 
 3783      65642069 
 3784              	.LASF24:
 3785 02c0 5F5A4E31 		.ascii	"_ZN10Foundation4Math11FixedMatrixIfLj4ELj4EEaSERKS2"
 3785      30466F75 
 3785      6E646174 
 3785      696F6E34 
 3785      4D617468 
 3786 02f3 5F00     		.ascii	"_\000"
 3787              	.LASF70:
 3788 02f5 466F756E 		.ascii	"Foundation\000"
 3788      64617469 
 3788      6F6E00
 3789              	.LASF36:
 3790 0300 5F5A4E4B 		.ascii	"_ZNK10Foundation4Math11FixedMatrixIfLj4ELj4EEixEj\000"
 3790      3130466F 
 3790      756E6461 
 3790      74696F6E 
 3790      344D6174 
 3791              	.LASF25:
 3792 0332 526F7773 		.ascii	"RowsCount\000"
 3792      436F756E 
 3792      7400
 3793              	.LASF54:
 3794 033c 5F5A4E4B 		.ascii	"_ZNK10Foundation4Math11FixedMatrixIfLj4ELj4EEeqERKS"
 3794      3130466F 
 3794      756E6461 
 3794      74696F6E 
 3794      344D6174 
 3795 036f 325F00   		.ascii	"2_\000"
 3796              	.LASF72:
 3797 0372 5F5A4E38 		.ascii	"_ZN8Hardware12Servos_StartEv\000"
 3797      48617264 
 3797      77617265 
 3797      31325365 
 3797      72766F73 
 3798              	.LASF49:
 3799 038f 6F706572 		.ascii	"operator*=\000"
 3799      61746F72 
 3799      2A3D00
 3800              	.LASF33:
 3801 039a 5F5A4E4B 		.ascii	"_ZNK10Foundation4Math11FixedMatrixIfLj4ELj4EE2AtEjj"
 3801      3130466F 
 3801      756E6461 
ARM GAS  C:\Users\PC\AppData\Local\Temp\ccyBAMgs.s 			page 78


 3801      74696F6E 
 3801      344D6174 
 3802 03cd 00       		.ascii	"\000"
 3803              	.LASF28:
 3804 03ce 5F5A4E4B 		.ascii	"_ZNK10Foundation4Math11FixedMatrixIfLj4ELj4EE9ColsC"
 3804      3130466F 
 3804      756E6461 
 3804      74696F6E 
 3804      344D6174 
 3805 0401 6F756E74 		.ascii	"ountEv\000"
 3805      457600
 3806              	.LASF94:
 3807 0408 636F7366 		.ascii	"cosf\000"
 3807      00
 3808              	.LASF50:
 3809 040d 5F5A4E31 		.ascii	"_ZN10Foundation4Math11FixedMatrixIfLj4ELj4EEmLEf\000"
 3809      30466F75 
 3809      6E646174 
 3809      696F6E34 
 3809      4D617468 
 3810              	.LASF31:
 3811 043e 5F5A4E4B 		.ascii	"_ZNK10Foundation4Math11FixedMatrixIfLj4ELj4EE4DataE"
 3811      3130466F 
 3811      756E6461 
 3811      74696F6E 
 3811      344D6174 
 3812 0471 7600     		.ascii	"v\000"
 3813              	.LASF41:
 3814 0473 6F706572 		.ascii	"operator+=\000"
 3814      61746F72 
 3814      2B3D00
 3815              	.LASF15:
 3816 047e 63686172 		.ascii	"char\000"
 3816      00
 3817              	.LASF93:
 3818 0483 55415254 		.ascii	"UART_PutString\000"
 3818      5F507574 
 3818      53747269 
 3818      6E6700
 3819              	.LASF62:
 3820 0492 5F5A4E4B 		.ascii	"_ZNK10Foundation4Math11FixedMatrixIfLj4ELj4EE10Tran"
 3820      3130466F 
 3820      756E6461 
 3820      74696F6E 
 3820      344D6174 
 3821 04c5 73706F73 		.ascii	"sposedEv\000"
 3821      65644576 
 3821      00
 3822              	.LASF32:
 3823 04ce 5F5A4E31 		.ascii	"_ZN10Foundation4Math11FixedMatrixIfLj4ELj4EE2AtEjj\000"
 3823      30466F75 
 3823      6E646174 
 3823      696F6E34 
 3823      4D617468 
 3824              	.LASF65:
 3825 0501 436F6C73 		.ascii	"Cols\000"
 3825      00
ARM GAS  C:\Users\PC\AppData\Local\Temp\ccyBAMgs.s 			page 79


 3826              	.LASF75:
 3827 0506 4D6F746F 		.ascii	"Motors_Start\000"
 3827      72735F53 
 3827      74617274 
 3827      00
 3828              	.LASF61:
 3829 0513 5472616E 		.ascii	"Transposed\000"
 3829      73706F73 
 3829      656400
 3830              	.LASF105:
 3831 051e 5A65726F 		.ascii	"Zeros\000"
 3831      7300
 3832              	.LASF18:
 3833 0524 46697865 		.ascii	"FixedMatrix\000"
 3833      644D6174 
 3833      72697800 
 3834              	.LASF10:
 3835 0530 6C6F6E67 		.ascii	"long long int\000"
 3835      206C6F6E 
 3835      6720696E 
 3835      7400
 3836              	.LASF35:
 3837 053e 5F5A4E31 		.ascii	"_ZN10Foundation4Math11FixedMatrixIfLj4ELj4EEixEj\000"
 3837      30466F75 
 3837      6E646174 
 3837      696F6E34 
 3837      4D617468 
 3838              	.LASF69:
 3839 056f 626F6F6C 		.ascii	"bool\000"
 3839      00
 3840              	.LASF38:
 3841 0574 5F5A4E4B 		.ascii	"_ZNK10Foundation4Math11FixedMatrixIfLj4ELj4EEplERKS"
 3841      3130466F 
 3841      756E6461 
 3841      74696F6E 
 3841      344D6174 
 3842 05a7 325F00   		.ascii	"2_\000"
 3843              	.LASF43:
 3844 05aa 6F706572 		.ascii	"operator-=\000"
 3844      61746F72 
 3844      2D3D00
 3845              	.LASF45:
 3846 05b5 6F706572 		.ascii	"operator*\000"
 3846      61746F72 
 3846      2A00
 3847              	.LASF37:
 3848 05bf 6F706572 		.ascii	"operator+\000"
 3848      61746F72 
 3848      2B00
 3849              	.LASF39:
 3850 05c9 6F706572 		.ascii	"operator-\000"
 3850      61746F72 
 3850      2D00
 3851              	.LASF47:
 3852 05d3 6F706572 		.ascii	"operator/\000"
 3852      61746F72 
 3852      2F00
ARM GAS  C:\Users\PC\AppData\Local\Temp\ccyBAMgs.s 			page 80


 3853              	.LASF110:
 3854 05dd 5F5A4E31 		.ascii	"_ZN10Foundation4Math8MultiplyIfLj4ELj4ELj4EEEvRKNS0"
 3854      30466F75 
 3854      6E646174 
 3854      696F6E34 
 3854      4D617468 
 3855 0610 5F313146 		.ascii	"_11FixedMatrixIT_XT0_EXT1_EEERKNS2_IS3_XT1_EXT2_EEE"
 3855      69786564 
 3855      4D617472 
 3855      69784954 
 3855      5F585430 
 3856 0643 524E5332 		.ascii	"RNS2_IS3_XT0_EXT2_EEE\000"
 3856      5F495333 
 3856      5F585430 
 3856      5F455854 
 3856      325F4545 
 3857              	.LASF23:
 3858 0659 6F706572 		.ascii	"operator=\000"
 3858      61746F72 
 3858      3D00
 3859              	.LASF98:
 3860 0663 6D61696E 		.ascii	"main.cpp\000"
 3860      2E637070 
 3860      00
 3861              	.LASF30:
 3862 066c 5F5A4E31 		.ascii	"_ZN10Foundation4Math11FixedMatrixIfLj4ELj4EE4DataEv"
 3862      30466F75 
 3862      6E646174 
 3862      696F6E34 
 3862      4D617468 
 3863 069f 00       		.ascii	"\000"
 3864              	.LASF71:
 3865 06a0 48617264 		.ascii	"Hardware\000"
 3865      77617265 
 3865      00
 3866              	.LASF34:
 3867 06a9 6F706572 		.ascii	"operator[]\000"
 3867      61746F72 
 3867      5B5D00
 3868              	.LASF48:
 3869 06b4 5F5A4E4B 		.ascii	"_ZNK10Foundation4Math11FixedMatrixIfLj4ELj4EEdvEf\000"
 3869      3130466F 
 3869      756E6461 
 3869      74696F6E 
 3869      344D6174 
 3870              	.LASF107:
 3871 06e6 44656754 		.ascii	"DegToRad\000"
 3871      6F526164 
 3871      00
 3872              	.LASF20:
 3873 06ef 5F5A4E31 		.ascii	"_ZN10Foundation4Math11FixedMatrixIfLj4ELj4EEC4Ef\000"
 3873      30466F75 
 3873      6E646174 
 3873      696F6E34 
 3873      4D617468 
 3874              	.LASF79:
 3875 0720 5072696E 		.ascii	"PrintMatrix4x4\000"
ARM GAS  C:\Users\PC\AppData\Local\Temp\ccyBAMgs.s 			page 81


 3875      744D6174 
 3875      72697834 
 3875      783400
 3876              	.LASF16:
 3877 072f 6C6F6E67 		.ascii	"long double\000"
 3877      20646F75 
 3877      626C6500 
 3878              	.LASF92:
 3879 073b 73707269 		.ascii	"sprintf\000"
 3879      6E746600 
 3880              	.LASF19:
 3881 0743 5F5A4E31 		.ascii	"_ZN10Foundation4Math11FixedMatrixIfLj4ELj4EEC4Ev\000"
 3881      30466F75 
 3881      6E646174 
 3881      696F6E34 
 3881      4D617468 
 3882              	.LASF112:
 3883 0774 5F5A4E38 		.ascii	"_ZN8Hardware5StartEv\000"
 3883      48617264 
 3883      77617265 
 3883      35537461 
 3883      72744576 
 3884              	.LASF51:
 3885 0789 6F706572 		.ascii	"operator/=\000"
 3885      61746F72 
 3885      2F3D00
 3886              	.LASF84:
 3887 0794 76616C75 		.ascii	"value\000"
 3887      6500
 3888              	.LASF4:
 3889 079a 73686F72 		.ascii	"short int\000"
 3889      7420696E 
 3889      7400
 3890              	.LASF59:
 3891 07a4 5F5A4E31 		.ascii	"_ZN10Foundation4Math11FixedMatrixIfLj4ELj4EE4FillEf"
 3891      30466F75 
 3891      6E646174 
 3891      696F6E34 
 3891      4D617468 
 3892 07d7 00       		.ascii	"\000"
 3893              	.LASF6:
 3894 07d8 6C6F6E67 		.ascii	"long int\000"
 3894      20696E74 
 3894      00
 3895              	.LASF91:
 3896 07e1 49544D5F 		.ascii	"ITM_RxBuffer\000"
 3896      52784275 
 3896      66666572 
 3896      00
 3897              	.LASF74:
 3898 07ee 53657276 		.ascii	"Servos_Start\000"
 3898      6F735F53 
 3898      74617274 
 3898      00
 3899              	.LASF108:
 3900 07fb 5F5A4E31 		.ascii	"_ZN10Foundation4Math8DegToRadEf\000"
 3900      30466F75 
ARM GAS  C:\Users\PC\AppData\Local\Temp\ccyBAMgs.s 			page 82


 3900      6E646174 
 3900      696F6E34 
 3900      4D617468 
 3901              	.LASF40:
 3902 081b 5F5A4E4B 		.ascii	"_ZNK10Foundation4Math11FixedMatrixIfLj4ELj4EEmiERKS"
 3902      3130466F 
 3902      756E6461 
 3902      74696F6E 
 3902      344D6174 
 3903 084e 325F00   		.ascii	"2_\000"
 3904              	.LASF53:
 3905 0851 6F706572 		.ascii	"operator==\000"
 3905      61746F72 
 3905      3D3D00
 3906              	.LASF103:
 3907 085c 5F646174 		.ascii	"_data\000"
 3907      6100
 3908              	.LASF55:
 3909 0862 6F706572 		.ascii	"operator!=\000"
 3909      61746F72 
 3909      213D00
 3910              	.LASF96:
 3911 086d 55415254 		.ascii	"UART_Start\000"
 3911      5F537461 
 3911      727400
 3912              	.LASF95:
 3913 0878 73696E66 		.ascii	"sinf\000"
 3913      00
 3914              	.LASF17:
 3915 087d 73697A65 		.ascii	"sizetype\000"
 3915      74797065 
 3915      00
 3916              	.LASF9:
 3917 0886 6C6F6E67 		.ascii	"long unsigned int\000"
 3917      20756E73 
 3917      69676E65 
 3917      6420696E 
 3917      7400
 3918              	.LASF57:
 3919 0898 46696C6C 		.ascii	"Fill\000"
 3919      00
 3920              	.LASF109:
 3921 089d 4D756C74 		.ascii	"Multiply<float, 4u, 4u, 4u>\000"
 3921      69706C79 
 3921      3C666C6F 
 3921      61742C20 
 3921      34752C20 
 3922              	.LASF82:
 3923 08b9 616C7068 		.ascii	"alpha\000"
 3923      6100
 3924              	.LASF13:
 3925 08bf 696E7433 		.ascii	"int32_t\000"
 3925      325F7400 
 3926              	.LASF42:
 3927 08c7 5F5A4E31 		.ascii	"_ZN10Foundation4Math11FixedMatrixIfLj4ELj4EEpLERKS2"
 3927      30466F75 
 3927      6E646174 
ARM GAS  C:\Users\PC\AppData\Local\Temp\ccyBAMgs.s 			page 83


 3927      696F6E34 
 3927      4D617468 
 3928 08fa 5F00     		.ascii	"_\000"
 3929              	.LASF46:
 3930 08fc 5F5A4E4B 		.ascii	"_ZNK10Foundation4Math11FixedMatrixIfLj4ELj4EEmlEf\000"
 3930      3130466F 
 3930      756E6461 
 3930      74696F6E 
 3930      344D6174 
 3931              	.LASF64:
 3932 092e 526F7773 		.ascii	"Rows\000"
 3932      00
 3933              	.LASF3:
 3934 0933 756E7369 		.ascii	"unsigned char\000"
 3934      676E6564 
 3934      20636861 
 3934      7200
 3935              	.LASF8:
 3936 0941 5F5F7569 		.ascii	"__uint32_t\000"
 3936      6E743332 
 3936      5F7400
 3937              	.LASF21:
 3938 094c 5F5A4E31 		.ascii	"_ZN10Foundation4Math11FixedMatrixIfLj4ELj4EEC4ERA4_"
 3938      30466F75 
 3938      6E646174 
 3938      696F6E34 
 3938      4D617468 
 3939 097f 41345F4B 		.ascii	"A4_Kf\000"
 3939      6600
 3940              	.LASF113:
 3941 0985 5F5A4E31 		.ascii	"_ZN10Foundation4Math11FixedMatrixIfLj4ELj4EEC2Ev\000"
 3941      30466F75 
 3941      6E646174 
 3941      696F6E34 
 3941      4D617468 
 3942              	.LASF100:
 3943 09b6 6465636C 		.ascii	"decltype(nullptr)\000"
 3943      74797065 
 3943      286E756C 
 3943      6C707472 
 3943      2900
 3944              	.LASF26:
 3945 09c8 5F5A4E4B 		.ascii	"_ZNK10Foundation4Math11FixedMatrixIfLj4ELj4EE9RowsC"
 3945      3130466F 
 3945      756E6461 
 3945      74696F6E 
 3945      344D6174 
 3946 09fb 6F756E74 		.ascii	"ountEv\000"
 3946      457600
 3947              	.LASF60:
 3948 0a02 5F5A4E31 		.ascii	"_ZN10Foundation4Math11FixedMatrixIfLj4ELj4EE4ZeroEv"
 3948      30466F75 
 3948      6E646174 
 3948      696F6E34 
 3948      4D617468 
 3949 0a35 00       		.ascii	"\000"
 3950              	.LASF27:
ARM GAS  C:\Users\PC\AppData\Local\Temp\ccyBAMgs.s 			page 84


 3951 0a36 436F6C73 		.ascii	"ColsCount\000"
 3951      436F756E 
 3951      7400
 3952              	.LASF88:
 3953 0a40 616C7068 		.ascii	"alpha1\000"
 3953      613100
 3954              	.LASF89:
 3955 0a47 616C7068 		.ascii	"alpha2\000"
 3955      613200
 3956              	.LASF90:
 3957 0a4e 616C7068 		.ascii	"alpha3\000"
 3957      613300
 3958              	.LASF2:
 3959 0a55 7369676E 		.ascii	"signed char\000"
 3959      65642063 
 3959      68617200 
 3960              	.LASF5:
 3961 0a61 73686F72 		.ascii	"short unsigned int\000"
 3961      7420756E 
 3961      7369676E 
 3961      65642069 
 3961      6E7400
 3962              	.LASF114:
 3963 0a74 6D61696E 		.ascii	"main\000"
 3963      00
 3964              	.LASF77:
 3965 0a79 74686973 		.ascii	"this\000"
 3965      00
 3966              	.LASF56:
 3967 0a7e 5F5A4E4B 		.ascii	"_ZNK10Foundation4Math11FixedMatrixIfLj4ELj4EEneERKS"
 3967      3130466F 
 3967      756E6461 
 3967      74696F6E 
 3967      344D6174 
 3968 0ab1 325F00   		.ascii	"2_\000"
 3969              	.LASF1:
 3970 0ab4 646F7562 		.ascii	"double\000"
 3970      6C6500
 3971              	.LASF73:
 3972 0abb 5F5A4E38 		.ascii	"_ZN8Hardware12Motors_StartEv\000"
 3972      48617264 
 3972      77617265 
 3972      31324D6F 
 3972      746F7273 
 3973              	.LASF29:
 3974 0ad8 44617461 		.ascii	"Data\000"
 3974      00
 3975              		.ident	"GCC: (GNU Tools for ARM Embedded Processors) 5.4.1 20160609 (release) [ARM/embedded-5-bran
