ARM GAS  C:\Users\PC\AppData\Local\Temp\ccR3xtdr.s 			page 1


   1              		.syntax unified
   2              		.cpu cortex-m3
   3              		.fpu softvfp
   4              		.eabi_attribute 20, 1
   5              		.eabi_attribute 21, 1
   6              		.eabi_attribute 23, 3
   7              		.eabi_attribute 24, 1
   8              		.eabi_attribute 25, 1
   9              		.eabi_attribute 26, 1
  10              		.eabi_attribute 30, 1
  11              		.eabi_attribute 34, 1
  12              		.eabi_attribute 18, 4
  13              		.thumb
  14              		.syntax unified
  15              		.file	"ServoAB.c"
  16              		.text
  17              	.Ltext0:
  18              		.cfi_sections	.debug_frame
  19              		.section	.text.ServoAB_Enable,"ax",%progbits
  20              		.align	2
  21              		.global	ServoAB_Enable
  22              		.thumb
  23              		.thumb_func
  24              		.type	ServoAB_Enable, %function
  25              	ServoAB_Enable:
  26              	.LFB2:
  27              		.file 1 "Generated_Source\\PSoC5\\ServoAB.c"
   1:Generated_Source\PSoC5/ServoAB.c **** /*******************************************************************************
   2:Generated_Source\PSoC5/ServoAB.c **** * File Name: ServoAB.c
   3:Generated_Source\PSoC5/ServoAB.c **** * Version 3.30
   4:Generated_Source\PSoC5/ServoAB.c **** *
   5:Generated_Source\PSoC5/ServoAB.c **** * Description:
   6:Generated_Source\PSoC5/ServoAB.c **** *  The PWM User Module consist of an 8 or 16-bit counter with two 8 or 16-bit
   7:Generated_Source\PSoC5/ServoAB.c **** *  comparitors. Each instance of this user module is capable of generating
   8:Generated_Source\PSoC5/ServoAB.c **** *  two PWM outputs with the same period. The pulse width is selectable between
   9:Generated_Source\PSoC5/ServoAB.c **** *  1 and 255/65535. The period is selectable between 2 and 255/65536 clocks.
  10:Generated_Source\PSoC5/ServoAB.c **** *  The compare value output may be configured to be active when the present
  11:Generated_Source\PSoC5/ServoAB.c **** *  counter is less than or less than/equal to the compare value.
  12:Generated_Source\PSoC5/ServoAB.c **** *  A terminal count output is also provided. It generates a pulse one clock
  13:Generated_Source\PSoC5/ServoAB.c **** *  width wide when the counter is equal to zero.
  14:Generated_Source\PSoC5/ServoAB.c **** *
  15:Generated_Source\PSoC5/ServoAB.c **** * Note:
  16:Generated_Source\PSoC5/ServoAB.c **** *
  17:Generated_Source\PSoC5/ServoAB.c **** *******************************************************************************
  18:Generated_Source\PSoC5/ServoAB.c **** * Copyright 2008-2014, Cypress Semiconductor Corporation.  All rights reserved.
  19:Generated_Source\PSoC5/ServoAB.c **** * You may use this file only in accordance with the license, terms, conditions,
  20:Generated_Source\PSoC5/ServoAB.c **** * disclaimers, and limitations in the end user license agreement accompanying
  21:Generated_Source\PSoC5/ServoAB.c **** * the software package with which this file was provided.
  22:Generated_Source\PSoC5/ServoAB.c **** ********************************************************************************/
  23:Generated_Source\PSoC5/ServoAB.c **** 
  24:Generated_Source\PSoC5/ServoAB.c **** #include "ServoAB.h"
  25:Generated_Source\PSoC5/ServoAB.c **** 
  26:Generated_Source\PSoC5/ServoAB.c **** /* Error message for removed <resource> through optimization */
  27:Generated_Source\PSoC5/ServoAB.c **** #ifdef ServoAB_PWMUDB_genblk1_ctrlreg__REMOVED
  28:Generated_Source\PSoC5/ServoAB.c ****     #error PWM_v3_30 detected with a constant 0 for the enable or \
  29:Generated_Source\PSoC5/ServoAB.c ****          constant 1 for reset. This will prevent the component from operating.
  30:Generated_Source\PSoC5/ServoAB.c **** #endif /* ServoAB_PWMUDB_genblk1_ctrlreg__REMOVED */
ARM GAS  C:\Users\PC\AppData\Local\Temp\ccR3xtdr.s 			page 2


  31:Generated_Source\PSoC5/ServoAB.c **** 
  32:Generated_Source\PSoC5/ServoAB.c **** uint8 ServoAB_initVar = 0u;
  33:Generated_Source\PSoC5/ServoAB.c **** 
  34:Generated_Source\PSoC5/ServoAB.c **** 
  35:Generated_Source\PSoC5/ServoAB.c **** /*******************************************************************************
  36:Generated_Source\PSoC5/ServoAB.c **** * Function Name: ServoAB_Start
  37:Generated_Source\PSoC5/ServoAB.c **** ********************************************************************************
  38:Generated_Source\PSoC5/ServoAB.c **** *
  39:Generated_Source\PSoC5/ServoAB.c **** * Summary:
  40:Generated_Source\PSoC5/ServoAB.c **** *  The start function initializes the pwm with the default values, the
  41:Generated_Source\PSoC5/ServoAB.c **** *  enables the counter to begin counting.  It does not enable interrupts,
  42:Generated_Source\PSoC5/ServoAB.c **** *  the EnableInt command should be called if interrupt generation is required.
  43:Generated_Source\PSoC5/ServoAB.c **** *
  44:Generated_Source\PSoC5/ServoAB.c **** * Parameters:
  45:Generated_Source\PSoC5/ServoAB.c **** *  None
  46:Generated_Source\PSoC5/ServoAB.c **** *
  47:Generated_Source\PSoC5/ServoAB.c **** * Return:
  48:Generated_Source\PSoC5/ServoAB.c **** *  None
  49:Generated_Source\PSoC5/ServoAB.c **** *
  50:Generated_Source\PSoC5/ServoAB.c **** * Global variables:
  51:Generated_Source\PSoC5/ServoAB.c **** *  ServoAB_initVar: Is modified when this function is called for the
  52:Generated_Source\PSoC5/ServoAB.c **** *   first time. Is used to ensure that initialization happens only once.
  53:Generated_Source\PSoC5/ServoAB.c **** *
  54:Generated_Source\PSoC5/ServoAB.c **** *******************************************************************************/
  55:Generated_Source\PSoC5/ServoAB.c **** void ServoAB_Start(void) 
  56:Generated_Source\PSoC5/ServoAB.c **** {
  57:Generated_Source\PSoC5/ServoAB.c ****     /* If not Initialized then initialize all required hardware and software */
  58:Generated_Source\PSoC5/ServoAB.c ****     if(ServoAB_initVar == 0u)
  59:Generated_Source\PSoC5/ServoAB.c ****     {
  60:Generated_Source\PSoC5/ServoAB.c ****         ServoAB_Init();
  61:Generated_Source\PSoC5/ServoAB.c ****         ServoAB_initVar = 1u;
  62:Generated_Source\PSoC5/ServoAB.c ****     }
  63:Generated_Source\PSoC5/ServoAB.c ****     ServoAB_Enable();
  64:Generated_Source\PSoC5/ServoAB.c **** 
  65:Generated_Source\PSoC5/ServoAB.c **** }
  66:Generated_Source\PSoC5/ServoAB.c **** 
  67:Generated_Source\PSoC5/ServoAB.c **** 
  68:Generated_Source\PSoC5/ServoAB.c **** /*******************************************************************************
  69:Generated_Source\PSoC5/ServoAB.c **** * Function Name: ServoAB_Init
  70:Generated_Source\PSoC5/ServoAB.c **** ********************************************************************************
  71:Generated_Source\PSoC5/ServoAB.c **** *
  72:Generated_Source\PSoC5/ServoAB.c **** * Summary:
  73:Generated_Source\PSoC5/ServoAB.c **** *  Initialize component's parameters to the parameters set by user in the
  74:Generated_Source\PSoC5/ServoAB.c **** *  customizer of the component placed onto schematic. Usually called in
  75:Generated_Source\PSoC5/ServoAB.c **** *  ServoAB_Start().
  76:Generated_Source\PSoC5/ServoAB.c **** *
  77:Generated_Source\PSoC5/ServoAB.c **** * Parameters:
  78:Generated_Source\PSoC5/ServoAB.c **** *  None
  79:Generated_Source\PSoC5/ServoAB.c **** *
  80:Generated_Source\PSoC5/ServoAB.c **** * Return:
  81:Generated_Source\PSoC5/ServoAB.c **** *  None
  82:Generated_Source\PSoC5/ServoAB.c **** *
  83:Generated_Source\PSoC5/ServoAB.c **** *******************************************************************************/
  84:Generated_Source\PSoC5/ServoAB.c **** void ServoAB_Init(void) 
  85:Generated_Source\PSoC5/ServoAB.c **** {
  86:Generated_Source\PSoC5/ServoAB.c ****     #if (ServoAB_UsingFixedFunction || ServoAB_UseControl)
  87:Generated_Source\PSoC5/ServoAB.c ****         uint8 ctrl;
ARM GAS  C:\Users\PC\AppData\Local\Temp\ccR3xtdr.s 			page 3


  88:Generated_Source\PSoC5/ServoAB.c ****     #endif /* (ServoAB_UsingFixedFunction || ServoAB_UseControl) */
  89:Generated_Source\PSoC5/ServoAB.c **** 
  90:Generated_Source\PSoC5/ServoAB.c ****     #if(!ServoAB_UsingFixedFunction)
  91:Generated_Source\PSoC5/ServoAB.c ****         #if(ServoAB_UseStatus)
  92:Generated_Source\PSoC5/ServoAB.c ****             /* Interrupt State Backup for Critical Region*/
  93:Generated_Source\PSoC5/ServoAB.c ****             uint8 ServoAB_interruptState;
  94:Generated_Source\PSoC5/ServoAB.c ****         #endif /* (ServoAB_UseStatus) */
  95:Generated_Source\PSoC5/ServoAB.c ****     #endif /* (!ServoAB_UsingFixedFunction) */
  96:Generated_Source\PSoC5/ServoAB.c **** 
  97:Generated_Source\PSoC5/ServoAB.c ****     #if (ServoAB_UsingFixedFunction)
  98:Generated_Source\PSoC5/ServoAB.c ****         /* You are allowed to write the compare value (FF only) */
  99:Generated_Source\PSoC5/ServoAB.c ****         ServoAB_CONTROL |= ServoAB_CFG0_MODE;
 100:Generated_Source\PSoC5/ServoAB.c ****         #if (ServoAB_DeadBand2_4)
 101:Generated_Source\PSoC5/ServoAB.c ****             ServoAB_CONTROL |= ServoAB_CFG0_DB;
 102:Generated_Source\PSoC5/ServoAB.c ****         #endif /* (ServoAB_DeadBand2_4) */
 103:Generated_Source\PSoC5/ServoAB.c **** 
 104:Generated_Source\PSoC5/ServoAB.c ****         ctrl = ServoAB_CONTROL3 & ((uint8 )(~ServoAB_CTRL_CMPMODE1_MASK));
 105:Generated_Source\PSoC5/ServoAB.c ****         ServoAB_CONTROL3 = ctrl | ServoAB_DEFAULT_COMPARE1_MODE;
 106:Generated_Source\PSoC5/ServoAB.c **** 
 107:Generated_Source\PSoC5/ServoAB.c ****          /* Clear and Set SYNCTC and SYNCCMP bits of RT1 register */
 108:Generated_Source\PSoC5/ServoAB.c ****         ServoAB_RT1 &= ((uint8)(~ServoAB_RT1_MASK));
 109:Generated_Source\PSoC5/ServoAB.c ****         ServoAB_RT1 |= ServoAB_SYNC;
 110:Generated_Source\PSoC5/ServoAB.c **** 
 111:Generated_Source\PSoC5/ServoAB.c ****         /*Enable DSI Sync all all inputs of the PWM*/
 112:Generated_Source\PSoC5/ServoAB.c ****         ServoAB_RT1 &= ((uint8)(~ServoAB_SYNCDSI_MASK));
 113:Generated_Source\PSoC5/ServoAB.c ****         ServoAB_RT1 |= ServoAB_SYNCDSI_EN;
 114:Generated_Source\PSoC5/ServoAB.c **** 
 115:Generated_Source\PSoC5/ServoAB.c ****     #elif (ServoAB_UseControl)
 116:Generated_Source\PSoC5/ServoAB.c ****         /* Set the default compare mode defined in the parameter */
 117:Generated_Source\PSoC5/ServoAB.c ****         ctrl = ServoAB_CONTROL & ((uint8)(~ServoAB_CTRL_CMPMODE2_MASK)) &
 118:Generated_Source\PSoC5/ServoAB.c ****                 ((uint8)(~ServoAB_CTRL_CMPMODE1_MASK));
 119:Generated_Source\PSoC5/ServoAB.c ****         ServoAB_CONTROL = ctrl | ServoAB_DEFAULT_COMPARE2_MODE |
 120:Generated_Source\PSoC5/ServoAB.c ****                                    ServoAB_DEFAULT_COMPARE1_MODE;
 121:Generated_Source\PSoC5/ServoAB.c ****     #endif /* (ServoAB_UsingFixedFunction) */
 122:Generated_Source\PSoC5/ServoAB.c **** 
 123:Generated_Source\PSoC5/ServoAB.c ****     #if (!ServoAB_UsingFixedFunction)
 124:Generated_Source\PSoC5/ServoAB.c ****         #if (ServoAB_Resolution == 8)
 125:Generated_Source\PSoC5/ServoAB.c ****             /* Set FIFO 0 to 1 byte register for period*/
 126:Generated_Source\PSoC5/ServoAB.c ****             ServoAB_AUX_CONTROLDP0 |= (ServoAB_AUX_CTRL_FIFO0_CLR);
 127:Generated_Source\PSoC5/ServoAB.c ****         #else /* (ServoAB_Resolution == 16)*/
 128:Generated_Source\PSoC5/ServoAB.c ****             /* Set FIFO 0 to 1 byte register for period */
 129:Generated_Source\PSoC5/ServoAB.c ****             ServoAB_AUX_CONTROLDP0 |= (ServoAB_AUX_CTRL_FIFO0_CLR);
 130:Generated_Source\PSoC5/ServoAB.c ****             ServoAB_AUX_CONTROLDP1 |= (ServoAB_AUX_CTRL_FIFO0_CLR);
 131:Generated_Source\PSoC5/ServoAB.c ****         #endif /* (ServoAB_Resolution == 8) */
 132:Generated_Source\PSoC5/ServoAB.c **** 
 133:Generated_Source\PSoC5/ServoAB.c ****         ServoAB_WriteCounter(ServoAB_INIT_PERIOD_VALUE);
 134:Generated_Source\PSoC5/ServoAB.c ****     #endif /* (!ServoAB_UsingFixedFunction) */
 135:Generated_Source\PSoC5/ServoAB.c **** 
 136:Generated_Source\PSoC5/ServoAB.c ****     ServoAB_WritePeriod(ServoAB_INIT_PERIOD_VALUE);
 137:Generated_Source\PSoC5/ServoAB.c **** 
 138:Generated_Source\PSoC5/ServoAB.c ****         #if (ServoAB_UseOneCompareMode)
 139:Generated_Source\PSoC5/ServoAB.c ****             ServoAB_WriteCompare(ServoAB_INIT_COMPARE_VALUE1);
 140:Generated_Source\PSoC5/ServoAB.c ****         #else
 141:Generated_Source\PSoC5/ServoAB.c ****             ServoAB_WriteCompare1(ServoAB_INIT_COMPARE_VALUE1);
 142:Generated_Source\PSoC5/ServoAB.c ****             ServoAB_WriteCompare2(ServoAB_INIT_COMPARE_VALUE2);
 143:Generated_Source\PSoC5/ServoAB.c ****         #endif /* (ServoAB_UseOneCompareMode) */
 144:Generated_Source\PSoC5/ServoAB.c **** 
ARM GAS  C:\Users\PC\AppData\Local\Temp\ccR3xtdr.s 			page 4


 145:Generated_Source\PSoC5/ServoAB.c ****         #if (ServoAB_KillModeMinTime)
 146:Generated_Source\PSoC5/ServoAB.c ****             ServoAB_WriteKillTime(ServoAB_MinimumKillTime);
 147:Generated_Source\PSoC5/ServoAB.c ****         #endif /* (ServoAB_KillModeMinTime) */
 148:Generated_Source\PSoC5/ServoAB.c **** 
 149:Generated_Source\PSoC5/ServoAB.c ****         #if (ServoAB_DeadBandUsed)
 150:Generated_Source\PSoC5/ServoAB.c ****             ServoAB_WriteDeadTime(ServoAB_INIT_DEAD_TIME);
 151:Generated_Source\PSoC5/ServoAB.c ****         #endif /* (ServoAB_DeadBandUsed) */
 152:Generated_Source\PSoC5/ServoAB.c **** 
 153:Generated_Source\PSoC5/ServoAB.c ****     #if (ServoAB_UseStatus || ServoAB_UsingFixedFunction)
 154:Generated_Source\PSoC5/ServoAB.c ****         ServoAB_SetInterruptMode(ServoAB_INIT_INTERRUPTS_MODE);
 155:Generated_Source\PSoC5/ServoAB.c ****     #endif /* (ServoAB_UseStatus || ServoAB_UsingFixedFunction) */
 156:Generated_Source\PSoC5/ServoAB.c **** 
 157:Generated_Source\PSoC5/ServoAB.c ****     #if (ServoAB_UsingFixedFunction)
 158:Generated_Source\PSoC5/ServoAB.c ****         /* Globally Enable the Fixed Function Block chosen */
 159:Generated_Source\PSoC5/ServoAB.c ****         ServoAB_GLOBAL_ENABLE |= ServoAB_BLOCK_EN_MASK;
 160:Generated_Source\PSoC5/ServoAB.c ****         /* Set the Interrupt source to come from the status register */
 161:Generated_Source\PSoC5/ServoAB.c ****         ServoAB_CONTROL2 |= ServoAB_CTRL2_IRQ_SEL;
 162:Generated_Source\PSoC5/ServoAB.c ****     #else
 163:Generated_Source\PSoC5/ServoAB.c ****         #if(ServoAB_UseStatus)
 164:Generated_Source\PSoC5/ServoAB.c **** 
 165:Generated_Source\PSoC5/ServoAB.c ****             /* CyEnterCriticalRegion and CyExitCriticalRegion are used to mark following region cri
 166:Generated_Source\PSoC5/ServoAB.c ****             /* Enter Critical Region*/
 167:Generated_Source\PSoC5/ServoAB.c ****             ServoAB_interruptState = CyEnterCriticalSection();
 168:Generated_Source\PSoC5/ServoAB.c ****             /* Use the interrupt output of the status register for IRQ output */
 169:Generated_Source\PSoC5/ServoAB.c ****             ServoAB_STATUS_AUX_CTRL |= ServoAB_STATUS_ACTL_INT_EN_MASK;
 170:Generated_Source\PSoC5/ServoAB.c **** 
 171:Generated_Source\PSoC5/ServoAB.c ****              /* Exit Critical Region*/
 172:Generated_Source\PSoC5/ServoAB.c ****             CyExitCriticalSection(ServoAB_interruptState);
 173:Generated_Source\PSoC5/ServoAB.c **** 
 174:Generated_Source\PSoC5/ServoAB.c ****             /* Clear the FIFO to enable the ServoAB_STATUS_FIFOFULL
 175:Generated_Source\PSoC5/ServoAB.c ****                    bit to be set on FIFO full. */
 176:Generated_Source\PSoC5/ServoAB.c ****             ServoAB_ClearFIFO();
 177:Generated_Source\PSoC5/ServoAB.c ****         #endif /* (ServoAB_UseStatus) */
 178:Generated_Source\PSoC5/ServoAB.c ****     #endif /* (ServoAB_UsingFixedFunction) */
 179:Generated_Source\PSoC5/ServoAB.c **** }
 180:Generated_Source\PSoC5/ServoAB.c **** 
 181:Generated_Source\PSoC5/ServoAB.c **** 
 182:Generated_Source\PSoC5/ServoAB.c **** /*******************************************************************************
 183:Generated_Source\PSoC5/ServoAB.c **** * Function Name: ServoAB_Enable
 184:Generated_Source\PSoC5/ServoAB.c **** ********************************************************************************
 185:Generated_Source\PSoC5/ServoAB.c **** *
 186:Generated_Source\PSoC5/ServoAB.c **** * Summary:
 187:Generated_Source\PSoC5/ServoAB.c **** *  Enables the PWM block operation
 188:Generated_Source\PSoC5/ServoAB.c **** *
 189:Generated_Source\PSoC5/ServoAB.c **** * Parameters:
 190:Generated_Source\PSoC5/ServoAB.c **** *  None
 191:Generated_Source\PSoC5/ServoAB.c **** *
 192:Generated_Source\PSoC5/ServoAB.c **** * Return:
 193:Generated_Source\PSoC5/ServoAB.c **** *  None
 194:Generated_Source\PSoC5/ServoAB.c **** *
 195:Generated_Source\PSoC5/ServoAB.c **** * Side Effects:
 196:Generated_Source\PSoC5/ServoAB.c **** *  This works only if software enable mode is chosen
 197:Generated_Source\PSoC5/ServoAB.c **** *
 198:Generated_Source\PSoC5/ServoAB.c **** *******************************************************************************/
 199:Generated_Source\PSoC5/ServoAB.c **** void ServoAB_Enable(void) 
 200:Generated_Source\PSoC5/ServoAB.c **** {
  28              		.loc 1 200 0
ARM GAS  C:\Users\PC\AppData\Local\Temp\ccR3xtdr.s 			page 5


  29              		.cfi_startproc
  30              		@ args = 0, pretend = 0, frame = 0
  31              		@ frame_needed = 0, uses_anonymous_args = 0
  32              		@ link register save eliminated.
 201:Generated_Source\PSoC5/ServoAB.c ****     /* Globally Enable the Fixed Function Block chosen */
 202:Generated_Source\PSoC5/ServoAB.c ****     #if (ServoAB_UsingFixedFunction)
 203:Generated_Source\PSoC5/ServoAB.c ****         ServoAB_GLOBAL_ENABLE |= ServoAB_BLOCK_EN_MASK;
 204:Generated_Source\PSoC5/ServoAB.c ****         ServoAB_GLOBAL_STBY_ENABLE |= ServoAB_BLOCK_STBY_EN_MASK;
 205:Generated_Source\PSoC5/ServoAB.c ****     #endif /* (ServoAB_UsingFixedFunction) */
 206:Generated_Source\PSoC5/ServoAB.c **** 
 207:Generated_Source\PSoC5/ServoAB.c ****     /* Enable the PWM from the control register  */
 208:Generated_Source\PSoC5/ServoAB.c ****     #if (ServoAB_UseControl || ServoAB_UsingFixedFunction)
 209:Generated_Source\PSoC5/ServoAB.c ****         ServoAB_CONTROL |= ServoAB_CTRL_ENABLE;
  33              		.loc 1 209 0
  34 0000 024A     		ldr	r2, .L2
  35 0002 1378     		ldrb	r3, [r2]	@ zero_extendqisi2
  36 0004 43F08003 		orr	r3, r3, #128
  37 0008 1370     		strb	r3, [r2]
  38 000a 7047     		bx	lr
  39              	.L3:
  40              		.align	2
  41              	.L2:
  42 000c 7A640040 		.word	1073767546
  43              		.cfi_endproc
  44              	.LFE2:
  45              		.size	ServoAB_Enable, .-ServoAB_Enable
  46              		.section	.text.ServoAB_Stop,"ax",%progbits
  47              		.align	2
  48              		.global	ServoAB_Stop
  49              		.thumb
  50              		.thumb_func
  51              		.type	ServoAB_Stop, %function
  52              	ServoAB_Stop:
  53              	.LFB3:
 210:Generated_Source\PSoC5/ServoAB.c ****     #endif /* (ServoAB_UseControl || ServoAB_UsingFixedFunction) */
 211:Generated_Source\PSoC5/ServoAB.c **** }
 212:Generated_Source\PSoC5/ServoAB.c **** 
 213:Generated_Source\PSoC5/ServoAB.c **** 
 214:Generated_Source\PSoC5/ServoAB.c **** /*******************************************************************************
 215:Generated_Source\PSoC5/ServoAB.c **** * Function Name: ServoAB_Stop
 216:Generated_Source\PSoC5/ServoAB.c **** ********************************************************************************
 217:Generated_Source\PSoC5/ServoAB.c **** *
 218:Generated_Source\PSoC5/ServoAB.c **** * Summary:
 219:Generated_Source\PSoC5/ServoAB.c **** *  The stop function halts the PWM, but does not change any modes or disable
 220:Generated_Source\PSoC5/ServoAB.c **** *  interrupts.
 221:Generated_Source\PSoC5/ServoAB.c **** *
 222:Generated_Source\PSoC5/ServoAB.c **** * Parameters:
 223:Generated_Source\PSoC5/ServoAB.c **** *  None
 224:Generated_Source\PSoC5/ServoAB.c **** *
 225:Generated_Source\PSoC5/ServoAB.c **** * Return:
 226:Generated_Source\PSoC5/ServoAB.c **** *  None
 227:Generated_Source\PSoC5/ServoAB.c **** *
 228:Generated_Source\PSoC5/ServoAB.c **** * Side Effects:
 229:Generated_Source\PSoC5/ServoAB.c **** *  If the Enable mode is set to Hardware only then this function
 230:Generated_Source\PSoC5/ServoAB.c **** *  has no effect on the operation of the PWM
 231:Generated_Source\PSoC5/ServoAB.c **** *
 232:Generated_Source\PSoC5/ServoAB.c **** *******************************************************************************/
ARM GAS  C:\Users\PC\AppData\Local\Temp\ccR3xtdr.s 			page 6


 233:Generated_Source\PSoC5/ServoAB.c **** void ServoAB_Stop(void) 
 234:Generated_Source\PSoC5/ServoAB.c **** {
  54              		.loc 1 234 0
  55              		.cfi_startproc
  56              		@ args = 0, pretend = 0, frame = 0
  57              		@ frame_needed = 0, uses_anonymous_args = 0
  58              		@ link register save eliminated.
 235:Generated_Source\PSoC5/ServoAB.c ****     #if (ServoAB_UseControl || ServoAB_UsingFixedFunction)
 236:Generated_Source\PSoC5/ServoAB.c ****         ServoAB_CONTROL &= ((uint8)(~ServoAB_CTRL_ENABLE));
  59              		.loc 1 236 0
  60 0000 024A     		ldr	r2, .L5
  61 0002 1378     		ldrb	r3, [r2]	@ zero_extendqisi2
  62 0004 03F07F03 		and	r3, r3, #127
  63 0008 1370     		strb	r3, [r2]
  64 000a 7047     		bx	lr
  65              	.L6:
  66              		.align	2
  67              	.L5:
  68 000c 7A640040 		.word	1073767546
  69              		.cfi_endproc
  70              	.LFE3:
  71              		.size	ServoAB_Stop, .-ServoAB_Stop
  72              		.section	.text.ServoAB_WriteCounter,"ax",%progbits
  73              		.align	2
  74              		.global	ServoAB_WriteCounter
  75              		.thumb
  76              		.thumb_func
  77              		.type	ServoAB_WriteCounter, %function
  78              	ServoAB_WriteCounter:
  79              	.LFB4:
 237:Generated_Source\PSoC5/ServoAB.c ****     #endif /* (ServoAB_UseControl || ServoAB_UsingFixedFunction) */
 238:Generated_Source\PSoC5/ServoAB.c **** 
 239:Generated_Source\PSoC5/ServoAB.c ****     /* Globally disable the Fixed Function Block chosen */
 240:Generated_Source\PSoC5/ServoAB.c ****     #if (ServoAB_UsingFixedFunction)
 241:Generated_Source\PSoC5/ServoAB.c ****         ServoAB_GLOBAL_ENABLE &= ((uint8)(~ServoAB_BLOCK_EN_MASK));
 242:Generated_Source\PSoC5/ServoAB.c ****         ServoAB_GLOBAL_STBY_ENABLE &= ((uint8)(~ServoAB_BLOCK_STBY_EN_MASK));
 243:Generated_Source\PSoC5/ServoAB.c ****     #endif /* (ServoAB_UsingFixedFunction) */
 244:Generated_Source\PSoC5/ServoAB.c **** }
 245:Generated_Source\PSoC5/ServoAB.c **** 
 246:Generated_Source\PSoC5/ServoAB.c **** #if (ServoAB_UseOneCompareMode)
 247:Generated_Source\PSoC5/ServoAB.c ****     #if (ServoAB_CompareMode1SW)
 248:Generated_Source\PSoC5/ServoAB.c **** 
 249:Generated_Source\PSoC5/ServoAB.c **** 
 250:Generated_Source\PSoC5/ServoAB.c ****         /*******************************************************************************
 251:Generated_Source\PSoC5/ServoAB.c ****         * Function Name: ServoAB_SetCompareMode
 252:Generated_Source\PSoC5/ServoAB.c ****         ********************************************************************************
 253:Generated_Source\PSoC5/ServoAB.c ****         *
 254:Generated_Source\PSoC5/ServoAB.c ****         * Summary:
 255:Generated_Source\PSoC5/ServoAB.c ****         *  This function writes the Compare Mode for the pwm output when in Dither mode,
 256:Generated_Source\PSoC5/ServoAB.c ****         *  Center Align Mode or One Output Mode.
 257:Generated_Source\PSoC5/ServoAB.c ****         *
 258:Generated_Source\PSoC5/ServoAB.c ****         * Parameters:
 259:Generated_Source\PSoC5/ServoAB.c ****         *  comparemode:  The new compare mode for the PWM output. Use the compare types
 260:Generated_Source\PSoC5/ServoAB.c ****         *                defined in the H file as input arguments.
 261:Generated_Source\PSoC5/ServoAB.c ****         *
 262:Generated_Source\PSoC5/ServoAB.c ****         * Return:
 263:Generated_Source\PSoC5/ServoAB.c ****         *  None
ARM GAS  C:\Users\PC\AppData\Local\Temp\ccR3xtdr.s 			page 7


 264:Generated_Source\PSoC5/ServoAB.c ****         *
 265:Generated_Source\PSoC5/ServoAB.c ****         *******************************************************************************/
 266:Generated_Source\PSoC5/ServoAB.c ****         void ServoAB_SetCompareMode(uint8 comparemode) 
 267:Generated_Source\PSoC5/ServoAB.c ****         {
 268:Generated_Source\PSoC5/ServoAB.c ****             #if(ServoAB_UsingFixedFunction)
 269:Generated_Source\PSoC5/ServoAB.c **** 
 270:Generated_Source\PSoC5/ServoAB.c ****                 #if(0 != ServoAB_CTRL_CMPMODE1_SHIFT)
 271:Generated_Source\PSoC5/ServoAB.c ****                     uint8 comparemodemasked = ((uint8)((uint8)comparemode << ServoAB_CTRL_CMPMODE1_
 272:Generated_Source\PSoC5/ServoAB.c ****                 #else
 273:Generated_Source\PSoC5/ServoAB.c ****                     uint8 comparemodemasked = comparemode;
 274:Generated_Source\PSoC5/ServoAB.c ****                 #endif /* (0 != ServoAB_CTRL_CMPMODE1_SHIFT) */
 275:Generated_Source\PSoC5/ServoAB.c **** 
 276:Generated_Source\PSoC5/ServoAB.c ****                 ServoAB_CONTROL3 &= ((uint8)(~ServoAB_CTRL_CMPMODE1_MASK)); /*Clear Existing Data *
 277:Generated_Source\PSoC5/ServoAB.c ****                 ServoAB_CONTROL3 |= comparemodemasked;
 278:Generated_Source\PSoC5/ServoAB.c **** 
 279:Generated_Source\PSoC5/ServoAB.c ****             #elif (ServoAB_UseControl)
 280:Generated_Source\PSoC5/ServoAB.c **** 
 281:Generated_Source\PSoC5/ServoAB.c ****                 #if(0 != ServoAB_CTRL_CMPMODE1_SHIFT)
 282:Generated_Source\PSoC5/ServoAB.c ****                     uint8 comparemode1masked = ((uint8)((uint8)comparemode << ServoAB_CTRL_CMPMODE1
 283:Generated_Source\PSoC5/ServoAB.c ****                                                 ServoAB_CTRL_CMPMODE1_MASK;
 284:Generated_Source\PSoC5/ServoAB.c ****                 #else
 285:Generated_Source\PSoC5/ServoAB.c ****                     uint8 comparemode1masked = comparemode & ServoAB_CTRL_CMPMODE1_MASK;
 286:Generated_Source\PSoC5/ServoAB.c ****                 #endif /* (0 != ServoAB_CTRL_CMPMODE1_SHIFT) */
 287:Generated_Source\PSoC5/ServoAB.c **** 
 288:Generated_Source\PSoC5/ServoAB.c ****                 #if(0 != ServoAB_CTRL_CMPMODE2_SHIFT)
 289:Generated_Source\PSoC5/ServoAB.c ****                     uint8 comparemode2masked = ((uint8)((uint8)comparemode << ServoAB_CTRL_CMPMODE2
 290:Generated_Source\PSoC5/ServoAB.c ****                                                ServoAB_CTRL_CMPMODE2_MASK;
 291:Generated_Source\PSoC5/ServoAB.c ****                 #else
 292:Generated_Source\PSoC5/ServoAB.c ****                     uint8 comparemode2masked = comparemode & ServoAB_CTRL_CMPMODE2_MASK;
 293:Generated_Source\PSoC5/ServoAB.c ****                 #endif /* (0 != ServoAB_CTRL_CMPMODE2_SHIFT) */
 294:Generated_Source\PSoC5/ServoAB.c **** 
 295:Generated_Source\PSoC5/ServoAB.c ****                 /*Clear existing mode */
 296:Generated_Source\PSoC5/ServoAB.c ****                 ServoAB_CONTROL &= ((uint8)(~(ServoAB_CTRL_CMPMODE1_MASK |
 297:Generated_Source\PSoC5/ServoAB.c ****                                             ServoAB_CTRL_CMPMODE2_MASK)));
 298:Generated_Source\PSoC5/ServoAB.c ****                 ServoAB_CONTROL |= (comparemode1masked | comparemode2masked);
 299:Generated_Source\PSoC5/ServoAB.c **** 
 300:Generated_Source\PSoC5/ServoAB.c ****             #else
 301:Generated_Source\PSoC5/ServoAB.c ****                 uint8 temp = comparemode;
 302:Generated_Source\PSoC5/ServoAB.c ****             #endif /* (ServoAB_UsingFixedFunction) */
 303:Generated_Source\PSoC5/ServoAB.c ****         }
 304:Generated_Source\PSoC5/ServoAB.c ****     #endif /* ServoAB_CompareMode1SW */
 305:Generated_Source\PSoC5/ServoAB.c **** 
 306:Generated_Source\PSoC5/ServoAB.c **** #else /* UseOneCompareMode */
 307:Generated_Source\PSoC5/ServoAB.c **** 
 308:Generated_Source\PSoC5/ServoAB.c ****     #if (ServoAB_CompareMode1SW)
 309:Generated_Source\PSoC5/ServoAB.c **** 
 310:Generated_Source\PSoC5/ServoAB.c **** 
 311:Generated_Source\PSoC5/ServoAB.c ****         /*******************************************************************************
 312:Generated_Source\PSoC5/ServoAB.c ****         * Function Name: ServoAB_SetCompareMode1
 313:Generated_Source\PSoC5/ServoAB.c ****         ********************************************************************************
 314:Generated_Source\PSoC5/ServoAB.c ****         *
 315:Generated_Source\PSoC5/ServoAB.c ****         * Summary:
 316:Generated_Source\PSoC5/ServoAB.c ****         *  This function writes the Compare Mode for the pwm or pwm1 output
 317:Generated_Source\PSoC5/ServoAB.c ****         *
 318:Generated_Source\PSoC5/ServoAB.c ****         * Parameters:
 319:Generated_Source\PSoC5/ServoAB.c ****         *  comparemode:  The new compare mode for the PWM output. Use the compare types
 320:Generated_Source\PSoC5/ServoAB.c ****         *                defined in the H file as input arguments.
ARM GAS  C:\Users\PC\AppData\Local\Temp\ccR3xtdr.s 			page 8


 321:Generated_Source\PSoC5/ServoAB.c ****         *
 322:Generated_Source\PSoC5/ServoAB.c ****         * Return:
 323:Generated_Source\PSoC5/ServoAB.c ****         *  None
 324:Generated_Source\PSoC5/ServoAB.c ****         *
 325:Generated_Source\PSoC5/ServoAB.c ****         *******************************************************************************/
 326:Generated_Source\PSoC5/ServoAB.c ****         void ServoAB_SetCompareMode1(uint8 comparemode) 
 327:Generated_Source\PSoC5/ServoAB.c ****         {
 328:Generated_Source\PSoC5/ServoAB.c ****             #if(0 != ServoAB_CTRL_CMPMODE1_SHIFT)
 329:Generated_Source\PSoC5/ServoAB.c ****                 uint8 comparemodemasked = ((uint8)((uint8)comparemode << ServoAB_CTRL_CMPMODE1_SHIF
 330:Generated_Source\PSoC5/ServoAB.c ****                                            ServoAB_CTRL_CMPMODE1_MASK;
 331:Generated_Source\PSoC5/ServoAB.c ****             #else
 332:Generated_Source\PSoC5/ServoAB.c ****                 uint8 comparemodemasked = comparemode & ServoAB_CTRL_CMPMODE1_MASK;
 333:Generated_Source\PSoC5/ServoAB.c ****             #endif /* (0 != ServoAB_CTRL_CMPMODE1_SHIFT) */
 334:Generated_Source\PSoC5/ServoAB.c **** 
 335:Generated_Source\PSoC5/ServoAB.c ****             #if (ServoAB_UseControl)
 336:Generated_Source\PSoC5/ServoAB.c ****                 ServoAB_CONTROL &= ((uint8)(~ServoAB_CTRL_CMPMODE1_MASK)); /*Clear existing mode */
 337:Generated_Source\PSoC5/ServoAB.c ****                 ServoAB_CONTROL |= comparemodemasked;
 338:Generated_Source\PSoC5/ServoAB.c ****             #endif /* (ServoAB_UseControl) */
 339:Generated_Source\PSoC5/ServoAB.c ****         }
 340:Generated_Source\PSoC5/ServoAB.c ****     #endif /* ServoAB_CompareMode1SW */
 341:Generated_Source\PSoC5/ServoAB.c **** 
 342:Generated_Source\PSoC5/ServoAB.c **** #if (ServoAB_CompareMode2SW)
 343:Generated_Source\PSoC5/ServoAB.c **** 
 344:Generated_Source\PSoC5/ServoAB.c **** 
 345:Generated_Source\PSoC5/ServoAB.c ****     /*******************************************************************************
 346:Generated_Source\PSoC5/ServoAB.c ****     * Function Name: ServoAB_SetCompareMode2
 347:Generated_Source\PSoC5/ServoAB.c ****     ********************************************************************************
 348:Generated_Source\PSoC5/ServoAB.c ****     *
 349:Generated_Source\PSoC5/ServoAB.c ****     * Summary:
 350:Generated_Source\PSoC5/ServoAB.c ****     *  This function writes the Compare Mode for the pwm or pwm2 output
 351:Generated_Source\PSoC5/ServoAB.c ****     *
 352:Generated_Source\PSoC5/ServoAB.c ****     * Parameters:
 353:Generated_Source\PSoC5/ServoAB.c ****     *  comparemode:  The new compare mode for the PWM output. Use the compare types
 354:Generated_Source\PSoC5/ServoAB.c ****     *                defined in the H file as input arguments.
 355:Generated_Source\PSoC5/ServoAB.c ****     *
 356:Generated_Source\PSoC5/ServoAB.c ****     * Return:
 357:Generated_Source\PSoC5/ServoAB.c ****     *  None
 358:Generated_Source\PSoC5/ServoAB.c ****     *
 359:Generated_Source\PSoC5/ServoAB.c ****     *******************************************************************************/
 360:Generated_Source\PSoC5/ServoAB.c ****     void ServoAB_SetCompareMode2(uint8 comparemode) 
 361:Generated_Source\PSoC5/ServoAB.c ****     {
 362:Generated_Source\PSoC5/ServoAB.c **** 
 363:Generated_Source\PSoC5/ServoAB.c ****         #if(0 != ServoAB_CTRL_CMPMODE2_SHIFT)
 364:Generated_Source\PSoC5/ServoAB.c ****             uint8 comparemodemasked = ((uint8)((uint8)comparemode << ServoAB_CTRL_CMPMODE2_SHIFT)) 
 365:Generated_Source\PSoC5/ServoAB.c ****                                                  ServoAB_CTRL_CMPMODE2_MASK;
 366:Generated_Source\PSoC5/ServoAB.c ****         #else
 367:Generated_Source\PSoC5/ServoAB.c ****             uint8 comparemodemasked = comparemode & ServoAB_CTRL_CMPMODE2_MASK;
 368:Generated_Source\PSoC5/ServoAB.c ****         #endif /* (0 != ServoAB_CTRL_CMPMODE2_SHIFT) */
 369:Generated_Source\PSoC5/ServoAB.c **** 
 370:Generated_Source\PSoC5/ServoAB.c ****         #if (ServoAB_UseControl)
 371:Generated_Source\PSoC5/ServoAB.c ****             ServoAB_CONTROL &= ((uint8)(~ServoAB_CTRL_CMPMODE2_MASK)); /*Clear existing mode */
 372:Generated_Source\PSoC5/ServoAB.c ****             ServoAB_CONTROL |= comparemodemasked;
 373:Generated_Source\PSoC5/ServoAB.c ****         #endif /* (ServoAB_UseControl) */
 374:Generated_Source\PSoC5/ServoAB.c ****     }
 375:Generated_Source\PSoC5/ServoAB.c ****     #endif /*ServoAB_CompareMode2SW */
 376:Generated_Source\PSoC5/ServoAB.c **** 
 377:Generated_Source\PSoC5/ServoAB.c **** #endif /* UseOneCompareMode */
ARM GAS  C:\Users\PC\AppData\Local\Temp\ccR3xtdr.s 			page 9


 378:Generated_Source\PSoC5/ServoAB.c **** 
 379:Generated_Source\PSoC5/ServoAB.c **** 
 380:Generated_Source\PSoC5/ServoAB.c **** #if (!ServoAB_UsingFixedFunction)
 381:Generated_Source\PSoC5/ServoAB.c **** 
 382:Generated_Source\PSoC5/ServoAB.c **** 
 383:Generated_Source\PSoC5/ServoAB.c ****     /*******************************************************************************
 384:Generated_Source\PSoC5/ServoAB.c ****     * Function Name: ServoAB_WriteCounter
 385:Generated_Source\PSoC5/ServoAB.c ****     ********************************************************************************
 386:Generated_Source\PSoC5/ServoAB.c ****     *
 387:Generated_Source\PSoC5/ServoAB.c ****     * Summary:
 388:Generated_Source\PSoC5/ServoAB.c ****     *  Writes a new counter value directly to the counter register. This will be
 389:Generated_Source\PSoC5/ServoAB.c ****     *  implemented for that currently running period and only that period. This API
 390:Generated_Source\PSoC5/ServoAB.c ****     *  is valid only for UDB implementation and not available for fixed function
 391:Generated_Source\PSoC5/ServoAB.c ****     *  PWM implementation.
 392:Generated_Source\PSoC5/ServoAB.c ****     *
 393:Generated_Source\PSoC5/ServoAB.c ****     * Parameters:
 394:Generated_Source\PSoC5/ServoAB.c ****     *  counter:  The period new period counter value.
 395:Generated_Source\PSoC5/ServoAB.c ****     *
 396:Generated_Source\PSoC5/ServoAB.c ****     * Return:
 397:Generated_Source\PSoC5/ServoAB.c ****     *  None
 398:Generated_Source\PSoC5/ServoAB.c ****     *
 399:Generated_Source\PSoC5/ServoAB.c ****     * Side Effects:
 400:Generated_Source\PSoC5/ServoAB.c ****     *  The PWM Period will be reloaded when a counter value will be a zero
 401:Generated_Source\PSoC5/ServoAB.c ****     *
 402:Generated_Source\PSoC5/ServoAB.c ****     *******************************************************************************/
 403:Generated_Source\PSoC5/ServoAB.c ****     void ServoAB_WriteCounter(uint16 counter) \
 404:Generated_Source\PSoC5/ServoAB.c ****                                        
 405:Generated_Source\PSoC5/ServoAB.c ****     {
  80              		.loc 1 405 0
  81              		.cfi_startproc
  82              		@ args = 0, pretend = 0, frame = 0
  83              		@ frame_needed = 0, uses_anonymous_args = 0
  84              		@ link register save eliminated.
  85              	.LVL0:
 406:Generated_Source\PSoC5/ServoAB.c ****         CY_SET_REG16(ServoAB_COUNTER_LSB_PTR, counter);
  86              		.loc 1 406 0
  87 0000 014B     		ldr	r3, .L8
  88 0002 1880     		strh	r0, [r3]	@ movhi
  89 0004 7047     		bx	lr
  90              	.L9:
  91 0006 00BF     		.align	2
  92              	.L8:
  93 0008 18680040 		.word	1073768472
  94              		.cfi_endproc
  95              	.LFE4:
  96              		.size	ServoAB_WriteCounter, .-ServoAB_WriteCounter
  97              		.section	.text.ServoAB_ReadCounter,"ax",%progbits
  98              		.align	2
  99              		.global	ServoAB_ReadCounter
 100              		.thumb
 101              		.thumb_func
 102              		.type	ServoAB_ReadCounter, %function
 103              	ServoAB_ReadCounter:
 104              	.LFB5:
 407:Generated_Source\PSoC5/ServoAB.c ****     }
 408:Generated_Source\PSoC5/ServoAB.c **** 
 409:Generated_Source\PSoC5/ServoAB.c **** 
ARM GAS  C:\Users\PC\AppData\Local\Temp\ccR3xtdr.s 			page 10


 410:Generated_Source\PSoC5/ServoAB.c ****     /*******************************************************************************
 411:Generated_Source\PSoC5/ServoAB.c ****     * Function Name: ServoAB_ReadCounter
 412:Generated_Source\PSoC5/ServoAB.c ****     ********************************************************************************
 413:Generated_Source\PSoC5/ServoAB.c ****     *
 414:Generated_Source\PSoC5/ServoAB.c ****     * Summary:
 415:Generated_Source\PSoC5/ServoAB.c ****     *  This function returns the current value of the counter.  It doesn't matter
 416:Generated_Source\PSoC5/ServoAB.c ****     *  if the counter is enabled or running.
 417:Generated_Source\PSoC5/ServoAB.c ****     *
 418:Generated_Source\PSoC5/ServoAB.c ****     * Parameters:
 419:Generated_Source\PSoC5/ServoAB.c ****     *  None
 420:Generated_Source\PSoC5/ServoAB.c ****     *
 421:Generated_Source\PSoC5/ServoAB.c ****     * Return:
 422:Generated_Source\PSoC5/ServoAB.c ****     *  The current value of the counter.
 423:Generated_Source\PSoC5/ServoAB.c ****     *
 424:Generated_Source\PSoC5/ServoAB.c ****     *******************************************************************************/
 425:Generated_Source\PSoC5/ServoAB.c ****     uint16 ServoAB_ReadCounter(void) 
 426:Generated_Source\PSoC5/ServoAB.c ****     {
 105              		.loc 1 426 0
 106              		.cfi_startproc
 107              		@ args = 0, pretend = 0, frame = 0
 108              		@ frame_needed = 0, uses_anonymous_args = 0
 109              		@ link register save eliminated.
 427:Generated_Source\PSoC5/ServoAB.c ****         /* Force capture by reading Accumulator */
 428:Generated_Source\PSoC5/ServoAB.c ****         /* Must first do a software capture to be able to read the counter */
 429:Generated_Source\PSoC5/ServoAB.c ****         /* It is up to the user code to make sure there isn't already captured data in the FIFO */
 430:Generated_Source\PSoC5/ServoAB.c ****           (void)CY_GET_REG8(ServoAB_COUNTERCAP_LSB_PTR_8BIT);
 110              		.loc 1 430 0
 111 0000 024B     		ldr	r3, .L11
 112 0002 1B78     		ldrb	r3, [r3]	@ zero_extendqisi2
 431:Generated_Source\PSoC5/ServoAB.c **** 
 432:Generated_Source\PSoC5/ServoAB.c ****         /* Read the data from the FIFO */
 433:Generated_Source\PSoC5/ServoAB.c ****         return (CY_GET_REG16(ServoAB_CAPTURE_LSB_PTR));
 113              		.loc 1 433 0
 114 0004 024B     		ldr	r3, .L11+4
 115 0006 1888     		ldrh	r0, [r3]
 434:Generated_Source\PSoC5/ServoAB.c ****     }
 116              		.loc 1 434 0
 117 0008 80B2     		uxth	r0, r0
 118 000a 7047     		bx	lr
 119              	.L12:
 120              		.align	2
 121              	.L11:
 122 000c 1C640040 		.word	1073767452
 123 0010 B8680040 		.word	1073768632
 124              		.cfi_endproc
 125              	.LFE5:
 126              		.size	ServoAB_ReadCounter, .-ServoAB_ReadCounter
 127              		.section	.text.ServoAB_WritePeriod,"ax",%progbits
 128              		.align	2
 129              		.global	ServoAB_WritePeriod
 130              		.thumb
 131              		.thumb_func
 132              		.type	ServoAB_WritePeriod, %function
 133              	ServoAB_WritePeriod:
 134              	.LFB7:
 435:Generated_Source\PSoC5/ServoAB.c **** 
 436:Generated_Source\PSoC5/ServoAB.c ****     #if (ServoAB_UseStatus)
ARM GAS  C:\Users\PC\AppData\Local\Temp\ccR3xtdr.s 			page 11


 437:Generated_Source\PSoC5/ServoAB.c **** 
 438:Generated_Source\PSoC5/ServoAB.c **** 
 439:Generated_Source\PSoC5/ServoAB.c ****         /*******************************************************************************
 440:Generated_Source\PSoC5/ServoAB.c ****         * Function Name: ServoAB_ClearFIFO
 441:Generated_Source\PSoC5/ServoAB.c ****         ********************************************************************************
 442:Generated_Source\PSoC5/ServoAB.c ****         *
 443:Generated_Source\PSoC5/ServoAB.c ****         * Summary:
 444:Generated_Source\PSoC5/ServoAB.c ****         *  This function clears all capture data from the capture FIFO
 445:Generated_Source\PSoC5/ServoAB.c ****         *
 446:Generated_Source\PSoC5/ServoAB.c ****         * Parameters:
 447:Generated_Source\PSoC5/ServoAB.c ****         *  None
 448:Generated_Source\PSoC5/ServoAB.c ****         *
 449:Generated_Source\PSoC5/ServoAB.c ****         * Return:
 450:Generated_Source\PSoC5/ServoAB.c ****         *  None
 451:Generated_Source\PSoC5/ServoAB.c ****         *
 452:Generated_Source\PSoC5/ServoAB.c ****         *******************************************************************************/
 453:Generated_Source\PSoC5/ServoAB.c ****         void ServoAB_ClearFIFO(void) 
 454:Generated_Source\PSoC5/ServoAB.c ****         {
 455:Generated_Source\PSoC5/ServoAB.c ****             while(0u != (ServoAB_ReadStatusRegister() & ServoAB_STATUS_FIFONEMPTY))
 456:Generated_Source\PSoC5/ServoAB.c ****             {
 457:Generated_Source\PSoC5/ServoAB.c ****                 (void)ServoAB_ReadCapture();
 458:Generated_Source\PSoC5/ServoAB.c ****             }
 459:Generated_Source\PSoC5/ServoAB.c ****         }
 460:Generated_Source\PSoC5/ServoAB.c **** 
 461:Generated_Source\PSoC5/ServoAB.c ****     #endif /* ServoAB_UseStatus */
 462:Generated_Source\PSoC5/ServoAB.c **** 
 463:Generated_Source\PSoC5/ServoAB.c **** #endif /* !ServoAB_UsingFixedFunction */
 464:Generated_Source\PSoC5/ServoAB.c **** 
 465:Generated_Source\PSoC5/ServoAB.c **** 
 466:Generated_Source\PSoC5/ServoAB.c **** /*******************************************************************************
 467:Generated_Source\PSoC5/ServoAB.c **** * Function Name: ServoAB_WritePeriod
 468:Generated_Source\PSoC5/ServoAB.c **** ********************************************************************************
 469:Generated_Source\PSoC5/ServoAB.c **** *
 470:Generated_Source\PSoC5/ServoAB.c **** * Summary:
 471:Generated_Source\PSoC5/ServoAB.c **** *  This function is used to change the period of the counter.  The new period
 472:Generated_Source\PSoC5/ServoAB.c **** *  will be loaded the next time terminal count is detected.
 473:Generated_Source\PSoC5/ServoAB.c **** *
 474:Generated_Source\PSoC5/ServoAB.c **** * Parameters:
 475:Generated_Source\PSoC5/ServoAB.c **** *  period:  Period value. May be between 1 and (2^Resolution)-1.  A value of 0
 476:Generated_Source\PSoC5/ServoAB.c **** *           will result in the counter remaining at zero.
 477:Generated_Source\PSoC5/ServoAB.c **** *
 478:Generated_Source\PSoC5/ServoAB.c **** * Return:
 479:Generated_Source\PSoC5/ServoAB.c **** *  None
 480:Generated_Source\PSoC5/ServoAB.c **** *
 481:Generated_Source\PSoC5/ServoAB.c **** *******************************************************************************/
 482:Generated_Source\PSoC5/ServoAB.c **** void ServoAB_WritePeriod(uint16 period) 
 483:Generated_Source\PSoC5/ServoAB.c **** {
 135              		.loc 1 483 0
 136              		.cfi_startproc
 137              		@ args = 0, pretend = 0, frame = 0
 138              		@ frame_needed = 0, uses_anonymous_args = 0
 139              		@ link register save eliminated.
 140              	.LVL1:
 484:Generated_Source\PSoC5/ServoAB.c ****     #if(ServoAB_UsingFixedFunction)
 485:Generated_Source\PSoC5/ServoAB.c ****         CY_SET_REG16(ServoAB_PERIOD_LSB_PTR, (uint16)period);
 486:Generated_Source\PSoC5/ServoAB.c ****     #else
 487:Generated_Source\PSoC5/ServoAB.c ****         CY_SET_REG16(ServoAB_PERIOD_LSB_PTR, period);
ARM GAS  C:\Users\PC\AppData\Local\Temp\ccR3xtdr.s 			page 12


 141              		.loc 1 487 0
 142 0000 014B     		ldr	r3, .L14
 143 0002 1880     		strh	r0, [r3]	@ movhi
 144 0004 7047     		bx	lr
 145              	.L15:
 146 0006 00BF     		.align	2
 147              	.L14:
 148 0008 98680040 		.word	1073768600
 149              		.cfi_endproc
 150              	.LFE7:
 151              		.size	ServoAB_WritePeriod, .-ServoAB_WritePeriod
 152              		.section	.text.ServoAB_WriteCompare1,"ax",%progbits
 153              		.align	2
 154              		.global	ServoAB_WriteCompare1
 155              		.thumb
 156              		.thumb_func
 157              		.type	ServoAB_WriteCompare1, %function
 158              	ServoAB_WriteCompare1:
 159              	.LFB8:
 488:Generated_Source\PSoC5/ServoAB.c ****     #endif /* (ServoAB_UsingFixedFunction) */
 489:Generated_Source\PSoC5/ServoAB.c **** }
 490:Generated_Source\PSoC5/ServoAB.c **** 
 491:Generated_Source\PSoC5/ServoAB.c **** #if (ServoAB_UseOneCompareMode)
 492:Generated_Source\PSoC5/ServoAB.c **** 
 493:Generated_Source\PSoC5/ServoAB.c **** 
 494:Generated_Source\PSoC5/ServoAB.c ****     /*******************************************************************************
 495:Generated_Source\PSoC5/ServoAB.c ****     * Function Name: ServoAB_WriteCompare
 496:Generated_Source\PSoC5/ServoAB.c ****     ********************************************************************************
 497:Generated_Source\PSoC5/ServoAB.c ****     *
 498:Generated_Source\PSoC5/ServoAB.c ****     * Summary:
 499:Generated_Source\PSoC5/ServoAB.c ****     *  This funtion is used to change the compare1 value when the PWM is in Dither
 500:Generated_Source\PSoC5/ServoAB.c ****     *  mode. The compare output will reflect the new value on the next UDB clock.
 501:Generated_Source\PSoC5/ServoAB.c ****     *  The compare output will be driven high when the present counter value is
 502:Generated_Source\PSoC5/ServoAB.c ****     *  compared to the compare value based on the compare mode defined in
 503:Generated_Source\PSoC5/ServoAB.c ****     *  Dither Mode.
 504:Generated_Source\PSoC5/ServoAB.c ****     *
 505:Generated_Source\PSoC5/ServoAB.c ****     * Parameters:
 506:Generated_Source\PSoC5/ServoAB.c ****     *  compare:  New compare value.
 507:Generated_Source\PSoC5/ServoAB.c ****     *
 508:Generated_Source\PSoC5/ServoAB.c ****     * Return:
 509:Generated_Source\PSoC5/ServoAB.c ****     *  None
 510:Generated_Source\PSoC5/ServoAB.c ****     *
 511:Generated_Source\PSoC5/ServoAB.c ****     * Side Effects:
 512:Generated_Source\PSoC5/ServoAB.c ****     *  This function is only available if the PWM mode parameter is set to
 513:Generated_Source\PSoC5/ServoAB.c ****     *  Dither Mode, Center Aligned Mode or One Output Mode
 514:Generated_Source\PSoC5/ServoAB.c ****     *
 515:Generated_Source\PSoC5/ServoAB.c ****     *******************************************************************************/
 516:Generated_Source\PSoC5/ServoAB.c ****     void ServoAB_WriteCompare(uint16 compare) \
 517:Generated_Source\PSoC5/ServoAB.c ****                                        
 518:Generated_Source\PSoC5/ServoAB.c ****     {
 519:Generated_Source\PSoC5/ServoAB.c ****         #if(ServoAB_UsingFixedFunction)
 520:Generated_Source\PSoC5/ServoAB.c ****             CY_SET_REG16(ServoAB_COMPARE1_LSB_PTR, (uint16)compare);
 521:Generated_Source\PSoC5/ServoAB.c ****         #else
 522:Generated_Source\PSoC5/ServoAB.c ****             CY_SET_REG16(ServoAB_COMPARE1_LSB_PTR, compare);
 523:Generated_Source\PSoC5/ServoAB.c ****         #endif /* (ServoAB_UsingFixedFunction) */
 524:Generated_Source\PSoC5/ServoAB.c **** 
 525:Generated_Source\PSoC5/ServoAB.c ****         #if (ServoAB_PWMMode == ServoAB__B_PWM__DITHER)
ARM GAS  C:\Users\PC\AppData\Local\Temp\ccR3xtdr.s 			page 13


 526:Generated_Source\PSoC5/ServoAB.c ****             #if(ServoAB_UsingFixedFunction)
 527:Generated_Source\PSoC5/ServoAB.c ****                 CY_SET_REG16(ServoAB_COMPARE2_LSB_PTR, (uint16)(compare + 1u));
 528:Generated_Source\PSoC5/ServoAB.c ****             #else
 529:Generated_Source\PSoC5/ServoAB.c ****                 CY_SET_REG16(ServoAB_COMPARE2_LSB_PTR, (compare + 1u));
 530:Generated_Source\PSoC5/ServoAB.c ****             #endif /* (ServoAB_UsingFixedFunction) */
 531:Generated_Source\PSoC5/ServoAB.c ****         #endif /* (ServoAB_PWMMode == ServoAB__B_PWM__DITHER) */
 532:Generated_Source\PSoC5/ServoAB.c ****     }
 533:Generated_Source\PSoC5/ServoAB.c **** 
 534:Generated_Source\PSoC5/ServoAB.c **** 
 535:Generated_Source\PSoC5/ServoAB.c **** #else
 536:Generated_Source\PSoC5/ServoAB.c **** 
 537:Generated_Source\PSoC5/ServoAB.c **** 
 538:Generated_Source\PSoC5/ServoAB.c ****     /*******************************************************************************
 539:Generated_Source\PSoC5/ServoAB.c ****     * Function Name: ServoAB_WriteCompare1
 540:Generated_Source\PSoC5/ServoAB.c ****     ********************************************************************************
 541:Generated_Source\PSoC5/ServoAB.c ****     *
 542:Generated_Source\PSoC5/ServoAB.c ****     * Summary:
 543:Generated_Source\PSoC5/ServoAB.c ****     *  This funtion is used to change the compare1 value.  The compare output will
 544:Generated_Source\PSoC5/ServoAB.c ****     *  reflect the new value on the next UDB clock.  The compare output will be
 545:Generated_Source\PSoC5/ServoAB.c ****     *  driven high when the present counter value is less than or less than or
 546:Generated_Source\PSoC5/ServoAB.c ****     *  equal to the compare register, depending on the mode.
 547:Generated_Source\PSoC5/ServoAB.c ****     *
 548:Generated_Source\PSoC5/ServoAB.c ****     * Parameters:
 549:Generated_Source\PSoC5/ServoAB.c ****     *  compare:  New compare value.
 550:Generated_Source\PSoC5/ServoAB.c ****     *
 551:Generated_Source\PSoC5/ServoAB.c ****     * Return:
 552:Generated_Source\PSoC5/ServoAB.c ****     *  None
 553:Generated_Source\PSoC5/ServoAB.c ****     *
 554:Generated_Source\PSoC5/ServoAB.c ****     *******************************************************************************/
 555:Generated_Source\PSoC5/ServoAB.c ****     void ServoAB_WriteCompare1(uint16 compare) \
 556:Generated_Source\PSoC5/ServoAB.c ****                                         
 557:Generated_Source\PSoC5/ServoAB.c ****     {
 160              		.loc 1 557 0
 161              		.cfi_startproc
 162              		@ args = 0, pretend = 0, frame = 0
 163              		@ frame_needed = 0, uses_anonymous_args = 0
 164              		@ link register save eliminated.
 165              	.LVL2:
 558:Generated_Source\PSoC5/ServoAB.c ****         #if(ServoAB_UsingFixedFunction)
 559:Generated_Source\PSoC5/ServoAB.c ****             CY_SET_REG16(ServoAB_COMPARE1_LSB_PTR, (uint16)compare);
 560:Generated_Source\PSoC5/ServoAB.c ****         #else
 561:Generated_Source\PSoC5/ServoAB.c ****             CY_SET_REG16(ServoAB_COMPARE1_LSB_PTR, compare);
 166              		.loc 1 561 0
 167 0000 014B     		ldr	r3, .L17
 168 0002 1880     		strh	r0, [r3]	@ movhi
 169 0004 7047     		bx	lr
 170              	.L18:
 171 0006 00BF     		.align	2
 172              	.L17:
 173 0008 58680040 		.word	1073768536
 174              		.cfi_endproc
 175              	.LFE8:
 176              		.size	ServoAB_WriteCompare1, .-ServoAB_WriteCompare1
 177              		.section	.text.ServoAB_WriteCompare2,"ax",%progbits
 178              		.align	2
 179              		.global	ServoAB_WriteCompare2
 180              		.thumb
ARM GAS  C:\Users\PC\AppData\Local\Temp\ccR3xtdr.s 			page 14


 181              		.thumb_func
 182              		.type	ServoAB_WriteCompare2, %function
 183              	ServoAB_WriteCompare2:
 184              	.LFB9:
 562:Generated_Source\PSoC5/ServoAB.c ****         #endif /* (ServoAB_UsingFixedFunction) */
 563:Generated_Source\PSoC5/ServoAB.c ****     }
 564:Generated_Source\PSoC5/ServoAB.c **** 
 565:Generated_Source\PSoC5/ServoAB.c **** 
 566:Generated_Source\PSoC5/ServoAB.c ****     /*******************************************************************************
 567:Generated_Source\PSoC5/ServoAB.c ****     * Function Name: ServoAB_WriteCompare2
 568:Generated_Source\PSoC5/ServoAB.c ****     ********************************************************************************
 569:Generated_Source\PSoC5/ServoAB.c ****     *
 570:Generated_Source\PSoC5/ServoAB.c ****     * Summary:
 571:Generated_Source\PSoC5/ServoAB.c ****     *  This funtion is used to change the compare value, for compare1 output.
 572:Generated_Source\PSoC5/ServoAB.c ****     *  The compare output will reflect the new value on the next UDB clock.
 573:Generated_Source\PSoC5/ServoAB.c ****     *  The compare output will be driven high when the present counter value is
 574:Generated_Source\PSoC5/ServoAB.c ****     *  less than or less than or equal to the compare register, depending on the
 575:Generated_Source\PSoC5/ServoAB.c ****     *  mode.
 576:Generated_Source\PSoC5/ServoAB.c ****     *
 577:Generated_Source\PSoC5/ServoAB.c ****     * Parameters:
 578:Generated_Source\PSoC5/ServoAB.c ****     *  compare:  New compare value.
 579:Generated_Source\PSoC5/ServoAB.c ****     *
 580:Generated_Source\PSoC5/ServoAB.c ****     * Return:
 581:Generated_Source\PSoC5/ServoAB.c ****     *  None
 582:Generated_Source\PSoC5/ServoAB.c ****     *
 583:Generated_Source\PSoC5/ServoAB.c ****     *******************************************************************************/
 584:Generated_Source\PSoC5/ServoAB.c ****     void ServoAB_WriteCompare2(uint16 compare) \
 585:Generated_Source\PSoC5/ServoAB.c ****                                         
 586:Generated_Source\PSoC5/ServoAB.c ****     {
 185              		.loc 1 586 0
 186              		.cfi_startproc
 187              		@ args = 0, pretend = 0, frame = 0
 188              		@ frame_needed = 0, uses_anonymous_args = 0
 189              		@ link register save eliminated.
 190              	.LVL3:
 587:Generated_Source\PSoC5/ServoAB.c ****         #if(ServoAB_UsingFixedFunction)
 588:Generated_Source\PSoC5/ServoAB.c ****             CY_SET_REG16(ServoAB_COMPARE2_LSB_PTR, compare);
 589:Generated_Source\PSoC5/ServoAB.c ****         #else
 590:Generated_Source\PSoC5/ServoAB.c ****             CY_SET_REG16(ServoAB_COMPARE2_LSB_PTR, compare);
 191              		.loc 1 590 0
 192 0000 014B     		ldr	r3, .L20
 193 0002 1880     		strh	r0, [r3]	@ movhi
 194 0004 7047     		bx	lr
 195              	.L21:
 196 0006 00BF     		.align	2
 197              	.L20:
 198 0008 78680040 		.word	1073768568
 199              		.cfi_endproc
 200              	.LFE9:
 201              		.size	ServoAB_WriteCompare2, .-ServoAB_WriteCompare2
 202              		.section	.text.ServoAB_SetInterruptMode,"ax",%progbits
 203              		.align	2
 204              		.global	ServoAB_SetInterruptMode
 205              		.thumb
 206              		.thumb_func
 207              		.type	ServoAB_SetInterruptMode, %function
 208              	ServoAB_SetInterruptMode:
ARM GAS  C:\Users\PC\AppData\Local\Temp\ccR3xtdr.s 			page 15


 209              	.LFB10:
 591:Generated_Source\PSoC5/ServoAB.c ****         #endif /* (ServoAB_UsingFixedFunction) */
 592:Generated_Source\PSoC5/ServoAB.c ****     }
 593:Generated_Source\PSoC5/ServoAB.c **** #endif /* UseOneCompareMode */
 594:Generated_Source\PSoC5/ServoAB.c **** 
 595:Generated_Source\PSoC5/ServoAB.c **** #if (ServoAB_DeadBandUsed)
 596:Generated_Source\PSoC5/ServoAB.c **** 
 597:Generated_Source\PSoC5/ServoAB.c **** 
 598:Generated_Source\PSoC5/ServoAB.c ****     /*******************************************************************************
 599:Generated_Source\PSoC5/ServoAB.c ****     * Function Name: ServoAB_WriteDeadTime
 600:Generated_Source\PSoC5/ServoAB.c ****     ********************************************************************************
 601:Generated_Source\PSoC5/ServoAB.c ****     *
 602:Generated_Source\PSoC5/ServoAB.c ****     * Summary:
 603:Generated_Source\PSoC5/ServoAB.c ****     *  This function writes the dead-band counts to the corresponding register
 604:Generated_Source\PSoC5/ServoAB.c ****     *
 605:Generated_Source\PSoC5/ServoAB.c ****     * Parameters:
 606:Generated_Source\PSoC5/ServoAB.c ****     *  deadtime:  Number of counts for dead time
 607:Generated_Source\PSoC5/ServoAB.c ****     *
 608:Generated_Source\PSoC5/ServoAB.c ****     * Return:
 609:Generated_Source\PSoC5/ServoAB.c ****     *  None
 610:Generated_Source\PSoC5/ServoAB.c ****     *
 611:Generated_Source\PSoC5/ServoAB.c ****     *******************************************************************************/
 612:Generated_Source\PSoC5/ServoAB.c ****     void ServoAB_WriteDeadTime(uint8 deadtime) 
 613:Generated_Source\PSoC5/ServoAB.c ****     {
 614:Generated_Source\PSoC5/ServoAB.c ****         /* If using the Dead Band 1-255 mode then just write the register */
 615:Generated_Source\PSoC5/ServoAB.c ****         #if(!ServoAB_DeadBand2_4)
 616:Generated_Source\PSoC5/ServoAB.c ****             CY_SET_REG8(ServoAB_DEADBAND_COUNT_PTR, deadtime);
 617:Generated_Source\PSoC5/ServoAB.c ****         #else
 618:Generated_Source\PSoC5/ServoAB.c ****             /* Otherwise the data has to be masked and offset */
 619:Generated_Source\PSoC5/ServoAB.c ****             /* Clear existing data */
 620:Generated_Source\PSoC5/ServoAB.c ****             ServoAB_DEADBAND_COUNT &= ((uint8)(~ServoAB_DEADBAND_COUNT_MASK));
 621:Generated_Source\PSoC5/ServoAB.c **** 
 622:Generated_Source\PSoC5/ServoAB.c ****             /* Set new dead time */
 623:Generated_Source\PSoC5/ServoAB.c ****             #if(ServoAB_DEADBAND_COUNT_SHIFT)
 624:Generated_Source\PSoC5/ServoAB.c ****                 ServoAB_DEADBAND_COUNT |= ((uint8)((uint8)deadtime << ServoAB_DEADBAND_COUNT_SHIFT)
 625:Generated_Source\PSoC5/ServoAB.c ****                                                     ServoAB_DEADBAND_COUNT_MASK;
 626:Generated_Source\PSoC5/ServoAB.c ****             #else
 627:Generated_Source\PSoC5/ServoAB.c ****                 ServoAB_DEADBAND_COUNT |= deadtime & ServoAB_DEADBAND_COUNT_MASK;
 628:Generated_Source\PSoC5/ServoAB.c ****             #endif /* (ServoAB_DEADBAND_COUNT_SHIFT) */
 629:Generated_Source\PSoC5/ServoAB.c **** 
 630:Generated_Source\PSoC5/ServoAB.c ****         #endif /* (!ServoAB_DeadBand2_4) */
 631:Generated_Source\PSoC5/ServoAB.c ****     }
 632:Generated_Source\PSoC5/ServoAB.c **** 
 633:Generated_Source\PSoC5/ServoAB.c **** 
 634:Generated_Source\PSoC5/ServoAB.c ****     /*******************************************************************************
 635:Generated_Source\PSoC5/ServoAB.c ****     * Function Name: ServoAB_ReadDeadTime
 636:Generated_Source\PSoC5/ServoAB.c ****     ********************************************************************************
 637:Generated_Source\PSoC5/ServoAB.c ****     *
 638:Generated_Source\PSoC5/ServoAB.c ****     * Summary:
 639:Generated_Source\PSoC5/ServoAB.c ****     *  This function reads the dead-band counts from the corresponding register
 640:Generated_Source\PSoC5/ServoAB.c ****     *
 641:Generated_Source\PSoC5/ServoAB.c ****     * Parameters:
 642:Generated_Source\PSoC5/ServoAB.c ****     *  None
 643:Generated_Source\PSoC5/ServoAB.c ****     *
 644:Generated_Source\PSoC5/ServoAB.c ****     * Return:
 645:Generated_Source\PSoC5/ServoAB.c ****     *  Dead Band Counts
 646:Generated_Source\PSoC5/ServoAB.c ****     *
ARM GAS  C:\Users\PC\AppData\Local\Temp\ccR3xtdr.s 			page 16


 647:Generated_Source\PSoC5/ServoAB.c ****     *******************************************************************************/
 648:Generated_Source\PSoC5/ServoAB.c ****     uint8 ServoAB_ReadDeadTime(void) 
 649:Generated_Source\PSoC5/ServoAB.c ****     {
 650:Generated_Source\PSoC5/ServoAB.c ****         /* If using the Dead Band 1-255 mode then just read the register */
 651:Generated_Source\PSoC5/ServoAB.c ****         #if(!ServoAB_DeadBand2_4)
 652:Generated_Source\PSoC5/ServoAB.c ****             return (CY_GET_REG8(ServoAB_DEADBAND_COUNT_PTR));
 653:Generated_Source\PSoC5/ServoAB.c ****         #else
 654:Generated_Source\PSoC5/ServoAB.c **** 
 655:Generated_Source\PSoC5/ServoAB.c ****             /* Otherwise the data has to be masked and offset */
 656:Generated_Source\PSoC5/ServoAB.c ****             #if(ServoAB_DEADBAND_COUNT_SHIFT)
 657:Generated_Source\PSoC5/ServoAB.c ****                 return ((uint8)(((uint8)(ServoAB_DEADBAND_COUNT & ServoAB_DEADBAND_COUNT_MASK)) >>
 658:Generated_Source\PSoC5/ServoAB.c ****                                                                            ServoAB_DEADBAND_COUNT_S
 659:Generated_Source\PSoC5/ServoAB.c ****             #else
 660:Generated_Source\PSoC5/ServoAB.c ****                 return (ServoAB_DEADBAND_COUNT & ServoAB_DEADBAND_COUNT_MASK);
 661:Generated_Source\PSoC5/ServoAB.c ****             #endif /* (ServoAB_DEADBAND_COUNT_SHIFT) */
 662:Generated_Source\PSoC5/ServoAB.c ****         #endif /* (!ServoAB_DeadBand2_4) */
 663:Generated_Source\PSoC5/ServoAB.c ****     }
 664:Generated_Source\PSoC5/ServoAB.c **** #endif /* DeadBandUsed */
 665:Generated_Source\PSoC5/ServoAB.c **** 
 666:Generated_Source\PSoC5/ServoAB.c **** #if (ServoAB_UseStatus || ServoAB_UsingFixedFunction)
 667:Generated_Source\PSoC5/ServoAB.c **** 
 668:Generated_Source\PSoC5/ServoAB.c **** 
 669:Generated_Source\PSoC5/ServoAB.c ****     /*******************************************************************************
 670:Generated_Source\PSoC5/ServoAB.c ****     * Function Name: ServoAB_SetInterruptMode
 671:Generated_Source\PSoC5/ServoAB.c ****     ********************************************************************************
 672:Generated_Source\PSoC5/ServoAB.c ****     *
 673:Generated_Source\PSoC5/ServoAB.c ****     * Summary:
 674:Generated_Source\PSoC5/ServoAB.c ****     *  This function configures the interrupts mask control of theinterrupt
 675:Generated_Source\PSoC5/ServoAB.c ****     *  source status register.
 676:Generated_Source\PSoC5/ServoAB.c ****     *
 677:Generated_Source\PSoC5/ServoAB.c ****     * Parameters:
 678:Generated_Source\PSoC5/ServoAB.c ****     *  uint8 interruptMode: Bit field containing the interrupt sources enabled
 679:Generated_Source\PSoC5/ServoAB.c ****     *
 680:Generated_Source\PSoC5/ServoAB.c ****     * Return:
 681:Generated_Source\PSoC5/ServoAB.c ****     *  None
 682:Generated_Source\PSoC5/ServoAB.c ****     *
 683:Generated_Source\PSoC5/ServoAB.c ****     *******************************************************************************/
 684:Generated_Source\PSoC5/ServoAB.c ****     void ServoAB_SetInterruptMode(uint8 interruptMode) 
 685:Generated_Source\PSoC5/ServoAB.c ****     {
 210              		.loc 1 685 0
 211              		.cfi_startproc
 212              		@ args = 0, pretend = 0, frame = 0
 213              		@ frame_needed = 0, uses_anonymous_args = 0
 214              		@ link register save eliminated.
 215              	.LVL4:
 686:Generated_Source\PSoC5/ServoAB.c ****         CY_SET_REG8(ServoAB_STATUS_MASK_PTR, interruptMode);
 216              		.loc 1 686 0
 217 0000 014B     		ldr	r3, .L23
 218 0002 1870     		strb	r0, [r3]
 219 0004 7047     		bx	lr
 220              	.L24:
 221 0006 00BF     		.align	2
 222              	.L23:
 223 0008 8E640040 		.word	1073767566
 224              		.cfi_endproc
 225              	.LFE10:
 226              		.size	ServoAB_SetInterruptMode, .-ServoAB_SetInterruptMode
ARM GAS  C:\Users\PC\AppData\Local\Temp\ccR3xtdr.s 			page 17


 227              		.section	.text.ServoAB_ReadStatusRegister,"ax",%progbits
 228              		.align	2
 229              		.global	ServoAB_ReadStatusRegister
 230              		.thumb
 231              		.thumb_func
 232              		.type	ServoAB_ReadStatusRegister, %function
 233              	ServoAB_ReadStatusRegister:
 234              	.LFB11:
 687:Generated_Source\PSoC5/ServoAB.c ****     }
 688:Generated_Source\PSoC5/ServoAB.c **** 
 689:Generated_Source\PSoC5/ServoAB.c **** 
 690:Generated_Source\PSoC5/ServoAB.c ****     /*******************************************************************************
 691:Generated_Source\PSoC5/ServoAB.c ****     * Function Name: ServoAB_ReadStatusRegister
 692:Generated_Source\PSoC5/ServoAB.c ****     ********************************************************************************
 693:Generated_Source\PSoC5/ServoAB.c ****     *
 694:Generated_Source\PSoC5/ServoAB.c ****     * Summary:
 695:Generated_Source\PSoC5/ServoAB.c ****     *  This function returns the current state of the status register.
 696:Generated_Source\PSoC5/ServoAB.c ****     *
 697:Generated_Source\PSoC5/ServoAB.c ****     * Parameters:
 698:Generated_Source\PSoC5/ServoAB.c ****     *  None
 699:Generated_Source\PSoC5/ServoAB.c ****     *
 700:Generated_Source\PSoC5/ServoAB.c ****     * Return:
 701:Generated_Source\PSoC5/ServoAB.c ****     *  uint8 : Current status register value. The status register bits are:
 702:Generated_Source\PSoC5/ServoAB.c ****     *  [7:6] : Unused(0)
 703:Generated_Source\PSoC5/ServoAB.c ****     *  [5]   : Kill event output
 704:Generated_Source\PSoC5/ServoAB.c ****     *  [4]   : FIFO not empty
 705:Generated_Source\PSoC5/ServoAB.c ****     *  [3]   : FIFO full
 706:Generated_Source\PSoC5/ServoAB.c ****     *  [2]   : Terminal count
 707:Generated_Source\PSoC5/ServoAB.c ****     *  [1]   : Compare output 2
 708:Generated_Source\PSoC5/ServoAB.c ****     *  [0]   : Compare output 1
 709:Generated_Source\PSoC5/ServoAB.c ****     *
 710:Generated_Source\PSoC5/ServoAB.c ****     *******************************************************************************/
 711:Generated_Source\PSoC5/ServoAB.c ****     uint8 ServoAB_ReadStatusRegister(void) 
 712:Generated_Source\PSoC5/ServoAB.c ****     {
 235              		.loc 1 712 0
 236              		.cfi_startproc
 237              		@ args = 0, pretend = 0, frame = 0
 238              		@ frame_needed = 0, uses_anonymous_args = 0
 239              		@ link register save eliminated.
 713:Generated_Source\PSoC5/ServoAB.c ****         return (CY_GET_REG8(ServoAB_STATUS_PTR));
 240              		.loc 1 713 0
 241 0000 014B     		ldr	r3, .L26
 242 0002 1878     		ldrb	r0, [r3]	@ zero_extendqisi2
 714:Generated_Source\PSoC5/ServoAB.c ****     }
 243              		.loc 1 714 0
 244 0004 7047     		bx	lr
 245              	.L27:
 246 0006 00BF     		.align	2
 247              	.L26:
 248 0008 6E640040 		.word	1073767534
 249              		.cfi_endproc
 250              	.LFE11:
 251              		.size	ServoAB_ReadStatusRegister, .-ServoAB_ReadStatusRegister
 252              		.section	.text.ServoAB_ReadControlRegister,"ax",%progbits
 253              		.align	2
 254              		.global	ServoAB_ReadControlRegister
 255              		.thumb
ARM GAS  C:\Users\PC\AppData\Local\Temp\ccR3xtdr.s 			page 18


 256              		.thumb_func
 257              		.type	ServoAB_ReadControlRegister, %function
 258              	ServoAB_ReadControlRegister:
 259              	.LFB12:
 715:Generated_Source\PSoC5/ServoAB.c **** 
 716:Generated_Source\PSoC5/ServoAB.c **** #endif /* (ServoAB_UseStatus || ServoAB_UsingFixedFunction) */
 717:Generated_Source\PSoC5/ServoAB.c **** 
 718:Generated_Source\PSoC5/ServoAB.c **** 
 719:Generated_Source\PSoC5/ServoAB.c **** #if (ServoAB_UseControl)
 720:Generated_Source\PSoC5/ServoAB.c **** 
 721:Generated_Source\PSoC5/ServoAB.c **** 
 722:Generated_Source\PSoC5/ServoAB.c ****     /*******************************************************************************
 723:Generated_Source\PSoC5/ServoAB.c ****     * Function Name: ServoAB_ReadControlRegister
 724:Generated_Source\PSoC5/ServoAB.c ****     ********************************************************************************
 725:Generated_Source\PSoC5/ServoAB.c ****     *
 726:Generated_Source\PSoC5/ServoAB.c ****     * Summary:
 727:Generated_Source\PSoC5/ServoAB.c ****     *  Returns the current state of the control register. This API is available
 728:Generated_Source\PSoC5/ServoAB.c ****     *  only if the control register is not removed.
 729:Generated_Source\PSoC5/ServoAB.c ****     *
 730:Generated_Source\PSoC5/ServoAB.c ****     * Parameters:
 731:Generated_Source\PSoC5/ServoAB.c ****     *  None
 732:Generated_Source\PSoC5/ServoAB.c ****     *
 733:Generated_Source\PSoC5/ServoAB.c ****     * Return:
 734:Generated_Source\PSoC5/ServoAB.c ****     *  uint8 : Current control register value
 735:Generated_Source\PSoC5/ServoAB.c ****     *
 736:Generated_Source\PSoC5/ServoAB.c ****     *******************************************************************************/
 737:Generated_Source\PSoC5/ServoAB.c ****     uint8 ServoAB_ReadControlRegister(void) 
 738:Generated_Source\PSoC5/ServoAB.c ****     {
 260              		.loc 1 738 0
 261              		.cfi_startproc
 262              		@ args = 0, pretend = 0, frame = 0
 263              		@ frame_needed = 0, uses_anonymous_args = 0
 264              		@ link register save eliminated.
 739:Generated_Source\PSoC5/ServoAB.c ****         uint8 result;
 740:Generated_Source\PSoC5/ServoAB.c **** 
 741:Generated_Source\PSoC5/ServoAB.c ****         result = CY_GET_REG8(ServoAB_CONTROL_PTR);
 265              		.loc 1 741 0
 266 0000 014B     		ldr	r3, .L29
 267 0002 1878     		ldrb	r0, [r3]	@ zero_extendqisi2
 268              	.LVL5:
 742:Generated_Source\PSoC5/ServoAB.c ****         return (result);
 743:Generated_Source\PSoC5/ServoAB.c ****     }
 269              		.loc 1 743 0
 270 0004 7047     		bx	lr
 271              	.L30:
 272 0006 00BF     		.align	2
 273              	.L29:
 274 0008 7A640040 		.word	1073767546
 275              		.cfi_endproc
 276              	.LFE12:
 277              		.size	ServoAB_ReadControlRegister, .-ServoAB_ReadControlRegister
 278              		.section	.text.ServoAB_WriteControlRegister,"ax",%progbits
 279              		.align	2
 280              		.global	ServoAB_WriteControlRegister
 281              		.thumb
 282              		.thumb_func
 283              		.type	ServoAB_WriteControlRegister, %function
ARM GAS  C:\Users\PC\AppData\Local\Temp\ccR3xtdr.s 			page 19


 284              	ServoAB_WriteControlRegister:
 285              	.LFB13:
 744:Generated_Source\PSoC5/ServoAB.c **** 
 745:Generated_Source\PSoC5/ServoAB.c **** 
 746:Generated_Source\PSoC5/ServoAB.c ****     /*******************************************************************************
 747:Generated_Source\PSoC5/ServoAB.c ****     * Function Name: ServoAB_WriteControlRegister
 748:Generated_Source\PSoC5/ServoAB.c ****     ********************************************************************************
 749:Generated_Source\PSoC5/ServoAB.c ****     *
 750:Generated_Source\PSoC5/ServoAB.c ****     * Summary:
 751:Generated_Source\PSoC5/ServoAB.c ****     *  Sets the bit field of the control register. This API is available only if
 752:Generated_Source\PSoC5/ServoAB.c ****     *  the control register is not removed.
 753:Generated_Source\PSoC5/ServoAB.c ****     *
 754:Generated_Source\PSoC5/ServoAB.c ****     * Parameters:
 755:Generated_Source\PSoC5/ServoAB.c ****     *  uint8 control: Control register bit field, The status register bits are:
 756:Generated_Source\PSoC5/ServoAB.c ****     *  [7]   : PWM Enable
 757:Generated_Source\PSoC5/ServoAB.c ****     *  [6]   : Reset
 758:Generated_Source\PSoC5/ServoAB.c ****     *  [5:3] : Compare Mode2
 759:Generated_Source\PSoC5/ServoAB.c ****     *  [2:0] : Compare Mode2
 760:Generated_Source\PSoC5/ServoAB.c ****     *
 761:Generated_Source\PSoC5/ServoAB.c ****     * Return:
 762:Generated_Source\PSoC5/ServoAB.c ****     *  None
 763:Generated_Source\PSoC5/ServoAB.c ****     *
 764:Generated_Source\PSoC5/ServoAB.c ****     *******************************************************************************/
 765:Generated_Source\PSoC5/ServoAB.c ****     void ServoAB_WriteControlRegister(uint8 control) 
 766:Generated_Source\PSoC5/ServoAB.c ****     {
 286              		.loc 1 766 0
 287              		.cfi_startproc
 288              		@ args = 0, pretend = 0, frame = 0
 289              		@ frame_needed = 0, uses_anonymous_args = 0
 290              		@ link register save eliminated.
 291              	.LVL6:
 767:Generated_Source\PSoC5/ServoAB.c ****         CY_SET_REG8(ServoAB_CONTROL_PTR, control);
 292              		.loc 1 767 0
 293 0000 014B     		ldr	r3, .L32
 294 0002 1870     		strb	r0, [r3]
 295 0004 7047     		bx	lr
 296              	.L33:
 297 0006 00BF     		.align	2
 298              	.L32:
 299 0008 7A640040 		.word	1073767546
 300              		.cfi_endproc
 301              	.LFE13:
 302              		.size	ServoAB_WriteControlRegister, .-ServoAB_WriteControlRegister
 303              		.section	.text.ServoAB_ReadCapture,"ax",%progbits
 304              		.align	2
 305              		.global	ServoAB_ReadCapture
 306              		.thumb
 307              		.thumb_func
 308              		.type	ServoAB_ReadCapture, %function
 309              	ServoAB_ReadCapture:
 310              	.LFB14:
 768:Generated_Source\PSoC5/ServoAB.c ****     }
 769:Generated_Source\PSoC5/ServoAB.c **** 
 770:Generated_Source\PSoC5/ServoAB.c **** #endif /* (ServoAB_UseControl) */
 771:Generated_Source\PSoC5/ServoAB.c **** 
 772:Generated_Source\PSoC5/ServoAB.c **** 
 773:Generated_Source\PSoC5/ServoAB.c **** #if (!ServoAB_UsingFixedFunction)
ARM GAS  C:\Users\PC\AppData\Local\Temp\ccR3xtdr.s 			page 20


 774:Generated_Source\PSoC5/ServoAB.c **** 
 775:Generated_Source\PSoC5/ServoAB.c **** 
 776:Generated_Source\PSoC5/ServoAB.c ****     /*******************************************************************************
 777:Generated_Source\PSoC5/ServoAB.c ****     * Function Name: ServoAB_ReadCapture
 778:Generated_Source\PSoC5/ServoAB.c ****     ********************************************************************************
 779:Generated_Source\PSoC5/ServoAB.c ****     *
 780:Generated_Source\PSoC5/ServoAB.c ****     * Summary:
 781:Generated_Source\PSoC5/ServoAB.c ****     *  Reads the capture value from the capture FIFO.
 782:Generated_Source\PSoC5/ServoAB.c ****     *
 783:Generated_Source\PSoC5/ServoAB.c ****     * Parameters:
 784:Generated_Source\PSoC5/ServoAB.c ****     *  None
 785:Generated_Source\PSoC5/ServoAB.c ****     *
 786:Generated_Source\PSoC5/ServoAB.c ****     * Return:
 787:Generated_Source\PSoC5/ServoAB.c ****     *  uint8/uint16: The current capture value
 788:Generated_Source\PSoC5/ServoAB.c ****     *
 789:Generated_Source\PSoC5/ServoAB.c ****     *******************************************************************************/
 790:Generated_Source\PSoC5/ServoAB.c ****     uint16 ServoAB_ReadCapture(void) 
 791:Generated_Source\PSoC5/ServoAB.c ****     {
 311              		.loc 1 791 0
 312              		.cfi_startproc
 313              		@ args = 0, pretend = 0, frame = 0
 314              		@ frame_needed = 0, uses_anonymous_args = 0
 315              		@ link register save eliminated.
 792:Generated_Source\PSoC5/ServoAB.c ****         return (CY_GET_REG16(ServoAB_CAPTURE_LSB_PTR));
 316              		.loc 1 792 0
 317 0000 014B     		ldr	r3, .L35
 318 0002 1888     		ldrh	r0, [r3]
 793:Generated_Source\PSoC5/ServoAB.c ****     }
 319              		.loc 1 793 0
 320 0004 80B2     		uxth	r0, r0
 321 0006 7047     		bx	lr
 322              	.L36:
 323              		.align	2
 324              	.L35:
 325 0008 B8680040 		.word	1073768632
 326              		.cfi_endproc
 327              	.LFE14:
 328              		.size	ServoAB_ReadCapture, .-ServoAB_ReadCapture
 329              		.section	.text.ServoAB_ClearFIFO,"ax",%progbits
 330              		.align	2
 331              		.global	ServoAB_ClearFIFO
 332              		.thumb
 333              		.thumb_func
 334              		.type	ServoAB_ClearFIFO, %function
 335              	ServoAB_ClearFIFO:
 336              	.LFB6:
 454:Generated_Source\PSoC5/ServoAB.c ****             while(0u != (ServoAB_ReadStatusRegister() & ServoAB_STATUS_FIFONEMPTY))
 337              		.loc 1 454 0
 338              		.cfi_startproc
 339              		@ args = 0, pretend = 0, frame = 0
 340              		@ frame_needed = 0, uses_anonymous_args = 0
 341 0000 08B5     		push	{r3, lr}
 342              		.cfi_def_cfa_offset 8
 343              		.cfi_offset 3, -8
 344              		.cfi_offset 14, -4
 455:Generated_Source\PSoC5/ServoAB.c ****             {
 345              		.loc 1 455 0
ARM GAS  C:\Users\PC\AppData\Local\Temp\ccR3xtdr.s 			page 21


 346 0002 01E0     		b	.L38
 347              	.L39:
 457:Generated_Source\PSoC5/ServoAB.c ****             }
 348              		.loc 1 457 0
 349 0004 FFF7FEFF 		bl	ServoAB_ReadCapture
 350              	.LVL7:
 351              	.L38:
 455:Generated_Source\PSoC5/ServoAB.c ****             {
 352              		.loc 1 455 0
 353 0008 FFF7FEFF 		bl	ServoAB_ReadStatusRegister
 354              	.LVL8:
 355 000c 10F0100F 		tst	r0, #16
 356 0010 F8D1     		bne	.L39
 459:Generated_Source\PSoC5/ServoAB.c **** 
 357              		.loc 1 459 0
 358 0012 08BD     		pop	{r3, pc}
 359              		.cfi_endproc
 360              	.LFE6:
 361              		.size	ServoAB_ClearFIFO, .-ServoAB_ClearFIFO
 362              		.section	.text.ServoAB_Init,"ax",%progbits
 363              		.align	2
 364              		.global	ServoAB_Init
 365              		.thumb
 366              		.thumb_func
 367              		.type	ServoAB_Init, %function
 368              	ServoAB_Init:
 369              	.LFB1:
  85:Generated_Source\PSoC5/ServoAB.c ****     #if (ServoAB_UsingFixedFunction || ServoAB_UseControl)
 370              		.loc 1 85 0
 371              		.cfi_startproc
 372              		@ args = 0, pretend = 0, frame = 0
 373              		@ frame_needed = 0, uses_anonymous_args = 0
 374 0000 08B5     		push	{r3, lr}
 375              		.cfi_def_cfa_offset 8
 376              		.cfi_offset 3, -8
 377              		.cfi_offset 14, -4
 117:Generated_Source\PSoC5/ServoAB.c ****                 ((uint8)(~ServoAB_CTRL_CMPMODE1_MASK));
 378              		.loc 1 117 0
 379 0002 174A     		ldr	r2, .L43
 380 0004 1378     		ldrb	r3, [r2]	@ zero_extendqisi2
 381 0006 03F0C003 		and	r3, r3, #192
 382              	.LVL9:
 119:Generated_Source\PSoC5/ServoAB.c ****                                    ServoAB_DEFAULT_COMPARE1_MODE;
 383              		.loc 1 119 0
 384 000a 43F00903 		orr	r3, r3, #9
 385              	.LVL10:
 386 000e 1370     		strb	r3, [r2]
 129:Generated_Source\PSoC5/ServoAB.c ****             ServoAB_AUX_CONTROLDP1 |= (ServoAB_AUX_CTRL_FIFO0_CLR);
 387              		.loc 1 129 0
 388 0010 2232     		adds	r2, r2, #34
 389 0012 1378     		ldrb	r3, [r2]	@ zero_extendqisi2
 390 0014 43F00103 		orr	r3, r3, #1
 391 0018 1370     		strb	r3, [r2]
 130:Generated_Source\PSoC5/ServoAB.c ****         #endif /* (ServoAB_Resolution == 8) */
 392              		.loc 1 130 0
 393 001a 0132     		adds	r2, r2, #1
 394 001c 1378     		ldrb	r3, [r2]	@ zero_extendqisi2
ARM GAS  C:\Users\PC\AppData\Local\Temp\ccR3xtdr.s 			page 22


 395 001e 43F00103 		orr	r3, r3, #1
 396 0022 1370     		strb	r3, [r2]
 133:Generated_Source\PSoC5/ServoAB.c ****     #endif /* (!ServoAB_UsingFixedFunction) */
 397              		.loc 1 133 0
 398 0024 45F6C050 		movw	r0, #24000
 399 0028 FFF7FEFF 		bl	ServoAB_WriteCounter
 400              	.LVL11:
 136:Generated_Source\PSoC5/ServoAB.c **** 
 401              		.loc 1 136 0
 402 002c 45F6C050 		movw	r0, #24000
 403 0030 FFF7FEFF 		bl	ServoAB_WritePeriod
 404              	.LVL12:
 141:Generated_Source\PSoC5/ServoAB.c ****             ServoAB_WriteCompare2(ServoAB_INIT_COMPARE_VALUE2);
 405              		.loc 1 141 0
 406 0034 0020     		movs	r0, #0
 407 0036 FFF7FEFF 		bl	ServoAB_WriteCompare1
 408              	.LVL13:
 142:Generated_Source\PSoC5/ServoAB.c ****         #endif /* (ServoAB_UseOneCompareMode) */
 409              		.loc 1 142 0
 410 003a 0020     		movs	r0, #0
 411 003c FFF7FEFF 		bl	ServoAB_WriteCompare2
 412              	.LVL14:
 154:Generated_Source\PSoC5/ServoAB.c ****     #endif /* (ServoAB_UseStatus || ServoAB_UsingFixedFunction) */
 413              		.loc 1 154 0
 414 0040 0020     		movs	r0, #0
 415 0042 FFF7FEFF 		bl	ServoAB_SetInterruptMode
 416              	.LVL15:
 167:Generated_Source\PSoC5/ServoAB.c ****             /* Use the interrupt output of the status register for IRQ output */
 417              		.loc 1 167 0
 418 0046 FFF7FEFF 		bl	CyEnterCriticalSection
 419              	.LVL16:
 169:Generated_Source\PSoC5/ServoAB.c **** 
 420              		.loc 1 169 0
 421 004a 064A     		ldr	r2, .L43+4
 422 004c 1378     		ldrb	r3, [r2]	@ zero_extendqisi2
 423 004e 43F01003 		orr	r3, r3, #16
 424 0052 1370     		strb	r3, [r2]
 172:Generated_Source\PSoC5/ServoAB.c **** 
 425              		.loc 1 172 0
 426 0054 FFF7FEFF 		bl	CyExitCriticalSection
 427              	.LVL17:
 176:Generated_Source\PSoC5/ServoAB.c ****         #endif /* (ServoAB_UseStatus) */
 428              		.loc 1 176 0
 429 0058 FFF7FEFF 		bl	ServoAB_ClearFIFO
 430              	.LVL18:
 431 005c 08BD     		pop	{r3, pc}
 432              	.L44:
 433 005e 00BF     		.align	2
 434              	.L43:
 435 0060 7A640040 		.word	1073767546
 436 0064 9E640040 		.word	1073767582
 437              		.cfi_endproc
 438              	.LFE1:
 439              		.size	ServoAB_Init, .-ServoAB_Init
 440              		.section	.text.ServoAB_Start,"ax",%progbits
 441              		.align	2
 442              		.global	ServoAB_Start
ARM GAS  C:\Users\PC\AppData\Local\Temp\ccR3xtdr.s 			page 23


 443              		.thumb
 444              		.thumb_func
 445              		.type	ServoAB_Start, %function
 446              	ServoAB_Start:
 447              	.LFB0:
  56:Generated_Source\PSoC5/ServoAB.c ****     /* If not Initialized then initialize all required hardware and software */
 448              		.loc 1 56 0
 449              		.cfi_startproc
 450              		@ args = 0, pretend = 0, frame = 0
 451              		@ frame_needed = 0, uses_anonymous_args = 0
 452 0000 08B5     		push	{r3, lr}
 453              		.cfi_def_cfa_offset 8
 454              		.cfi_offset 3, -8
 455              		.cfi_offset 14, -4
  58:Generated_Source\PSoC5/ServoAB.c ****     {
 456              		.loc 1 58 0
 457 0002 054B     		ldr	r3, .L48
 458 0004 1B78     		ldrb	r3, [r3]	@ zero_extendqisi2
 459 0006 23B9     		cbnz	r3, .L46
  60:Generated_Source\PSoC5/ServoAB.c ****         ServoAB_initVar = 1u;
 460              		.loc 1 60 0
 461 0008 FFF7FEFF 		bl	ServoAB_Init
 462              	.LVL19:
  61:Generated_Source\PSoC5/ServoAB.c ****     }
 463              		.loc 1 61 0
 464 000c 0122     		movs	r2, #1
 465 000e 024B     		ldr	r3, .L48
 466 0010 1A70     		strb	r2, [r3]
 467              	.L46:
  63:Generated_Source\PSoC5/ServoAB.c **** 
 468              		.loc 1 63 0
 469 0012 FFF7FEFF 		bl	ServoAB_Enable
 470              	.LVL20:
 471 0016 08BD     		pop	{r3, pc}
 472              	.L49:
 473              		.align	2
 474              	.L48:
 475 0018 00000000 		.word	.LANCHOR0
 476              		.cfi_endproc
 477              	.LFE0:
 478              		.size	ServoAB_Start, .-ServoAB_Start
 479              		.section	.text.ServoAB_ReadCompare1,"ax",%progbits
 480              		.align	2
 481              		.global	ServoAB_ReadCompare1
 482              		.thumb
 483              		.thumb_func
 484              		.type	ServoAB_ReadCompare1, %function
 485              	ServoAB_ReadCompare1:
 486              	.LFB15:
 794:Generated_Source\PSoC5/ServoAB.c **** 
 795:Generated_Source\PSoC5/ServoAB.c **** #endif /* (!ServoAB_UsingFixedFunction) */
 796:Generated_Source\PSoC5/ServoAB.c **** 
 797:Generated_Source\PSoC5/ServoAB.c **** 
 798:Generated_Source\PSoC5/ServoAB.c **** #if (ServoAB_UseOneCompareMode)
 799:Generated_Source\PSoC5/ServoAB.c **** 
 800:Generated_Source\PSoC5/ServoAB.c **** 
 801:Generated_Source\PSoC5/ServoAB.c ****     /*******************************************************************************
ARM GAS  C:\Users\PC\AppData\Local\Temp\ccR3xtdr.s 			page 24


 802:Generated_Source\PSoC5/ServoAB.c ****     * Function Name: ServoAB_ReadCompare
 803:Generated_Source\PSoC5/ServoAB.c ****     ********************************************************************************
 804:Generated_Source\PSoC5/ServoAB.c ****     *
 805:Generated_Source\PSoC5/ServoAB.c ****     * Summary:
 806:Generated_Source\PSoC5/ServoAB.c ****     *  Reads the compare value for the compare output when the PWM Mode parameter is
 807:Generated_Source\PSoC5/ServoAB.c ****     *  set to Dither mode, Center Aligned mode, or One Output mode.
 808:Generated_Source\PSoC5/ServoAB.c ****     *
 809:Generated_Source\PSoC5/ServoAB.c ****     * Parameters:
 810:Generated_Source\PSoC5/ServoAB.c ****     *  None
 811:Generated_Source\PSoC5/ServoAB.c ****     *
 812:Generated_Source\PSoC5/ServoAB.c ****     * Return:
 813:Generated_Source\PSoC5/ServoAB.c ****     *  uint8/uint16: Current compare value
 814:Generated_Source\PSoC5/ServoAB.c ****     *
 815:Generated_Source\PSoC5/ServoAB.c ****     *******************************************************************************/
 816:Generated_Source\PSoC5/ServoAB.c ****     uint16 ServoAB_ReadCompare(void) 
 817:Generated_Source\PSoC5/ServoAB.c ****     {
 818:Generated_Source\PSoC5/ServoAB.c ****         #if(ServoAB_UsingFixedFunction)
 819:Generated_Source\PSoC5/ServoAB.c ****             return ((uint16)CY_GET_REG16(ServoAB_COMPARE1_LSB_PTR));
 820:Generated_Source\PSoC5/ServoAB.c ****         #else
 821:Generated_Source\PSoC5/ServoAB.c ****             return (CY_GET_REG16(ServoAB_COMPARE1_LSB_PTR));
 822:Generated_Source\PSoC5/ServoAB.c ****         #endif /* (ServoAB_UsingFixedFunction) */
 823:Generated_Source\PSoC5/ServoAB.c ****     }
 824:Generated_Source\PSoC5/ServoAB.c **** 
 825:Generated_Source\PSoC5/ServoAB.c **** #else
 826:Generated_Source\PSoC5/ServoAB.c **** 
 827:Generated_Source\PSoC5/ServoAB.c **** 
 828:Generated_Source\PSoC5/ServoAB.c ****     /*******************************************************************************
 829:Generated_Source\PSoC5/ServoAB.c ****     * Function Name: ServoAB_ReadCompare1
 830:Generated_Source\PSoC5/ServoAB.c ****     ********************************************************************************
 831:Generated_Source\PSoC5/ServoAB.c ****     *
 832:Generated_Source\PSoC5/ServoAB.c ****     * Summary:
 833:Generated_Source\PSoC5/ServoAB.c ****     *  Reads the compare value for the compare1 output.
 834:Generated_Source\PSoC5/ServoAB.c ****     *
 835:Generated_Source\PSoC5/ServoAB.c ****     * Parameters:
 836:Generated_Source\PSoC5/ServoAB.c ****     *  None
 837:Generated_Source\PSoC5/ServoAB.c ****     *
 838:Generated_Source\PSoC5/ServoAB.c ****     * Return:
 839:Generated_Source\PSoC5/ServoAB.c ****     *  uint8/uint16: Current compare value.
 840:Generated_Source\PSoC5/ServoAB.c ****     *
 841:Generated_Source\PSoC5/ServoAB.c ****     *******************************************************************************/
 842:Generated_Source\PSoC5/ServoAB.c ****     uint16 ServoAB_ReadCompare1(void) 
 843:Generated_Source\PSoC5/ServoAB.c ****     {
 487              		.loc 1 843 0
 488              		.cfi_startproc
 489              		@ args = 0, pretend = 0, frame = 0
 490              		@ frame_needed = 0, uses_anonymous_args = 0
 491              		@ link register save eliminated.
 844:Generated_Source\PSoC5/ServoAB.c ****         return (CY_GET_REG16(ServoAB_COMPARE1_LSB_PTR));
 492              		.loc 1 844 0
 493 0000 014B     		ldr	r3, .L51
 494 0002 1888     		ldrh	r0, [r3]
 845:Generated_Source\PSoC5/ServoAB.c ****     }
 495              		.loc 1 845 0
 496 0004 80B2     		uxth	r0, r0
 497 0006 7047     		bx	lr
 498              	.L52:
 499              		.align	2
ARM GAS  C:\Users\PC\AppData\Local\Temp\ccR3xtdr.s 			page 25


 500              	.L51:
 501 0008 58680040 		.word	1073768536
 502              		.cfi_endproc
 503              	.LFE15:
 504              		.size	ServoAB_ReadCompare1, .-ServoAB_ReadCompare1
 505              		.section	.text.ServoAB_ReadCompare2,"ax",%progbits
 506              		.align	2
 507              		.global	ServoAB_ReadCompare2
 508              		.thumb
 509              		.thumb_func
 510              		.type	ServoAB_ReadCompare2, %function
 511              	ServoAB_ReadCompare2:
 512              	.LFB16:
 846:Generated_Source\PSoC5/ServoAB.c **** 
 847:Generated_Source\PSoC5/ServoAB.c **** 
 848:Generated_Source\PSoC5/ServoAB.c ****     /*******************************************************************************
 849:Generated_Source\PSoC5/ServoAB.c ****     * Function Name: ServoAB_ReadCompare2
 850:Generated_Source\PSoC5/ServoAB.c ****     ********************************************************************************
 851:Generated_Source\PSoC5/ServoAB.c ****     *
 852:Generated_Source\PSoC5/ServoAB.c ****     * Summary:
 853:Generated_Source\PSoC5/ServoAB.c ****     *  Reads the compare value for the compare2 output.
 854:Generated_Source\PSoC5/ServoAB.c ****     *
 855:Generated_Source\PSoC5/ServoAB.c ****     * Parameters:
 856:Generated_Source\PSoC5/ServoAB.c ****     *  None
 857:Generated_Source\PSoC5/ServoAB.c ****     *
 858:Generated_Source\PSoC5/ServoAB.c ****     * Return:
 859:Generated_Source\PSoC5/ServoAB.c ****     *  uint8/uint16: Current compare value.
 860:Generated_Source\PSoC5/ServoAB.c ****     *
 861:Generated_Source\PSoC5/ServoAB.c ****     *******************************************************************************/
 862:Generated_Source\PSoC5/ServoAB.c ****     uint16 ServoAB_ReadCompare2(void) 
 863:Generated_Source\PSoC5/ServoAB.c ****     {
 513              		.loc 1 863 0
 514              		.cfi_startproc
 515              		@ args = 0, pretend = 0, frame = 0
 516              		@ frame_needed = 0, uses_anonymous_args = 0
 517              		@ link register save eliminated.
 864:Generated_Source\PSoC5/ServoAB.c ****         return (CY_GET_REG16(ServoAB_COMPARE2_LSB_PTR));
 518              		.loc 1 864 0
 519 0000 014B     		ldr	r3, .L54
 520 0002 1888     		ldrh	r0, [r3]
 865:Generated_Source\PSoC5/ServoAB.c ****     }
 521              		.loc 1 865 0
 522 0004 80B2     		uxth	r0, r0
 523 0006 7047     		bx	lr
 524              	.L55:
 525              		.align	2
 526              	.L54:
 527 0008 78680040 		.word	1073768568
 528              		.cfi_endproc
 529              	.LFE16:
 530              		.size	ServoAB_ReadCompare2, .-ServoAB_ReadCompare2
 531              		.section	.text.ServoAB_ReadPeriod,"ax",%progbits
 532              		.align	2
 533              		.global	ServoAB_ReadPeriod
 534              		.thumb
 535              		.thumb_func
 536              		.type	ServoAB_ReadPeriod, %function
ARM GAS  C:\Users\PC\AppData\Local\Temp\ccR3xtdr.s 			page 26


 537              	ServoAB_ReadPeriod:
 538              	.LFB17:
 866:Generated_Source\PSoC5/ServoAB.c **** 
 867:Generated_Source\PSoC5/ServoAB.c **** #endif /* (ServoAB_UseOneCompareMode) */
 868:Generated_Source\PSoC5/ServoAB.c **** 
 869:Generated_Source\PSoC5/ServoAB.c **** 
 870:Generated_Source\PSoC5/ServoAB.c **** /*******************************************************************************
 871:Generated_Source\PSoC5/ServoAB.c **** * Function Name: ServoAB_ReadPeriod
 872:Generated_Source\PSoC5/ServoAB.c **** ********************************************************************************
 873:Generated_Source\PSoC5/ServoAB.c **** *
 874:Generated_Source\PSoC5/ServoAB.c **** * Summary:
 875:Generated_Source\PSoC5/ServoAB.c **** *  Reads the period value used by the PWM hardware.
 876:Generated_Source\PSoC5/ServoAB.c **** *
 877:Generated_Source\PSoC5/ServoAB.c **** * Parameters:
 878:Generated_Source\PSoC5/ServoAB.c **** *  None
 879:Generated_Source\PSoC5/ServoAB.c **** *
 880:Generated_Source\PSoC5/ServoAB.c **** * Return:
 881:Generated_Source\PSoC5/ServoAB.c **** *  uint8/16: Period value
 882:Generated_Source\PSoC5/ServoAB.c **** *
 883:Generated_Source\PSoC5/ServoAB.c **** *******************************************************************************/
 884:Generated_Source\PSoC5/ServoAB.c **** uint16 ServoAB_ReadPeriod(void) 
 885:Generated_Source\PSoC5/ServoAB.c **** {
 539              		.loc 1 885 0
 540              		.cfi_startproc
 541              		@ args = 0, pretend = 0, frame = 0
 542              		@ frame_needed = 0, uses_anonymous_args = 0
 543              		@ link register save eliminated.
 886:Generated_Source\PSoC5/ServoAB.c ****     #if(ServoAB_UsingFixedFunction)
 887:Generated_Source\PSoC5/ServoAB.c ****         return ((uint16)CY_GET_REG16(ServoAB_PERIOD_LSB_PTR));
 888:Generated_Source\PSoC5/ServoAB.c ****     #else
 889:Generated_Source\PSoC5/ServoAB.c ****         return (CY_GET_REG16(ServoAB_PERIOD_LSB_PTR));
 544              		.loc 1 889 0
 545 0000 014B     		ldr	r3, .L57
 546 0002 1888     		ldrh	r0, [r3]
 890:Generated_Source\PSoC5/ServoAB.c ****     #endif /* (ServoAB_UsingFixedFunction) */
 891:Generated_Source\PSoC5/ServoAB.c **** }
 547              		.loc 1 891 0
 548 0004 80B2     		uxth	r0, r0
 549 0006 7047     		bx	lr
 550              	.L58:
 551              		.align	2
 552              	.L57:
 553 0008 98680040 		.word	1073768600
 554              		.cfi_endproc
 555              	.LFE17:
 556              		.size	ServoAB_ReadPeriod, .-ServoAB_ReadPeriod
 557              		.global	ServoAB_initVar
 558              		.bss
 559              		.set	.LANCHOR0,. + 0
 560              		.type	ServoAB_initVar, %object
 561              		.size	ServoAB_initVar, 1
 562              	ServoAB_initVar:
 563 0000 00       		.space	1
 564              		.text
 565              	.Letext0:
 566              		.file 2 "Generated_Source\\PSoC5\\cytypes.h"
 567              		.file 3 "Generated_Source\\PSoC5\\CyLib.h"
ARM GAS  C:\Users\PC\AppData\Local\Temp\ccR3xtdr.s 			page 27


 568              		.section	.debug_info,"",%progbits
 569              	.Ldebug_info0:
 570 0000 9C030000 		.4byte	0x39c
 571 0004 0400     		.2byte	0x4
 572 0006 00000000 		.4byte	.Ldebug_abbrev0
 573 000a 04       		.byte	0x4
 574 000b 01       		.uleb128 0x1
 575 000c E9000000 		.4byte	.LASF45
 576 0010 0C       		.byte	0xc
 577 0011 B7020000 		.4byte	.LASF46
 578 0015 9C010000 		.4byte	.LASF47
 579 0019 00000000 		.4byte	.Ldebug_ranges0+0
 580 001d 00000000 		.4byte	0
 581 0021 00000000 		.4byte	.Ldebug_line0
 582 0025 02       		.uleb128 0x2
 583 0026 01       		.byte	0x1
 584 0027 06       		.byte	0x6
 585 0028 7B030000 		.4byte	.LASF0
 586 002c 02       		.uleb128 0x2
 587 002d 01       		.byte	0x1
 588 002e 08       		.byte	0x8
 589 002f DB000000 		.4byte	.LASF1
 590 0033 02       		.uleb128 0x2
 591 0034 02       		.byte	0x2
 592 0035 05       		.byte	0x5
 593 0036 EE020000 		.4byte	.LASF2
 594 003a 02       		.uleb128 0x2
 595 003b 02       		.byte	0x2
 596 003c 07       		.byte	0x7
 597 003d 57000000 		.4byte	.LASF3
 598 0041 02       		.uleb128 0x2
 599 0042 04       		.byte	0x4
 600 0043 05       		.byte	0x5
 601 0044 31030000 		.4byte	.LASF4
 602 0048 02       		.uleb128 0x2
 603 0049 04       		.byte	0x4
 604 004a 07       		.byte	0x7
 605 004b 7C010000 		.4byte	.LASF5
 606 004f 02       		.uleb128 0x2
 607 0050 08       		.byte	0x8
 608 0051 05       		.byte	0x5
 609 0052 89020000 		.4byte	.LASF6
 610 0056 02       		.uleb128 0x2
 611 0057 08       		.byte	0x8
 612 0058 07       		.byte	0x7
 613 0059 C4000000 		.4byte	.LASF7
 614 005d 03       		.uleb128 0x3
 615 005e 04       		.byte	0x4
 616 005f 05       		.byte	0x5
 617 0060 696E7400 		.ascii	"int\000"
 618 0064 02       		.uleb128 0x2
 619 0065 04       		.byte	0x4
 620 0066 07       		.byte	0x7
 621 0067 22020000 		.4byte	.LASF8
 622 006b 04       		.uleb128 0x4
 623 006c 8E010000 		.4byte	.LASF9
 624 0070 02       		.byte	0x2
ARM GAS  C:\Users\PC\AppData\Local\Temp\ccR3xtdr.s 			page 28


 625 0071 E901     		.2byte	0x1e9
 626 0073 2C000000 		.4byte	0x2c
 627 0077 04       		.uleb128 0x4
 628 0078 04020000 		.4byte	.LASF10
 629 007c 02       		.byte	0x2
 630 007d EA01     		.2byte	0x1ea
 631 007f 3A000000 		.4byte	0x3a
 632 0083 02       		.uleb128 0x2
 633 0084 04       		.byte	0x4
 634 0085 04       		.byte	0x4
 635 0086 37000000 		.4byte	.LASF11
 636 008a 02       		.uleb128 0x2
 637 008b 08       		.byte	0x8
 638 008c 04       		.byte	0x4
 639 008d FD010000 		.4byte	.LASF12
 640 0091 02       		.uleb128 0x2
 641 0092 01       		.byte	0x1
 642 0093 08       		.byte	0x8
 643 0094 3A030000 		.4byte	.LASF13
 644 0098 04       		.uleb128 0x4
 645 0099 77010000 		.4byte	.LASF14
 646 009d 02       		.byte	0x2
 647 009e 9302     		.2byte	0x293
 648 00a0 A4000000 		.4byte	0xa4
 649 00a4 05       		.uleb128 0x5
 650 00a5 6B000000 		.4byte	0x6b
 651 00a9 04       		.uleb128 0x4
 652 00aa 00000000 		.4byte	.LASF15
 653 00ae 02       		.byte	0x2
 654 00af 9402     		.2byte	0x294
 655 00b1 B5000000 		.4byte	0xb5
 656 00b5 05       		.uleb128 0x5
 657 00b6 77000000 		.4byte	0x77
 658 00ba 02       		.uleb128 0x2
 659 00bb 08       		.byte	0x8
 660 00bc 04       		.byte	0x4
 661 00bd 53030000 		.4byte	.LASF16
 662 00c1 02       		.uleb128 0x2
 663 00c2 04       		.byte	0x4
 664 00c3 07       		.byte	0x7
 665 00c4 80020000 		.4byte	.LASF17
 666 00c8 06       		.uleb128 0x6
 667 00c9 22030000 		.4byte	.LASF18
 668 00cd 01       		.byte	0x1
 669 00ce C7       		.byte	0xc7
 670 00cf 00000000 		.4byte	.LFB2
 671 00d3 10000000 		.4byte	.LFE2-.LFB2
 672 00d7 01       		.uleb128 0x1
 673 00d8 9C       		.byte	0x9c
 674 00d9 06       		.uleb128 0x6
 675 00da 52020000 		.4byte	.LASF19
 676 00de 01       		.byte	0x1
 677 00df E9       		.byte	0xe9
 678 00e0 00000000 		.4byte	.LFB3
 679 00e4 10000000 		.4byte	.LFE3-.LFB3
 680 00e8 01       		.uleb128 0x1
 681 00e9 9C       		.byte	0x9c
ARM GAS  C:\Users\PC\AppData\Local\Temp\ccR3xtdr.s 			page 29


 682 00ea 07       		.uleb128 0x7
 683 00eb 66020000 		.4byte	.LASF20
 684 00ef 01       		.byte	0x1
 685 00f0 9301     		.2byte	0x193
 686 00f2 00000000 		.4byte	.LFB4
 687 00f6 0C000000 		.4byte	.LFE4-.LFB4
 688 00fa 01       		.uleb128 0x1
 689 00fb 9C       		.byte	0x9c
 690 00fc 0F010000 		.4byte	0x10f
 691 0100 08       		.uleb128 0x8
 692 0101 BC000000 		.4byte	.LASF22
 693 0105 01       		.byte	0x1
 694 0106 9301     		.2byte	0x193
 695 0108 77000000 		.4byte	0x77
 696 010c 01       		.uleb128 0x1
 697 010d 50       		.byte	0x50
 698 010e 00       		.byte	0
 699 010f 09       		.uleb128 0x9
 700 0110 23000000 		.4byte	.LASF29
 701 0114 01       		.byte	0x1
 702 0115 A901     		.2byte	0x1a9
 703 0117 77000000 		.4byte	0x77
 704 011b 00000000 		.4byte	.LFB5
 705 011f 14000000 		.4byte	.LFE5-.LFB5
 706 0123 01       		.uleb128 0x1
 707 0124 9C       		.byte	0x9c
 708 0125 07       		.uleb128 0x7
 709 0126 A6030000 		.4byte	.LASF21
 710 012a 01       		.byte	0x1
 711 012b E201     		.2byte	0x1e2
 712 012d 00000000 		.4byte	.LFB7
 713 0131 0C000000 		.4byte	.LFE7-.LFB7
 714 0135 01       		.uleb128 0x1
 715 0136 9C       		.byte	0x9c
 716 0137 4A010000 		.4byte	0x14a
 717 013b 08       		.uleb128 0x8
 718 013c 50000000 		.4byte	.LASF23
 719 0140 01       		.byte	0x1
 720 0141 E201     		.2byte	0x1e2
 721 0143 77000000 		.4byte	0x77
 722 0147 01       		.uleb128 0x1
 723 0148 50       		.byte	0x50
 724 0149 00       		.byte	0
 725 014a 07       		.uleb128 0x7
 726 014b E7010000 		.4byte	.LASF24
 727 014f 01       		.byte	0x1
 728 0150 2B02     		.2byte	0x22b
 729 0152 00000000 		.4byte	.LFB8
 730 0156 0C000000 		.4byte	.LFE8-.LFB8
 731 015a 01       		.uleb128 0x1
 732 015b 9C       		.byte	0x9c
 733 015c 6F010000 		.4byte	0x16f
 734 0160 08       		.uleb128 0x8
 735 0161 87030000 		.4byte	.LASF25
 736 0165 01       		.byte	0x1
 737 0166 2B02     		.2byte	0x22b
 738 0168 77000000 		.4byte	0x77
ARM GAS  C:\Users\PC\AppData\Local\Temp\ccR3xtdr.s 			page 30


 739 016c 01       		.uleb128 0x1
 740 016d 50       		.byte	0x50
 741 016e 00       		.byte	0
 742 016f 07       		.uleb128 0x7
 743 0170 D8020000 		.4byte	.LASF26
 744 0174 01       		.byte	0x1
 745 0175 4802     		.2byte	0x248
 746 0177 00000000 		.4byte	.LFB9
 747 017b 0C000000 		.4byte	.LFE9-.LFB9
 748 017f 01       		.uleb128 0x1
 749 0180 9C       		.byte	0x9c
 750 0181 94010000 		.4byte	0x194
 751 0185 08       		.uleb128 0x8
 752 0186 87030000 		.4byte	.LASF25
 753 018a 01       		.byte	0x1
 754 018b 4802     		.2byte	0x248
 755 018d 77000000 		.4byte	0x77
 756 0191 01       		.uleb128 0x1
 757 0192 50       		.byte	0x50
 758 0193 00       		.byte	0
 759 0194 07       		.uleb128 0x7
 760 0195 88000000 		.4byte	.LASF27
 761 0199 01       		.byte	0x1
 762 019a AC02     		.2byte	0x2ac
 763 019c 00000000 		.4byte	.LFB10
 764 01a0 0C000000 		.4byte	.LFE10-.LFB10
 765 01a4 01       		.uleb128 0x1
 766 01a5 9C       		.byte	0x9c
 767 01a6 B9010000 		.4byte	0x1b9
 768 01aa 08       		.uleb128 0x8
 769 01ab A9020000 		.4byte	.LASF28
 770 01af 01       		.byte	0x1
 771 01b0 AC02     		.2byte	0x2ac
 772 01b2 6B000000 		.4byte	0x6b
 773 01b6 01       		.uleb128 0x1
 774 01b7 50       		.byte	0x50
 775 01b8 00       		.byte	0
 776 01b9 09       		.uleb128 0x9
 777 01ba A1000000 		.4byte	.LASF30
 778 01be 01       		.byte	0x1
 779 01bf C702     		.2byte	0x2c7
 780 01c1 6B000000 		.4byte	0x6b
 781 01c5 00000000 		.4byte	.LFB11
 782 01c9 0C000000 		.4byte	.LFE11-.LFB11
 783 01cd 01       		.uleb128 0x1
 784 01ce 9C       		.byte	0x9c
 785 01cf 0A       		.uleb128 0xa
 786 01d0 5F030000 		.4byte	.LASF48
 787 01d4 01       		.byte	0x1
 788 01d5 E102     		.2byte	0x2e1
 789 01d7 6B000000 		.4byte	0x6b
 790 01db 00000000 		.4byte	.LFB12
 791 01df 0C000000 		.4byte	.LFE12-.LFB12
 792 01e3 01       		.uleb128 0x1
 793 01e4 9C       		.byte	0x9c
 794 01e5 F8010000 		.4byte	0x1f8
 795 01e9 0B       		.uleb128 0xb
ARM GAS  C:\Users\PC\AppData\Local\Temp\ccR3xtdr.s 			page 31


 796 01ea 5F020000 		.4byte	.LASF36
 797 01ee 01       		.byte	0x1
 798 01ef E302     		.2byte	0x2e3
 799 01f1 6B000000 		.4byte	0x6b
 800 01f5 01       		.uleb128 0x1
 801 01f6 50       		.byte	0x50
 802 01f7 00       		.byte	0
 803 01f8 07       		.uleb128 0x7
 804 01f9 06000000 		.4byte	.LASF31
 805 01fd 01       		.byte	0x1
 806 01fe FD02     		.2byte	0x2fd
 807 0200 00000000 		.4byte	.LFB13
 808 0204 0C000000 		.4byte	.LFE13-.LFB13
 809 0208 01       		.uleb128 0x1
 810 0209 9C       		.byte	0x9c
 811 020a 1D020000 		.4byte	0x21d
 812 020e 08       		.uleb128 0x8
 813 020f 94010000 		.4byte	.LASF32
 814 0213 01       		.byte	0x1
 815 0214 FD02     		.2byte	0x2fd
 816 0216 6B000000 		.4byte	0x6b
 817 021a 01       		.uleb128 0x1
 818 021b 50       		.byte	0x50
 819 021c 00       		.byte	0
 820 021d 09       		.uleb128 0x9
 821 021e 3F030000 		.4byte	.LASF33
 822 0222 01       		.byte	0x1
 823 0223 1603     		.2byte	0x316
 824 0225 77000000 		.4byte	0x77
 825 0229 00000000 		.4byte	.LFB14
 826 022d 0C000000 		.4byte	.LFE14-.LFB14
 827 0231 01       		.uleb128 0x1
 828 0232 9C       		.byte	0x9c
 829 0233 07       		.uleb128 0x7
 830 0234 97020000 		.4byte	.LASF34
 831 0238 01       		.byte	0x1
 832 0239 C501     		.2byte	0x1c5
 833 023b 00000000 		.4byte	.LFB6
 834 023f 14000000 		.4byte	.LFE6-.LFB6
 835 0243 01       		.uleb128 0x1
 836 0244 9C       		.byte	0x9c
 837 0245 5C020000 		.4byte	0x25c
 838 0249 0C       		.uleb128 0xc
 839 024a 08000000 		.4byte	.LVL7
 840 024e 1D020000 		.4byte	0x21d
 841 0252 0C       		.uleb128 0xc
 842 0253 0C000000 		.4byte	.LVL8
 843 0257 B9010000 		.4byte	0x1b9
 844 025b 00       		.byte	0
 845 025c 0D       		.uleb128 0xd
 846 025d 2F020000 		.4byte	.LASF35
 847 0261 01       		.byte	0x1
 848 0262 54       		.byte	0x54
 849 0263 00000000 		.4byte	.LFB1
 850 0267 68000000 		.4byte	.LFE1-.LFB1
 851 026b 01       		.uleb128 0x1
 852 026c 9C       		.byte	0x9c
ARM GAS  C:\Users\PC\AppData\Local\Temp\ccR3xtdr.s 			page 32


 853 026d 0E030000 		.4byte	0x30e
 854 0271 0E       		.uleb128 0xe
 855 0272 7B020000 		.4byte	.LASF37
 856 0276 01       		.byte	0x1
 857 0277 57       		.byte	0x57
 858 0278 6B000000 		.4byte	0x6b
 859 027c 00000000 		.4byte	.LLST0
 860 0280 0E       		.uleb128 0xe
 861 0281 8F030000 		.4byte	.LASF38
 862 0285 01       		.byte	0x1
 863 0286 5D       		.byte	0x5d
 864 0287 6B000000 		.4byte	0x6b
 865 028b 13000000 		.4byte	.LLST1
 866 028f 0F       		.uleb128 0xf
 867 0290 2C000000 		.4byte	.LVL11
 868 0294 EA000000 		.4byte	0xea
 869 0298 A4020000 		.4byte	0x2a4
 870 029c 10       		.uleb128 0x10
 871 029d 01       		.uleb128 0x1
 872 029e 50       		.byte	0x50
 873 029f 03       		.uleb128 0x3
 874 02a0 0A       		.byte	0xa
 875 02a1 C05D     		.2byte	0x5dc0
 876 02a3 00       		.byte	0
 877 02a4 0F       		.uleb128 0xf
 878 02a5 34000000 		.4byte	.LVL12
 879 02a9 25010000 		.4byte	0x125
 880 02ad B9020000 		.4byte	0x2b9
 881 02b1 10       		.uleb128 0x10
 882 02b2 01       		.uleb128 0x1
 883 02b3 50       		.byte	0x50
 884 02b4 03       		.uleb128 0x3
 885 02b5 0A       		.byte	0xa
 886 02b6 C05D     		.2byte	0x5dc0
 887 02b8 00       		.byte	0
 888 02b9 0F       		.uleb128 0xf
 889 02ba 3A000000 		.4byte	.LVL13
 890 02be 4A010000 		.4byte	0x14a
 891 02c2 CC020000 		.4byte	0x2cc
 892 02c6 10       		.uleb128 0x10
 893 02c7 01       		.uleb128 0x1
 894 02c8 50       		.byte	0x50
 895 02c9 01       		.uleb128 0x1
 896 02ca 30       		.byte	0x30
 897 02cb 00       		.byte	0
 898 02cc 0F       		.uleb128 0xf
 899 02cd 40000000 		.4byte	.LVL14
 900 02d1 6F010000 		.4byte	0x16f
 901 02d5 DF020000 		.4byte	0x2df
 902 02d9 10       		.uleb128 0x10
 903 02da 01       		.uleb128 0x1
 904 02db 50       		.byte	0x50
 905 02dc 01       		.uleb128 0x1
 906 02dd 30       		.byte	0x30
 907 02de 00       		.byte	0
 908 02df 0F       		.uleb128 0xf
 909 02e0 46000000 		.4byte	.LVL15
ARM GAS  C:\Users\PC\AppData\Local\Temp\ccR3xtdr.s 			page 33


 910 02e4 94010000 		.4byte	0x194
 911 02e8 F2020000 		.4byte	0x2f2
 912 02ec 10       		.uleb128 0x10
 913 02ed 01       		.uleb128 0x1
 914 02ee 50       		.byte	0x50
 915 02ef 01       		.uleb128 0x1
 916 02f0 30       		.byte	0x30
 917 02f1 00       		.byte	0
 918 02f2 0C       		.uleb128 0xc
 919 02f3 4A000000 		.4byte	.LVL16
 920 02f7 89030000 		.4byte	0x389
 921 02fb 0C       		.uleb128 0xc
 922 02fc 58000000 		.4byte	.LVL17
 923 0300 94030000 		.4byte	0x394
 924 0304 0C       		.uleb128 0xc
 925 0305 5C000000 		.4byte	.LVL18
 926 0309 33020000 		.4byte	0x233
 927 030d 00       		.byte	0
 928 030e 0D       		.uleb128 0xd
 929 030f 7A000000 		.4byte	.LASF39
 930 0313 01       		.byte	0x1
 931 0314 37       		.byte	0x37
 932 0315 00000000 		.4byte	.LFB0
 933 0319 1C000000 		.4byte	.LFE0-.LFB0
 934 031d 01       		.uleb128 0x1
 935 031e 9C       		.byte	0x9c
 936 031f 36030000 		.4byte	0x336
 937 0323 0C       		.uleb128 0xc
 938 0324 0C000000 		.4byte	.LVL19
 939 0328 5C020000 		.4byte	0x25c
 940 032c 0C       		.uleb128 0xc
 941 032d 16000000 		.4byte	.LVL20
 942 0331 C8000000 		.4byte	0xc8
 943 0335 00       		.byte	0
 944 0336 09       		.uleb128 0x9
 945 0337 F8020000 		.4byte	.LASF40
 946 033b 01       		.byte	0x1
 947 033c 4A03     		.2byte	0x34a
 948 033e 77000000 		.4byte	0x77
 949 0342 00000000 		.4byte	.LFB15
 950 0346 0C000000 		.4byte	.LFE15-.LFB15
 951 034a 01       		.uleb128 0x1
 952 034b 9C       		.byte	0x9c
 953 034c 09       		.uleb128 0x9
 954 034d 0D030000 		.4byte	.LASF41
 955 0351 01       		.byte	0x1
 956 0352 5E03     		.2byte	0x35e
 957 0354 77000000 		.4byte	0x77
 958 0358 00000000 		.4byte	.LFB16
 959 035c 0C000000 		.4byte	.LFE16-.LFB16
 960 0360 01       		.uleb128 0x1
 961 0361 9C       		.byte	0x9c
 962 0362 09       		.uleb128 0x9
 963 0363 3D000000 		.4byte	.LASF42
 964 0367 01       		.byte	0x1
 965 0368 7403     		.2byte	0x374
 966 036a 77000000 		.4byte	0x77
ARM GAS  C:\Users\PC\AppData\Local\Temp\ccR3xtdr.s 			page 34


 967 036e 00000000 		.4byte	.LFB17
 968 0372 0C000000 		.4byte	.LFE17-.LFB17
 969 0376 01       		.uleb128 0x1
 970 0377 9C       		.byte	0x9c
 971 0378 11       		.uleb128 0x11
 972 0379 6A000000 		.4byte	.LASF49
 973 037d 01       		.byte	0x1
 974 037e 20       		.byte	0x20
 975 037f 6B000000 		.4byte	0x6b
 976 0383 05       		.uleb128 0x5
 977 0384 03       		.byte	0x3
 978 0385 00000000 		.4byte	ServoAB_initVar
 979 0389 12       		.uleb128 0x12
 980 038a 0B020000 		.4byte	.LASF43
 981 038e 0B020000 		.4byte	.LASF43
 982 0392 03       		.byte	0x3
 983 0393 7D       		.byte	0x7d
 984 0394 12       		.uleb128 0x12
 985 0395 3C020000 		.4byte	.LASF44
 986 0399 3C020000 		.4byte	.LASF44
 987 039d 03       		.byte	0x3
 988 039e 7E       		.byte	0x7e
 989 039f 00       		.byte	0
 990              		.section	.debug_abbrev,"",%progbits
 991              	.Ldebug_abbrev0:
 992 0000 01       		.uleb128 0x1
 993 0001 11       		.uleb128 0x11
 994 0002 01       		.byte	0x1
 995 0003 25       		.uleb128 0x25
 996 0004 0E       		.uleb128 0xe
 997 0005 13       		.uleb128 0x13
 998 0006 0B       		.uleb128 0xb
 999 0007 03       		.uleb128 0x3
 1000 0008 0E       		.uleb128 0xe
 1001 0009 1B       		.uleb128 0x1b
 1002 000a 0E       		.uleb128 0xe
 1003 000b 55       		.uleb128 0x55
 1004 000c 17       		.uleb128 0x17
 1005 000d 11       		.uleb128 0x11
 1006 000e 01       		.uleb128 0x1
 1007 000f 10       		.uleb128 0x10
 1008 0010 17       		.uleb128 0x17
 1009 0011 00       		.byte	0
 1010 0012 00       		.byte	0
 1011 0013 02       		.uleb128 0x2
 1012 0014 24       		.uleb128 0x24
 1013 0015 00       		.byte	0
 1014 0016 0B       		.uleb128 0xb
 1015 0017 0B       		.uleb128 0xb
 1016 0018 3E       		.uleb128 0x3e
 1017 0019 0B       		.uleb128 0xb
 1018 001a 03       		.uleb128 0x3
 1019 001b 0E       		.uleb128 0xe
 1020 001c 00       		.byte	0
 1021 001d 00       		.byte	0
 1022 001e 03       		.uleb128 0x3
 1023 001f 24       		.uleb128 0x24
ARM GAS  C:\Users\PC\AppData\Local\Temp\ccR3xtdr.s 			page 35


 1024 0020 00       		.byte	0
 1025 0021 0B       		.uleb128 0xb
 1026 0022 0B       		.uleb128 0xb
 1027 0023 3E       		.uleb128 0x3e
 1028 0024 0B       		.uleb128 0xb
 1029 0025 03       		.uleb128 0x3
 1030 0026 08       		.uleb128 0x8
 1031 0027 00       		.byte	0
 1032 0028 00       		.byte	0
 1033 0029 04       		.uleb128 0x4
 1034 002a 16       		.uleb128 0x16
 1035 002b 00       		.byte	0
 1036 002c 03       		.uleb128 0x3
 1037 002d 0E       		.uleb128 0xe
 1038 002e 3A       		.uleb128 0x3a
 1039 002f 0B       		.uleb128 0xb
 1040 0030 3B       		.uleb128 0x3b
 1041 0031 05       		.uleb128 0x5
 1042 0032 49       		.uleb128 0x49
 1043 0033 13       		.uleb128 0x13
 1044 0034 00       		.byte	0
 1045 0035 00       		.byte	0
 1046 0036 05       		.uleb128 0x5
 1047 0037 35       		.uleb128 0x35
 1048 0038 00       		.byte	0
 1049 0039 49       		.uleb128 0x49
 1050 003a 13       		.uleb128 0x13
 1051 003b 00       		.byte	0
 1052 003c 00       		.byte	0
 1053 003d 06       		.uleb128 0x6
 1054 003e 2E       		.uleb128 0x2e
 1055 003f 00       		.byte	0
 1056 0040 3F       		.uleb128 0x3f
 1057 0041 19       		.uleb128 0x19
 1058 0042 03       		.uleb128 0x3
 1059 0043 0E       		.uleb128 0xe
 1060 0044 3A       		.uleb128 0x3a
 1061 0045 0B       		.uleb128 0xb
 1062 0046 3B       		.uleb128 0x3b
 1063 0047 0B       		.uleb128 0xb
 1064 0048 27       		.uleb128 0x27
 1065 0049 19       		.uleb128 0x19
 1066 004a 11       		.uleb128 0x11
 1067 004b 01       		.uleb128 0x1
 1068 004c 12       		.uleb128 0x12
 1069 004d 06       		.uleb128 0x6
 1070 004e 40       		.uleb128 0x40
 1071 004f 18       		.uleb128 0x18
 1072 0050 9742     		.uleb128 0x2117
 1073 0052 19       		.uleb128 0x19
 1074 0053 00       		.byte	0
 1075 0054 00       		.byte	0
 1076 0055 07       		.uleb128 0x7
 1077 0056 2E       		.uleb128 0x2e
 1078 0057 01       		.byte	0x1
 1079 0058 3F       		.uleb128 0x3f
 1080 0059 19       		.uleb128 0x19
ARM GAS  C:\Users\PC\AppData\Local\Temp\ccR3xtdr.s 			page 36


 1081 005a 03       		.uleb128 0x3
 1082 005b 0E       		.uleb128 0xe
 1083 005c 3A       		.uleb128 0x3a
 1084 005d 0B       		.uleb128 0xb
 1085 005e 3B       		.uleb128 0x3b
 1086 005f 05       		.uleb128 0x5
 1087 0060 27       		.uleb128 0x27
 1088 0061 19       		.uleb128 0x19
 1089 0062 11       		.uleb128 0x11
 1090 0063 01       		.uleb128 0x1
 1091 0064 12       		.uleb128 0x12
 1092 0065 06       		.uleb128 0x6
 1093 0066 40       		.uleb128 0x40
 1094 0067 18       		.uleb128 0x18
 1095 0068 9742     		.uleb128 0x2117
 1096 006a 19       		.uleb128 0x19
 1097 006b 01       		.uleb128 0x1
 1098 006c 13       		.uleb128 0x13
 1099 006d 00       		.byte	0
 1100 006e 00       		.byte	0
 1101 006f 08       		.uleb128 0x8
 1102 0070 05       		.uleb128 0x5
 1103 0071 00       		.byte	0
 1104 0072 03       		.uleb128 0x3
 1105 0073 0E       		.uleb128 0xe
 1106 0074 3A       		.uleb128 0x3a
 1107 0075 0B       		.uleb128 0xb
 1108 0076 3B       		.uleb128 0x3b
 1109 0077 05       		.uleb128 0x5
 1110 0078 49       		.uleb128 0x49
 1111 0079 13       		.uleb128 0x13
 1112 007a 02       		.uleb128 0x2
 1113 007b 18       		.uleb128 0x18
 1114 007c 00       		.byte	0
 1115 007d 00       		.byte	0
 1116 007e 09       		.uleb128 0x9
 1117 007f 2E       		.uleb128 0x2e
 1118 0080 00       		.byte	0
 1119 0081 3F       		.uleb128 0x3f
 1120 0082 19       		.uleb128 0x19
 1121 0083 03       		.uleb128 0x3
 1122 0084 0E       		.uleb128 0xe
 1123 0085 3A       		.uleb128 0x3a
 1124 0086 0B       		.uleb128 0xb
 1125 0087 3B       		.uleb128 0x3b
 1126 0088 05       		.uleb128 0x5
 1127 0089 27       		.uleb128 0x27
 1128 008a 19       		.uleb128 0x19
 1129 008b 49       		.uleb128 0x49
 1130 008c 13       		.uleb128 0x13
 1131 008d 11       		.uleb128 0x11
 1132 008e 01       		.uleb128 0x1
 1133 008f 12       		.uleb128 0x12
 1134 0090 06       		.uleb128 0x6
 1135 0091 40       		.uleb128 0x40
 1136 0092 18       		.uleb128 0x18
 1137 0093 9742     		.uleb128 0x2117
ARM GAS  C:\Users\PC\AppData\Local\Temp\ccR3xtdr.s 			page 37


 1138 0095 19       		.uleb128 0x19
 1139 0096 00       		.byte	0
 1140 0097 00       		.byte	0
 1141 0098 0A       		.uleb128 0xa
 1142 0099 2E       		.uleb128 0x2e
 1143 009a 01       		.byte	0x1
 1144 009b 3F       		.uleb128 0x3f
 1145 009c 19       		.uleb128 0x19
 1146 009d 03       		.uleb128 0x3
 1147 009e 0E       		.uleb128 0xe
 1148 009f 3A       		.uleb128 0x3a
 1149 00a0 0B       		.uleb128 0xb
 1150 00a1 3B       		.uleb128 0x3b
 1151 00a2 05       		.uleb128 0x5
 1152 00a3 27       		.uleb128 0x27
 1153 00a4 19       		.uleb128 0x19
 1154 00a5 49       		.uleb128 0x49
 1155 00a6 13       		.uleb128 0x13
 1156 00a7 11       		.uleb128 0x11
 1157 00a8 01       		.uleb128 0x1
 1158 00a9 12       		.uleb128 0x12
 1159 00aa 06       		.uleb128 0x6
 1160 00ab 40       		.uleb128 0x40
 1161 00ac 18       		.uleb128 0x18
 1162 00ad 9742     		.uleb128 0x2117
 1163 00af 19       		.uleb128 0x19
 1164 00b0 01       		.uleb128 0x1
 1165 00b1 13       		.uleb128 0x13
 1166 00b2 00       		.byte	0
 1167 00b3 00       		.byte	0
 1168 00b4 0B       		.uleb128 0xb
 1169 00b5 34       		.uleb128 0x34
 1170 00b6 00       		.byte	0
 1171 00b7 03       		.uleb128 0x3
 1172 00b8 0E       		.uleb128 0xe
 1173 00b9 3A       		.uleb128 0x3a
 1174 00ba 0B       		.uleb128 0xb
 1175 00bb 3B       		.uleb128 0x3b
 1176 00bc 05       		.uleb128 0x5
 1177 00bd 49       		.uleb128 0x49
 1178 00be 13       		.uleb128 0x13
 1179 00bf 02       		.uleb128 0x2
 1180 00c0 18       		.uleb128 0x18
 1181 00c1 00       		.byte	0
 1182 00c2 00       		.byte	0
 1183 00c3 0C       		.uleb128 0xc
 1184 00c4 898201   		.uleb128 0x4109
 1185 00c7 00       		.byte	0
 1186 00c8 11       		.uleb128 0x11
 1187 00c9 01       		.uleb128 0x1
 1188 00ca 31       		.uleb128 0x31
 1189 00cb 13       		.uleb128 0x13
 1190 00cc 00       		.byte	0
 1191 00cd 00       		.byte	0
 1192 00ce 0D       		.uleb128 0xd
 1193 00cf 2E       		.uleb128 0x2e
 1194 00d0 01       		.byte	0x1
ARM GAS  C:\Users\PC\AppData\Local\Temp\ccR3xtdr.s 			page 38


 1195 00d1 3F       		.uleb128 0x3f
 1196 00d2 19       		.uleb128 0x19
 1197 00d3 03       		.uleb128 0x3
 1198 00d4 0E       		.uleb128 0xe
 1199 00d5 3A       		.uleb128 0x3a
 1200 00d6 0B       		.uleb128 0xb
 1201 00d7 3B       		.uleb128 0x3b
 1202 00d8 0B       		.uleb128 0xb
 1203 00d9 27       		.uleb128 0x27
 1204 00da 19       		.uleb128 0x19
 1205 00db 11       		.uleb128 0x11
 1206 00dc 01       		.uleb128 0x1
 1207 00dd 12       		.uleb128 0x12
 1208 00de 06       		.uleb128 0x6
 1209 00df 40       		.uleb128 0x40
 1210 00e0 18       		.uleb128 0x18
 1211 00e1 9742     		.uleb128 0x2117
 1212 00e3 19       		.uleb128 0x19
 1213 00e4 01       		.uleb128 0x1
 1214 00e5 13       		.uleb128 0x13
 1215 00e6 00       		.byte	0
 1216 00e7 00       		.byte	0
 1217 00e8 0E       		.uleb128 0xe
 1218 00e9 34       		.uleb128 0x34
 1219 00ea 00       		.byte	0
 1220 00eb 03       		.uleb128 0x3
 1221 00ec 0E       		.uleb128 0xe
 1222 00ed 3A       		.uleb128 0x3a
 1223 00ee 0B       		.uleb128 0xb
 1224 00ef 3B       		.uleb128 0x3b
 1225 00f0 0B       		.uleb128 0xb
 1226 00f1 49       		.uleb128 0x49
 1227 00f2 13       		.uleb128 0x13
 1228 00f3 02       		.uleb128 0x2
 1229 00f4 17       		.uleb128 0x17
 1230 00f5 00       		.byte	0
 1231 00f6 00       		.byte	0
 1232 00f7 0F       		.uleb128 0xf
 1233 00f8 898201   		.uleb128 0x4109
 1234 00fb 01       		.byte	0x1
 1235 00fc 11       		.uleb128 0x11
 1236 00fd 01       		.uleb128 0x1
 1237 00fe 31       		.uleb128 0x31
 1238 00ff 13       		.uleb128 0x13
 1239 0100 01       		.uleb128 0x1
 1240 0101 13       		.uleb128 0x13
 1241 0102 00       		.byte	0
 1242 0103 00       		.byte	0
 1243 0104 10       		.uleb128 0x10
 1244 0105 8A8201   		.uleb128 0x410a
 1245 0108 00       		.byte	0
 1246 0109 02       		.uleb128 0x2
 1247 010a 18       		.uleb128 0x18
 1248 010b 9142     		.uleb128 0x2111
 1249 010d 18       		.uleb128 0x18
 1250 010e 00       		.byte	0
 1251 010f 00       		.byte	0
ARM GAS  C:\Users\PC\AppData\Local\Temp\ccR3xtdr.s 			page 39


 1252 0110 11       		.uleb128 0x11
 1253 0111 34       		.uleb128 0x34
 1254 0112 00       		.byte	0
 1255 0113 03       		.uleb128 0x3
 1256 0114 0E       		.uleb128 0xe
 1257 0115 3A       		.uleb128 0x3a
 1258 0116 0B       		.uleb128 0xb
 1259 0117 3B       		.uleb128 0x3b
 1260 0118 0B       		.uleb128 0xb
 1261 0119 49       		.uleb128 0x49
 1262 011a 13       		.uleb128 0x13
 1263 011b 3F       		.uleb128 0x3f
 1264 011c 19       		.uleb128 0x19
 1265 011d 02       		.uleb128 0x2
 1266 011e 18       		.uleb128 0x18
 1267 011f 00       		.byte	0
 1268 0120 00       		.byte	0
 1269 0121 12       		.uleb128 0x12
 1270 0122 2E       		.uleb128 0x2e
 1271 0123 00       		.byte	0
 1272 0124 3F       		.uleb128 0x3f
 1273 0125 19       		.uleb128 0x19
 1274 0126 3C       		.uleb128 0x3c
 1275 0127 19       		.uleb128 0x19
 1276 0128 6E       		.uleb128 0x6e
 1277 0129 0E       		.uleb128 0xe
 1278 012a 03       		.uleb128 0x3
 1279 012b 0E       		.uleb128 0xe
 1280 012c 3A       		.uleb128 0x3a
 1281 012d 0B       		.uleb128 0xb
 1282 012e 3B       		.uleb128 0x3b
 1283 012f 0B       		.uleb128 0xb
 1284 0130 00       		.byte	0
 1285 0131 00       		.byte	0
 1286 0132 00       		.byte	0
 1287              		.section	.debug_loc,"",%progbits
 1288              	.Ldebug_loc0:
 1289              	.LLST0:
 1290 0000 0A000000 		.4byte	.LVL9
 1291 0004 0E000000 		.4byte	.LVL10
 1292 0008 0100     		.2byte	0x1
 1293 000a 53       		.byte	0x53
 1294 000b 00000000 		.4byte	0
 1295 000f 00000000 		.4byte	0
 1296              	.LLST1:
 1297 0013 4A000000 		.4byte	.LVL16
 1298 0017 57000000 		.4byte	.LVL17-1
 1299 001b 0100     		.2byte	0x1
 1300 001d 50       		.byte	0x50
 1301 001e 00000000 		.4byte	0
 1302 0022 00000000 		.4byte	0
 1303              		.section	.debug_aranges,"",%progbits
 1304 0000 A4000000 		.4byte	0xa4
 1305 0004 0200     		.2byte	0x2
 1306 0006 00000000 		.4byte	.Ldebug_info0
 1307 000a 04       		.byte	0x4
 1308 000b 00       		.byte	0
ARM GAS  C:\Users\PC\AppData\Local\Temp\ccR3xtdr.s 			page 40


 1309 000c 0000     		.2byte	0
 1310 000e 0000     		.2byte	0
 1311 0010 00000000 		.4byte	.LFB2
 1312 0014 10000000 		.4byte	.LFE2-.LFB2
 1313 0018 00000000 		.4byte	.LFB3
 1314 001c 10000000 		.4byte	.LFE3-.LFB3
 1315 0020 00000000 		.4byte	.LFB4
 1316 0024 0C000000 		.4byte	.LFE4-.LFB4
 1317 0028 00000000 		.4byte	.LFB5
 1318 002c 14000000 		.4byte	.LFE5-.LFB5
 1319 0030 00000000 		.4byte	.LFB7
 1320 0034 0C000000 		.4byte	.LFE7-.LFB7
 1321 0038 00000000 		.4byte	.LFB8
 1322 003c 0C000000 		.4byte	.LFE8-.LFB8
 1323 0040 00000000 		.4byte	.LFB9
 1324 0044 0C000000 		.4byte	.LFE9-.LFB9
 1325 0048 00000000 		.4byte	.LFB10
 1326 004c 0C000000 		.4byte	.LFE10-.LFB10
 1327 0050 00000000 		.4byte	.LFB11
 1328 0054 0C000000 		.4byte	.LFE11-.LFB11
 1329 0058 00000000 		.4byte	.LFB12
 1330 005c 0C000000 		.4byte	.LFE12-.LFB12
 1331 0060 00000000 		.4byte	.LFB13
 1332 0064 0C000000 		.4byte	.LFE13-.LFB13
 1333 0068 00000000 		.4byte	.LFB14
 1334 006c 0C000000 		.4byte	.LFE14-.LFB14
 1335 0070 00000000 		.4byte	.LFB6
 1336 0074 14000000 		.4byte	.LFE6-.LFB6
 1337 0078 00000000 		.4byte	.LFB1
 1338 007c 68000000 		.4byte	.LFE1-.LFB1
 1339 0080 00000000 		.4byte	.LFB0
 1340 0084 1C000000 		.4byte	.LFE0-.LFB0
 1341 0088 00000000 		.4byte	.LFB15
 1342 008c 0C000000 		.4byte	.LFE15-.LFB15
 1343 0090 00000000 		.4byte	.LFB16
 1344 0094 0C000000 		.4byte	.LFE16-.LFB16
 1345 0098 00000000 		.4byte	.LFB17
 1346 009c 0C000000 		.4byte	.LFE17-.LFB17
 1347 00a0 00000000 		.4byte	0
 1348 00a4 00000000 		.4byte	0
 1349              		.section	.debug_ranges,"",%progbits
 1350              	.Ldebug_ranges0:
 1351 0000 00000000 		.4byte	.LFB2
 1352 0004 10000000 		.4byte	.LFE2
 1353 0008 00000000 		.4byte	.LFB3
 1354 000c 10000000 		.4byte	.LFE3
 1355 0010 00000000 		.4byte	.LFB4
 1356 0014 0C000000 		.4byte	.LFE4
 1357 0018 00000000 		.4byte	.LFB5
 1358 001c 14000000 		.4byte	.LFE5
 1359 0020 00000000 		.4byte	.LFB7
 1360 0024 0C000000 		.4byte	.LFE7
 1361 0028 00000000 		.4byte	.LFB8
 1362 002c 0C000000 		.4byte	.LFE8
 1363 0030 00000000 		.4byte	.LFB9
 1364 0034 0C000000 		.4byte	.LFE9
 1365 0038 00000000 		.4byte	.LFB10
ARM GAS  C:\Users\PC\AppData\Local\Temp\ccR3xtdr.s 			page 41


 1366 003c 0C000000 		.4byte	.LFE10
 1367 0040 00000000 		.4byte	.LFB11
 1368 0044 0C000000 		.4byte	.LFE11
 1369 0048 00000000 		.4byte	.LFB12
 1370 004c 0C000000 		.4byte	.LFE12
 1371 0050 00000000 		.4byte	.LFB13
 1372 0054 0C000000 		.4byte	.LFE13
 1373 0058 00000000 		.4byte	.LFB14
 1374 005c 0C000000 		.4byte	.LFE14
 1375 0060 00000000 		.4byte	.LFB6
 1376 0064 14000000 		.4byte	.LFE6
 1377 0068 00000000 		.4byte	.LFB1
 1378 006c 68000000 		.4byte	.LFE1
 1379 0070 00000000 		.4byte	.LFB0
 1380 0074 1C000000 		.4byte	.LFE0
 1381 0078 00000000 		.4byte	.LFB15
 1382 007c 0C000000 		.4byte	.LFE15
 1383 0080 00000000 		.4byte	.LFB16
 1384 0084 0C000000 		.4byte	.LFE16
 1385 0088 00000000 		.4byte	.LFB17
 1386 008c 0C000000 		.4byte	.LFE17
 1387 0090 00000000 		.4byte	0
 1388 0094 00000000 		.4byte	0
 1389              		.section	.debug_line,"",%progbits
 1390              	.Ldebug_line0:
 1391 0000 AA010000 		.section	.debug_str,"MS",%progbits,1
 1391      02004F00 
 1391      00000201 
 1391      FB0E0D00 
 1391      01010101 
 1392              	.LASF15:
 1393 0000 72656731 		.ascii	"reg16\000"
 1393      3600
 1394              	.LASF31:
 1395 0006 53657276 		.ascii	"ServoAB_WriteControlRegister\000"
 1395      6F41425F 
 1395      57726974 
 1395      65436F6E 
 1395      74726F6C 
 1396              	.LASF29:
 1397 0023 53657276 		.ascii	"ServoAB_ReadCounter\000"
 1397      6F41425F 
 1397      52656164 
 1397      436F756E 
 1397      74657200 
 1398              	.LASF11:
 1399 0037 666C6F61 		.ascii	"float\000"
 1399      7400
 1400              	.LASF42:
 1401 003d 53657276 		.ascii	"ServoAB_ReadPeriod\000"
 1401      6F41425F 
 1401      52656164 
 1401      50657269 
 1401      6F6400
 1402              	.LASF23:
 1403 0050 70657269 		.ascii	"period\000"
 1403      6F6400
ARM GAS  C:\Users\PC\AppData\Local\Temp\ccR3xtdr.s 			page 42


 1404              	.LASF3:
 1405 0057 73686F72 		.ascii	"short unsigned int\000"
 1405      7420756E 
 1405      7369676E 
 1405      65642069 
 1405      6E7400
 1406              	.LASF49:
 1407 006a 53657276 		.ascii	"ServoAB_initVar\000"
 1407      6F41425F 
 1407      696E6974 
 1407      56617200 
 1408              	.LASF39:
 1409 007a 53657276 		.ascii	"ServoAB_Start\000"
 1409      6F41425F 
 1409      53746172 
 1409      7400
 1410              	.LASF27:
 1411 0088 53657276 		.ascii	"ServoAB_SetInterruptMode\000"
 1411      6F41425F 
 1411      53657449 
 1411      6E746572 
 1411      72757074 
 1412              	.LASF30:
 1413 00a1 53657276 		.ascii	"ServoAB_ReadStatusRegister\000"
 1413      6F41425F 
 1413      52656164 
 1413      53746174 
 1413      75735265 
 1414              	.LASF22:
 1415 00bc 636F756E 		.ascii	"counter\000"
 1415      74657200 
 1416              	.LASF7:
 1417 00c4 6C6F6E67 		.ascii	"long long unsigned int\000"
 1417      206C6F6E 
 1417      6720756E 
 1417      7369676E 
 1417      65642069 
 1418              	.LASF1:
 1419 00db 756E7369 		.ascii	"unsigned char\000"
 1419      676E6564 
 1419      20636861 
 1419      7200
 1420              	.LASF45:
 1421 00e9 474E5520 		.ascii	"GNU C11 5.4.1 20160609 (release) [ARM/embedded-5-br"
 1421      43313120 
 1421      352E342E 
 1421      31203230 
 1421      31363036 
 1422 011c 616E6368 		.ascii	"anch revision 237715] -mcpu=cortex-m3 -mthumb -g -O"
 1422      20726576 
 1422      6973696F 
 1422      6E203233 
 1422      37373135 
 1423 014f 67202D66 		.ascii	"g -ffunction-sections -ffat-lto-objects\000"
 1423      66756E63 
 1423      74696F6E 
 1423      2D736563 
ARM GAS  C:\Users\PC\AppData\Local\Temp\ccR3xtdr.s 			page 43


 1423      74696F6E 
 1424              	.LASF14:
 1425 0177 72656738 		.ascii	"reg8\000"
 1425      00
 1426              	.LASF5:
 1427 017c 6C6F6E67 		.ascii	"long unsigned int\000"
 1427      20756E73 
 1427      69676E65 
 1427      6420696E 
 1427      7400
 1428              	.LASF9:
 1429 018e 75696E74 		.ascii	"uint8\000"
 1429      3800
 1430              	.LASF32:
 1431 0194 636F6E74 		.ascii	"control\000"
 1431      726F6C00 
 1432              	.LASF47:
 1433 019c 433A5C55 		.ascii	"C:\\Users\\PC\\Dropbox\\CodeSpaces\\PSoC\\RoboticAr"
 1433      73657273 
 1433      5C50435C 
 1433      44726F70 
 1433      626F785C 
 1434 01c9 6D5C5053 		.ascii	"m\\PSoC_Creator\\MotorPID.cydsn\000"
 1434      6F435F43 
 1434      72656174 
 1434      6F725C4D 
 1434      6F746F72 
 1435              	.LASF24:
 1436 01e7 53657276 		.ascii	"ServoAB_WriteCompare1\000"
 1436      6F41425F 
 1436      57726974 
 1436      65436F6D 
 1436      70617265 
 1437              	.LASF12:
 1438 01fd 646F7562 		.ascii	"double\000"
 1438      6C6500
 1439              	.LASF10:
 1440 0204 75696E74 		.ascii	"uint16\000"
 1440      313600
 1441              	.LASF43:
 1442 020b 4379456E 		.ascii	"CyEnterCriticalSection\000"
 1442      74657243 
 1442      72697469 
 1442      63616C53 
 1442      65637469 
 1443              	.LASF8:
 1444 0222 756E7369 		.ascii	"unsigned int\000"
 1444      676E6564 
 1444      20696E74 
 1444      00
 1445              	.LASF35:
 1446 022f 53657276 		.ascii	"ServoAB_Init\000"
 1446      6F41425F 
 1446      496E6974 
 1446      00
 1447              	.LASF44:
 1448 023c 43794578 		.ascii	"CyExitCriticalSection\000"
ARM GAS  C:\Users\PC\AppData\Local\Temp\ccR3xtdr.s 			page 44


 1448      69744372 
 1448      69746963 
 1448      616C5365 
 1448      6374696F 
 1449              	.LASF19:
 1450 0252 53657276 		.ascii	"ServoAB_Stop\000"
 1450      6F41425F 
 1450      53746F70 
 1450      00
 1451              	.LASF36:
 1452 025f 72657375 		.ascii	"result\000"
 1452      6C7400
 1453              	.LASF20:
 1454 0266 53657276 		.ascii	"ServoAB_WriteCounter\000"
 1454      6F41425F 
 1454      57726974 
 1454      65436F75 
 1454      6E746572 
 1455              	.LASF37:
 1456 027b 6374726C 		.ascii	"ctrl\000"
 1456      00
 1457              	.LASF17:
 1458 0280 73697A65 		.ascii	"sizetype\000"
 1458      74797065 
 1458      00
 1459              	.LASF6:
 1460 0289 6C6F6E67 		.ascii	"long long int\000"
 1460      206C6F6E 
 1460      6720696E 
 1460      7400
 1461              	.LASF34:
 1462 0297 53657276 		.ascii	"ServoAB_ClearFIFO\000"
 1462      6F41425F 
 1462      436C6561 
 1462      72464946 
 1462      4F00
 1463              	.LASF28:
 1464 02a9 696E7465 		.ascii	"interruptMode\000"
 1464      72727570 
 1464      744D6F64 
 1464      6500
 1465              	.LASF46:
 1466 02b7 47656E65 		.ascii	"Generated_Source\\PSoC5\\ServoAB.c\000"
 1466      72617465 
 1466      645F536F 
 1466      75726365 
 1466      5C50536F 
 1467              	.LASF26:
 1468 02d8 53657276 		.ascii	"ServoAB_WriteCompare2\000"
 1468      6F41425F 
 1468      57726974 
 1468      65436F6D 
 1468      70617265 
 1469              	.LASF2:
 1470 02ee 73686F72 		.ascii	"short int\000"
 1470      7420696E 
 1470      7400
ARM GAS  C:\Users\PC\AppData\Local\Temp\ccR3xtdr.s 			page 45


 1471              	.LASF40:
 1472 02f8 53657276 		.ascii	"ServoAB_ReadCompare1\000"
 1472      6F41425F 
 1472      52656164 
 1472      436F6D70 
 1472      61726531 
 1473              	.LASF41:
 1474 030d 53657276 		.ascii	"ServoAB_ReadCompare2\000"
 1474      6F41425F 
 1474      52656164 
 1474      436F6D70 
 1474      61726532 
 1475              	.LASF18:
 1476 0322 53657276 		.ascii	"ServoAB_Enable\000"
 1476      6F41425F 
 1476      456E6162 
 1476      6C6500
 1477              	.LASF4:
 1478 0331 6C6F6E67 		.ascii	"long int\000"
 1478      20696E74 
 1478      00
 1479              	.LASF13:
 1480 033a 63686172 		.ascii	"char\000"
 1480      00
 1481              	.LASF33:
 1482 033f 53657276 		.ascii	"ServoAB_ReadCapture\000"
 1482      6F41425F 
 1482      52656164 
 1482      43617074 
 1482      75726500 
 1483              	.LASF16:
 1484 0353 6C6F6E67 		.ascii	"long double\000"
 1484      20646F75 
 1484      626C6500 
 1485              	.LASF48:
 1486 035f 53657276 		.ascii	"ServoAB_ReadControlRegister\000"
 1486      6F41425F 
 1486      52656164 
 1486      436F6E74 
 1486      726F6C52 
 1487              	.LASF0:
 1488 037b 7369676E 		.ascii	"signed char\000"
 1488      65642063 
 1488      68617200 
 1489              	.LASF25:
 1490 0387 636F6D70 		.ascii	"compare\000"
 1490      61726500 
 1491              	.LASF38:
 1492 038f 53657276 		.ascii	"ServoAB_interruptState\000"
 1492      6F41425F 
 1492      696E7465 
 1492      72727570 
 1492      74537461 
 1493              	.LASF21:
 1494 03a6 53657276 		.ascii	"ServoAB_WritePeriod\000"
 1494      6F41425F 
 1494      57726974 
ARM GAS  C:\Users\PC\AppData\Local\Temp\ccR3xtdr.s 			page 46


 1494      65506572 
 1494      696F6400 
 1495              		.ident	"GCC: (GNU Tools for ARM Embedded Processors) 5.4.1 20160609 (release) [ARM/embedded-5-bran
