Loading plugins phase: Elapsed time ==> 0s.191ms
<CYPRESSTAG name="CyDsfit arguments...">
cydsfit arguments: -.fdsnotice -.fdswarpdepfile=warp_dependencies.txt -.fdselabdepfile=elab_dependencies.txt -.fdsbldfile=generated_files.txt -.fdsreffile=referenced_files.txt -p C:\Users\PC\Documents\PSoC Creator\RoboticArm\MotorPID.cydsn\MotorPID.cyprj -d CY8C5888LTI-LP097 -s C:\Users\PC\Documents\PSoC Creator\RoboticArm\MotorPID.cydsn\Generated_Source\PSoC5 -- -yv2 -q10 -ygs -o2 -v3 -.fftcfgtype=LE
</CYPRESSTAG>
<CYPRESSTAG name="Design elaboration results...">
</CYPRESSTAG>
Elaboration phase: Elapsed time ==> 1s.221ms
<CYPRESSTAG name="HDL generation results...">
</CYPRESSTAG>
HDL generation phase: Elapsed time ==> 0s.033ms
<CYPRESSTAG name="Synthesis results...">

     | | | | | | |
   _________________
  -|               |-
  -|               |-
  -|               |-
  -|    CYPRESS    |-
  -|               |-
  -|               |-   Warp Verilog Synthesis Compiler: Version 6.3 IR 41
  -|               |-   Copyright (C) 1991-2001 Cypress Semiconductor
   |_______________|
     | | | | | | |

======================================================================
Compiling:  MotorPID.v
Program  :   C:\Program Files (x86)\Cypress\PSoC Creator\4.4\PSoC Creator\warp\bin\warp.exe
Options  :    -yv2 -q10 -ygs -o2 -v3 -.fftcfgtype=LE -ya -.fftprj=C:\Users\PC\Documents\PSoC Creator\RoboticArm\MotorPID.cydsn\MotorPID.cyprj -dcpsoc3 MotorPID.v -verilog
======================================================================

======================================================================
Compiling:  MotorPID.v
Program  :   C:\Program Files (x86)\Cypress\PSoC Creator\4.4\PSoC Creator\warp\bin\warp.exe
Options  :    -yv2 -q10 -ygs -o2 -v3 -.fftcfgtype=LE -ya -.fftprj=C:\Users\PC\Documents\PSoC Creator\RoboticArm\MotorPID.cydsn\MotorPID.cyprj -dcpsoc3 MotorPID.v -verilog
======================================================================

======================================================================
Compiling:  MotorPID.v
Program  :   vlogfe
Options  :    -yv2 -q10 -ygs -o2 -v3 -.fftcfgtype=LE -ya -.fftprj=C:\Users\PC\Documents\PSoC Creator\RoboticArm\MotorPID.cydsn\MotorPID.cyprj -dcpsoc3 -verilog MotorPID.v
======================================================================

vlogfe V6.3 IR 41:  Verilog parser
Mon May 25 15:13:32 2026


======================================================================
Compiling:  MotorPID.v
Program  :   vpp
Options  :    -yv2 -q10 MotorPID.v
======================================================================

vpp V6.3 IR 41:  Verilog Pre-Processor
Mon May 25 15:13:32 2026

Flattening file 'C:\Program Files (x86)\Cypress\PSoC Creator\4.4\PSoC Creator\psoc\content\CyPrimitives\cyprimitives.cylib\CyControlReg_v1_80\CyControlReg_v1_80.v'
Flattening file 'C:\Program Files (x86)\Cypress\PSoC Creator\4.4\PSoC Creator\warp\lib\common\cypress.v'
Flattening file 'C:\Program Files (x86)\Cypress\PSoC Creator\4.4\PSoC Creator\warp\lib\common\cy_psoc3_inc.v'
Flattening file 'C:\Program Files (x86)\Cypress\PSoC Creator\4.4\PSoC Creator\psoc\content\CyPrimitives\cyprimitives.cylib\cy_virtualmux_v1_0\cy_virtualmux_v1_0.v'
Flattening file 'C:\Program Files (x86)\Cypress\PSoC Creator\4.4\PSoC Creator\psoc\content\CyComponentLibrary\CyComponentLibrary.cylib\B_UART_v2_50\B_UART_v2_50.v'
Flattening file 'C:\Program Files (x86)\Cypress\PSoC Creator\4.4\PSoC Creator\warp\lib\common\cypress.v'
Flattening file 'C:\Program Files (x86)\Cypress\PSoC Creator\4.4\PSoC Creator\psoc\content\CyComponentLibrary\CyComponentLibrary.cylib\B_PWM_v3_30\B_PWM_v3_30.v'
Flattening file 'C:\Program Files (x86)\Cypress\PSoC Creator\4.4\PSoC Creator\warp\lib\common\cypress.v'
Flattening file 'C:\Program Files (x86)\Cypress\PSoC Creator\4.4\PSoC Creator\psoc\content\CyPrimitives\cyprimitives.cylib\OneTerminal\OneTerminal.v'
Flattening file 'C:\Program Files (x86)\Cypress\PSoC Creator\4.4\PSoC Creator\psoc\content\CyPrimitives\cyprimitives.cylib\ZeroTerminal\ZeroTerminal.v'
Flattening file 'C:\Program Files (x86)\Cypress\PSoC Creator\4.4\PSoC Creator\psoc\content\CyComponentLibrary\CyComponentLibrary.cylib\B_Counter_v3_0\B_Counter_v3_0.v'
Flattening file 'C:\Program Files (x86)\Cypress\PSoC Creator\4.4\PSoC Creator\warp\lib\common\cypress.v'
Flattening file 'C:\Program Files (x86)\Cypress\PSoC Creator\4.4\PSoC Creator\psoc\content\CyComponentLibrary\CyComponentLibrary.cylib\bQuadDec_v3_0\bQuadDec_v3_0.v'
Flattening file 'C:\Program Files (x86)\Cypress\PSoC Creator\4.4\PSoC Creator\warp\lib\common\cypress.v'
Flattening file 'C:\Program Files (x86)\Cypress\PSoC Creator\4.4\PSoC Creator\psoc\content\CyPrimitives\cyprimitives.cylib\not_v1_0\not_v1_0.v'
Flattening file 'C:\Program Files (x86)\Cypress\PSoC Creator\4.4\PSoC Creator\psoc\content\CyPrimitives\cyprimitives.cylib\and_v1_0\and_v1_0.v'
Flattening file 'C:\Program Files (x86)\Cypress\PSoC Creator\4.4\PSoC Creator\psoc\content\CyPrimitives\cyprimitives.cylib\cy_srff_v1_0\cy_srff_v1_0.v'

vpp:  No errors.

Library 'work' => directory 'lcpsoc3'
General_symbol_table
General_symbol_table
Linking 'C:\Program Files (x86)\Cypress\PSoC Creator\4.4\PSoC Creator\warp\lib\common\std.vhd'.
Linking 'C:\Program Files (x86)\Cypress\PSoC Creator\4.4\PSoC Creator\warp\lib\common\cypress.vhd'.
Linking 'C:\Program Files (x86)\Cypress\PSoC Creator\4.4\PSoC Creator\warp\lib\common\work\cypress.vif'.
Linking 'C:\Program Files (x86)\Cypress\PSoC Creator\4.4\PSoC Creator\warp\lib\ieee\work\stdlogic.vif'.
Linking 'C:\Program Files (x86)\Cypress\PSoC Creator\4.4\PSoC Creator\warp\lib\common\stdlogic\lpmpkg.vif'.
Linking 'C:\Program Files (x86)\Cypress\PSoC Creator\4.4\PSoC Creator\warp\lib\common\stdlogic\rtlpkg.vif'.
Linking 'C:\Program Files (x86)\Cypress\PSoC Creator\4.4\PSoC Creator\warp\lib\common\stdlogic\mod_cnst.vif'.
Linking 'C:\Program Files (x86)\Cypress\PSoC Creator\4.4\PSoC Creator\warp\lib\common\stdlogic\mod_mthv.vif'.
Linking 'C:\Program Files (x86)\Cypress\PSoC Creator\4.4\PSoC Creator\warp\lib\common\stdlogic\mod_genv.vif'.
Using control file 'MotorPID.ctl'.
C:\Program Files (x86)\Cypress\PSoC Creator\4.4\PSoC Creator\psoc\content\CyComponentLibrary\CyComponentLibrary.cylib\B_UART_v2_50\B_UART_v2_50.v (line 1113, col 55):  Note: Substituting module 'add_vv_vv' for '+'.
C:\Program Files (x86)\Cypress\PSoC Creator\4.4\PSoC Creator\psoc\content\CyComponentLibrary\CyComponentLibrary.cylib\B_UART_v2_50\B_UART_v2_50.v (line 1122, col 48):  Note: Substituting module 'cmp_vv_vv' for '<'.
C:\Program Files (x86)\Cypress\PSoC Creator\4.4\PSoC Creator\psoc\content\CyComponentLibrary\CyComponentLibrary.cylib\B_UART_v2_50\B_UART_v2_50.v (line 1122, col 77):  Note: Substituting module 'cmp_vv_vv' for '<'.
C:\Program Files (x86)\Cypress\PSoC Creator\4.4\PSoC Creator\psoc\content\CyComponentLibrary\CyComponentLibrary.cylib\B_UART_v2_50\B_UART_v2_50.v (line 1389, col 59):  Note: Substituting module 'cmp_vv_vv' for '<'.
C:\Program Files (x86)\Cypress\PSoC Creator\4.4\PSoC Creator\psoc\content\CyComponentLibrary\CyComponentLibrary.cylib\B_UART_v2_50\B_UART_v2_50.v (line 1424, col 61):  Note: Substituting module 'cmp_vv_vv' for '/='.
C:\Program Files (x86)\Cypress\PSoC Creator\4.4\PSoC Creator\psoc\content\CyComponentLibrary\CyComponentLibrary.cylib\B_UART_v2_50\B_UART_v2_50.v (line 1547, col 106):  Note: Substituting module 'cmp_vv_vv' for '<'.
C:\Program Files (x86)\Cypress\PSoC Creator\4.4\PSoC Creator\psoc\content\CyComponentLibrary\CyComponentLibrary.cylib\B_UART_v2_50\B_UART_v2_50.v (line 1603, col 68):  Note: Substituting module 'cmp_vv_vv' for '<'.
C:\Program Files (x86)\Cypress\PSoC Creator\4.4\PSoC Creator\psoc\content\CyComponentLibrary\CyComponentLibrary.cylib\B_UART_v2_50\B_UART_v2_50.v (line 1604, col 68):  Note: Substituting module 'cmp_vv_vv' for '<'.
C:\Program Files (x86)\Cypress\PSoC Creator\4.4\PSoC Creator\psoc\content\CyComponentLibrary\CyComponentLibrary.cylib\B_PWM_v3_30\B_PWM_v3_30.v (line 947, col 46):  Note: Substituting module 'sub_vi_vv' for '-'.
C:\Program Files (x86)\Cypress\PSoC Creator\4.4\PSoC Creator\psoc\content\CyComponentLibrary\CyComponentLibrary.cylib\B_PWM_v3_30\B_PWM_v3_30.v (line 977, col 46):  Note: Substituting module 'add_vi_vv' for '+'.
Linking 'C:\Program Files (x86)\Cypress\PSoC Creator\4.4\PSoC Creator\warp\lib\common\stdlogic\cy_psoc3pkg.vif'.
Linking 'C:\Program Files (x86)\Cypress\PSoC Creator\4.4\PSoC Creator\warp\lib\common\stdlogic\cy_psoc3.vif'.

vlogfe:  No errors.


======================================================================
Compiling:  MotorPID.v
Program  :   tovif
Options  :    -yv2 -q10 -ygs -o2 -v3 -.fftcfgtype=LE -ya -.fftprj=C:\Users\PC\Documents\PSoC Creator\RoboticArm\MotorPID.cydsn\MotorPID.cyprj -dcpsoc3 -verilog MotorPID.v
======================================================================

tovif V6.3 IR 41:  High-level synthesis
Mon May 25 15:13:32 2026

Linking 'C:\Program Files (x86)\Cypress\PSoC Creator\4.4\PSoC Creator\warp\lib\common\std.vhd'.
Linking 'C:\Program Files (x86)\Cypress\PSoC Creator\4.4\PSoC Creator\warp\lib\common\cypress.vhd'.
Linking 'C:\Program Files (x86)\Cypress\PSoC Creator\4.4\PSoC Creator\warp\lib\common\work\cypress.vif'.
Linking 'C:\Program Files (x86)\Cypress\PSoC Creator\4.4\PSoC Creator\warp\lib\ieee\work\stdlogic.vif'.
Linking 'C:\Program Files (x86)\Cypress\PSoC Creator\4.4\PSoC Creator\warp\lib\common\stdlogic\lpmpkg.vif'.
Linking 'C:\Program Files (x86)\Cypress\PSoC Creator\4.4\PSoC Creator\warp\lib\common\stdlogic\rtlpkg.vif'.
Linking 'C:\Program Files (x86)\Cypress\PSoC Creator\4.4\PSoC Creator\warp\lib\common\stdlogic\mod_cnst.vif'.
Linking 'C:\Program Files (x86)\Cypress\PSoC Creator\4.4\PSoC Creator\warp\lib\common\stdlogic\mod_mthv.vif'.
Linking 'C:\Program Files (x86)\Cypress\PSoC Creator\4.4\PSoC Creator\warp\lib\common\stdlogic\mod_genv.vif'.
Linking 'C:\Users\PC\Documents\PSoC Creator\RoboticArm\MotorPID.cydsn\codegentemp\MotorPID.ctl'.
Linking 'C:\Program Files (x86)\Cypress\PSoC Creator\4.4\PSoC Creator\psoc\content\CyPrimitives\cyprimitives.cylib\CyControlReg_v1_80\CyControlReg_v1_80.v'.
Linking 'C:\Program Files (x86)\Cypress\PSoC Creator\4.4\PSoC Creator\warp\lib\common\cypress.v'.
Linking 'C:\Program Files (x86)\Cypress\PSoC Creator\4.4\PSoC Creator\warp\lib\common\cy_psoc3_inc.v'.
Linking 'C:\Users\PC\Documents\PSoC Creator\RoboticArm\MotorPID.cydsn\codegentemp\MotorPID.v'.
Linking 'C:\Program Files (x86)\Cypress\PSoC Creator\4.4\PSoC Creator\psoc\content\CyPrimitives\cyprimitives.cylib\cy_virtualmux_v1_0\cy_virtualmux_v1_0.v'.
Linking 'C:\Program Files (x86)\Cypress\PSoC Creator\4.4\PSoC Creator\psoc\content\CyComponentLibrary\CyComponentLibrary.cylib\B_UART_v2_50\B_UART_v2_50.v'.
Linking 'C:\Program Files (x86)\Cypress\PSoC Creator\4.4\PSoC Creator\psoc\content\CyComponentLibrary\CyComponentLibrary.cylib\B_PWM_v3_30\B_PWM_v3_30.v'.
Linking 'C:\Program Files (x86)\Cypress\PSoC Creator\4.4\PSoC Creator\psoc\content\CyPrimitives\cyprimitives.cylib\OneTerminal\OneTerminal.v'.
Linking 'C:\Program Files (x86)\Cypress\PSoC Creator\4.4\PSoC Creator\psoc\content\CyPrimitives\cyprimitives.cylib\ZeroTerminal\ZeroTerminal.v'.
Linking 'C:\Program Files (x86)\Cypress\PSoC Creator\4.4\PSoC Creator\psoc\content\CyComponentLibrary\CyComponentLibrary.cylib\B_Counter_v3_0\B_Counter_v3_0.v'.
Linking 'C:\Program Files (x86)\Cypress\PSoC Creator\4.4\PSoC Creator\psoc\content\CyComponentLibrary\CyComponentLibrary.cylib\bQuadDec_v3_0\bQuadDec_v3_0.v'.
Linking 'C:\Program Files (x86)\Cypress\PSoC Creator\4.4\PSoC Creator\psoc\content\CyPrimitives\cyprimitives.cylib\not_v1_0\not_v1_0.v'.
Linking 'C:\Program Files (x86)\Cypress\PSoC Creator\4.4\PSoC Creator\psoc\content\CyPrimitives\cyprimitives.cylib\and_v1_0\and_v1_0.v'.
Linking 'C:\Program Files (x86)\Cypress\PSoC Creator\4.4\PSoC Creator\psoc\content\CyPrimitives\cyprimitives.cylib\cy_srff_v1_0\cy_srff_v1_0.v'.
Linking 'C:\Program Files (x86)\Cypress\PSoC Creator\4.4\PSoC Creator\warp\lib\common\stdlogic\cy_psoc3pkg.vif'.
Linking 'C:\Program Files (x86)\Cypress\PSoC Creator\4.4\PSoC Creator\warp\lib\common\stdlogic\cy_psoc3.vif'.
Linking 'C:\Program Files (x86)\Cypress\PSoC Creator\4.4\PSoC Creator\warp\lib\lcpsoc3\stdlogic\mod_cnst.vif'.
Linking 'C:\Program Files (x86)\Cypress\PSoC Creator\4.4\PSoC Creator\warp\lib\common\stdlogic\mcompare.vif'.

tovif:  No errors.


======================================================================
Compiling:  MotorPID.v
Program  :   topld
Options  :    -yv2 -q10 -ygs -o2 -v3 -.fftcfgtype=LE -ya -.fftprj=C:\Users\PC\Documents\PSoC Creator\RoboticArm\MotorPID.cydsn\MotorPID.cyprj -dcpsoc3 -verilog MotorPID.v
======================================================================

topld V6.3 IR 41:  Synthesis and optimization
Mon May 25 15:13:33 2026

Linking 'C:\Program Files (x86)\Cypress\PSoC Creator\4.4\PSoC Creator\warp\lib\common\std.vhd'.
Linking 'C:\Program Files (x86)\Cypress\PSoC Creator\4.4\PSoC Creator\warp\lib\common\cypress.vhd'.
Linking 'C:\Program Files (x86)\Cypress\PSoC Creator\4.4\PSoC Creator\warp\lib\common\work\cypress.vif'.
Linking 'C:\Program Files (x86)\Cypress\PSoC Creator\4.4\PSoC Creator\warp\lib\ieee\work\stdlogic.vif'.
Linking 'C:\Program Files (x86)\Cypress\PSoC Creator\4.4\PSoC Creator\warp\lib\common\stdlogic\lpmpkg.vif'.
Linking 'C:\Program Files (x86)\Cypress\PSoC Creator\4.4\PSoC Creator\warp\lib\common\stdlogic\rtlpkg.vif'.
Linking 'C:\Program Files (x86)\Cypress\PSoC Creator\4.4\PSoC Creator\warp\lib\common\stdlogic\mod_cnst.vif'.
Linking 'C:\Program Files (x86)\Cypress\PSoC Creator\4.4\PSoC Creator\warp\lib\common\stdlogic\mod_mthv.vif'.
Linking 'C:\Program Files (x86)\Cypress\PSoC Creator\4.4\PSoC Creator\warp\lib\common\stdlogic\mod_genv.vif'.
Linking 'C:\Users\PC\Documents\PSoC Creator\RoboticArm\MotorPID.cydsn\codegentemp\MotorPID.ctl'.
Linking 'C:\Program Files (x86)\Cypress\PSoC Creator\4.4\PSoC Creator\psoc\content\CyPrimitives\cyprimitives.cylib\CyControlReg_v1_80\CyControlReg_v1_80.v'.
Linking 'C:\Program Files (x86)\Cypress\PSoC Creator\4.4\PSoC Creator\warp\lib\common\cypress.v'.
Linking 'C:\Program Files (x86)\Cypress\PSoC Creator\4.4\PSoC Creator\warp\lib\common\cy_psoc3_inc.v'.
Linking 'C:\Users\PC\Documents\PSoC Creator\RoboticArm\MotorPID.cydsn\codegentemp\MotorPID.v'.
Linking 'C:\Program Files (x86)\Cypress\PSoC Creator\4.4\PSoC Creator\psoc\content\CyPrimitives\cyprimitives.cylib\cy_virtualmux_v1_0\cy_virtualmux_v1_0.v'.
Linking 'C:\Program Files (x86)\Cypress\PSoC Creator\4.4\PSoC Creator\psoc\content\CyComponentLibrary\CyComponentLibrary.cylib\B_UART_v2_50\B_UART_v2_50.v'.
Linking 'C:\Program Files (x86)\Cypress\PSoC Creator\4.4\PSoC Creator\psoc\content\CyComponentLibrary\CyComponentLibrary.cylib\B_PWM_v3_30\B_PWM_v3_30.v'.
Linking 'C:\Program Files (x86)\Cypress\PSoC Creator\4.4\PSoC Creator\psoc\content\CyPrimitives\cyprimitives.cylib\OneTerminal\OneTerminal.v'.
Linking 'C:\Program Files (x86)\Cypress\PSoC Creator\4.4\PSoC Creator\psoc\content\CyPrimitives\cyprimitives.cylib\ZeroTerminal\ZeroTerminal.v'.
Linking 'C:\Program Files (x86)\Cypress\PSoC Creator\4.4\PSoC Creator\psoc\content\CyComponentLibrary\CyComponentLibrary.cylib\B_Counter_v3_0\B_Counter_v3_0.v'.
Linking 'C:\Program Files (x86)\Cypress\PSoC Creator\4.4\PSoC Creator\psoc\content\CyComponentLibrary\CyComponentLibrary.cylib\bQuadDec_v3_0\bQuadDec_v3_0.v'.
Linking 'C:\Program Files (x86)\Cypress\PSoC Creator\4.4\PSoC Creator\psoc\content\CyPrimitives\cyprimitives.cylib\not_v1_0\not_v1_0.v'.
Linking 'C:\Program Files (x86)\Cypress\PSoC Creator\4.4\PSoC Creator\psoc\content\CyPrimitives\cyprimitives.cylib\and_v1_0\and_v1_0.v'.
Linking 'C:\Program Files (x86)\Cypress\PSoC Creator\4.4\PSoC Creator\psoc\content\CyPrimitives\cyprimitives.cylib\cy_srff_v1_0\cy_srff_v1_0.v'.
Linking 'C:\Program Files (x86)\Cypress\PSoC Creator\4.4\PSoC Creator\warp\lib\common\stdlogic\cy_psoc3pkg.vif'.
Linking 'C:\Program Files (x86)\Cypress\PSoC Creator\4.4\PSoC Creator\warp\lib\common\stdlogic\cy_psoc3.vif'.
Linking 'C:\Program Files (x86)\Cypress\PSoC Creator\4.4\PSoC Creator\warp\lib\lcpsoc3\stdlogic\mod_cnst.vif'.
Linking 'C:\Program Files (x86)\Cypress\PSoC Creator\4.4\PSoC Creator\warp\lib\common\stdlogic\mcompare.vif'.
Linking 'C:\Program Files (x86)\Cypress\PSoC Creator\4.4\PSoC Creator\warp\lib\lcpsoc3\stdlogic\cpsoc3.vif'.

----------------------------------------------------------
Detecting unused logic.
----------------------------------------------------------
    User names
	Net_280
	Net_281
	Net_282
	Net_284
	Net_285
	Net_286
	Net_287
	\UART:BUART:reset_sr\
	Net_1489
	Net_1484
	\UART:BUART:sRX:s23Poll:MODULE_1:g2:a0:b_1\
	\UART:BUART:sRX:s23Poll:MODULE_1:g2:a0:b_0\
	\UART:BUART:sRX:s23Poll:MODULE_2:g2:a0:gta_0\
	\UART:BUART:sRX:s23Poll:MODULE_3:g2:a0:gta_0\
	Net_1480
	\UART:BUART:sRX:MODULE_4:g2:a0:gta_0\
	\UART:BUART:sRX:MODULE_5:g1:a0:gx:u0:albi_1\
	\UART:BUART:sRX:MODULE_5:g1:a0:gx:u0:agbi_1\
	\UART:BUART:sRX:MODULE_5:g1:a0:gx:u0:lt_0\
	\UART:BUART:sRX:MODULE_5:g1:a0:gx:u0:gt_0\
	\UART:BUART:sRX:MODULE_5:g1:a0:gx:u0:lti_0\
	\UART:BUART:sRX:MODULE_5:g1:a0:gx:u0:gti_0\
	\UART:BUART:sRX:MODULE_5:g1:a0:gx:u0:albi_0\
	\UART:BUART:sRX:MODULE_5:g1:a0:gx:u0:agbi_0\
	\UART:BUART:sRX:MODULE_5:g1:a0:xeq\
	\UART:BUART:sRX:MODULE_5:g1:a0:xlt\
	\UART:BUART:sRX:MODULE_5:g1:a0:xlte\
	\UART:BUART:sRX:MODULE_5:g1:a0:xgt\
	\UART:BUART:sRX:MODULE_5:g1:a0:xgte\
	\UART:BUART:sRX:MODULE_5:lt\
	\UART:BUART:sRX:MODULE_5:eq\
	\UART:BUART:sRX:MODULE_5:gt\
	\UART:BUART:sRX:MODULE_5:gte\
	\UART:BUART:sRX:MODULE_5:lte\
	\MotorA_PWM:PWMUDB:km_run\
	\MotorA_PWM:PWMUDB:ctrl_cmpmode2_2\
	\MotorA_PWM:PWMUDB:ctrl_cmpmode2_1\
	\MotorA_PWM:PWMUDB:ctrl_cmpmode2_0\
	\MotorA_PWM:PWMUDB:ctrl_cmpmode1_2\
	\MotorA_PWM:PWMUDB:ctrl_cmpmode1_1\
	\MotorA_PWM:PWMUDB:ctrl_cmpmode1_0\
	\MotorA_PWM:PWMUDB:capt_rising\
	\MotorA_PWM:PWMUDB:capt_falling\
	\MotorA_PWM:PWMUDB:trig_rise\
	\MotorA_PWM:PWMUDB:trig_fall\
	\MotorA_PWM:PWMUDB:sc_kill\
	\MotorA_PWM:PWMUDB:min_kill\
	\MotorA_PWM:PWMUDB:km_tc\
	\MotorA_PWM:PWMUDB:db_tc\
	\MotorA_PWM:PWMUDB:dith_sel\
	\MotorA_PWM:PWMUDB:compare2\
	\MotorA_PWM:Net_101\
	Net_235
	Net_236
	\MotorA_PWM:PWMUDB:MODULE_6:b_31\
	\MotorA_PWM:PWMUDB:MODULE_6:b_30\
	\MotorA_PWM:PWMUDB:MODULE_6:b_29\
	\MotorA_PWM:PWMUDB:MODULE_6:b_28\
	\MotorA_PWM:PWMUDB:MODULE_6:b_27\
	\MotorA_PWM:PWMUDB:MODULE_6:b_26\
	\MotorA_PWM:PWMUDB:MODULE_6:b_25\
	\MotorA_PWM:PWMUDB:MODULE_6:b_24\
	\MotorA_PWM:PWMUDB:MODULE_6:b_23\
	\MotorA_PWM:PWMUDB:MODULE_6:b_22\
	\MotorA_PWM:PWMUDB:MODULE_6:b_21\
	\MotorA_PWM:PWMUDB:MODULE_6:b_20\
	\MotorA_PWM:PWMUDB:MODULE_6:b_19\
	\MotorA_PWM:PWMUDB:MODULE_6:b_18\
	\MotorA_PWM:PWMUDB:MODULE_6:b_17\
	\MotorA_PWM:PWMUDB:MODULE_6:b_16\
	\MotorA_PWM:PWMUDB:MODULE_6:b_15\
	\MotorA_PWM:PWMUDB:MODULE_6:b_14\
	\MotorA_PWM:PWMUDB:MODULE_6:b_13\
	\MotorA_PWM:PWMUDB:MODULE_6:b_12\
	\MotorA_PWM:PWMUDB:MODULE_6:b_11\
	\MotorA_PWM:PWMUDB:MODULE_6:b_10\
	\MotorA_PWM:PWMUDB:MODULE_6:b_9\
	\MotorA_PWM:PWMUDB:MODULE_6:b_8\
	\MotorA_PWM:PWMUDB:MODULE_6:b_7\
	\MotorA_PWM:PWMUDB:MODULE_6:b_6\
	\MotorA_PWM:PWMUDB:MODULE_6:b_5\
	\MotorA_PWM:PWMUDB:MODULE_6:b_4\
	\MotorA_PWM:PWMUDB:MODULE_6:b_3\
	\MotorA_PWM:PWMUDB:MODULE_6:b_2\
	\MotorA_PWM:PWMUDB:MODULE_6:b_1\
	\MotorA_PWM:PWMUDB:MODULE_6:b_0\
	\MotorA_PWM:PWMUDB:MODULE_6:g2:a0:a_31\
	\MotorA_PWM:PWMUDB:MODULE_6:g2:a0:a_30\
	\MotorA_PWM:PWMUDB:MODULE_6:g2:a0:a_29\
	\MotorA_PWM:PWMUDB:MODULE_6:g2:a0:a_28\
	\MotorA_PWM:PWMUDB:MODULE_6:g2:a0:a_27\
	\MotorA_PWM:PWMUDB:MODULE_6:g2:a0:a_26\
	\MotorA_PWM:PWMUDB:MODULE_6:g2:a0:a_25\
	\MotorA_PWM:PWMUDB:MODULE_6:g2:a0:a_24\
	\MotorA_PWM:PWMUDB:MODULE_6:g2:a0:b_31\
	\MotorA_PWM:PWMUDB:MODULE_6:g2:a0:b_30\
	\MotorA_PWM:PWMUDB:MODULE_6:g2:a0:b_29\
	\MotorA_PWM:PWMUDB:MODULE_6:g2:a0:b_28\
	\MotorA_PWM:PWMUDB:MODULE_6:g2:a0:b_27\
	\MotorA_PWM:PWMUDB:MODULE_6:g2:a0:b_26\
	\MotorA_PWM:PWMUDB:MODULE_6:g2:a0:b_25\
	\MotorA_PWM:PWMUDB:MODULE_6:g2:a0:b_24\
	\MotorA_PWM:PWMUDB:MODULE_6:g2:a0:b_23\
	\MotorA_PWM:PWMUDB:MODULE_6:g2:a0:b_22\
	\MotorA_PWM:PWMUDB:MODULE_6:g2:a0:b_21\
	\MotorA_PWM:PWMUDB:MODULE_6:g2:a0:b_20\
	\MotorA_PWM:PWMUDB:MODULE_6:g2:a0:b_19\
	\MotorA_PWM:PWMUDB:MODULE_6:g2:a0:b_18\
	\MotorA_PWM:PWMUDB:MODULE_6:g2:a0:b_17\
	\MotorA_PWM:PWMUDB:MODULE_6:g2:a0:b_16\
	\MotorA_PWM:PWMUDB:MODULE_6:g2:a0:b_15\
	\MotorA_PWM:PWMUDB:MODULE_6:g2:a0:b_14\
	\MotorA_PWM:PWMUDB:MODULE_6:g2:a0:b_13\
	\MotorA_PWM:PWMUDB:MODULE_6:g2:a0:b_12\
	\MotorA_PWM:PWMUDB:MODULE_6:g2:a0:b_11\
	\MotorA_PWM:PWMUDB:MODULE_6:g2:a0:b_10\
	\MotorA_PWM:PWMUDB:MODULE_6:g2:a0:b_9\
	\MotorA_PWM:PWMUDB:MODULE_6:g2:a0:b_8\
	\MotorA_PWM:PWMUDB:MODULE_6:g2:a0:b_7\
	\MotorA_PWM:PWMUDB:MODULE_6:g2:a0:b_6\
	\MotorA_PWM:PWMUDB:MODULE_6:g2:a0:b_5\
	\MotorA_PWM:PWMUDB:MODULE_6:g2:a0:b_4\
	\MotorA_PWM:PWMUDB:MODULE_6:g2:a0:b_3\
	\MotorA_PWM:PWMUDB:MODULE_6:g2:a0:b_2\
	\MotorA_PWM:PWMUDB:MODULE_6:g2:a0:b_1\
	\MotorA_PWM:PWMUDB:MODULE_6:g2:a0:b_0\
	\MotorA_PWM:PWMUDB:MODULE_6:g2:a0:s_31\
	\MotorA_PWM:PWMUDB:MODULE_6:g2:a0:s_30\
	\MotorA_PWM:PWMUDB:MODULE_6:g2:a0:s_29\
	\MotorA_PWM:PWMUDB:MODULE_6:g2:a0:s_28\
	\MotorA_PWM:PWMUDB:MODULE_6:g2:a0:s_27\
	\MotorA_PWM:PWMUDB:MODULE_6:g2:a0:s_26\
	\MotorA_PWM:PWMUDB:MODULE_6:g2:a0:s_25\
	\MotorA_PWM:PWMUDB:MODULE_6:g2:a0:s_24\
	\MotorA_PWM:PWMUDB:MODULE_6:g2:a0:s_23\
	\MotorA_PWM:PWMUDB:MODULE_6:g2:a0:s_22\
	\MotorA_PWM:PWMUDB:MODULE_6:g2:a0:s_21\
	\MotorA_PWM:PWMUDB:MODULE_6:g2:a0:s_20\
	\MotorA_PWM:PWMUDB:MODULE_6:g2:a0:s_19\
	\MotorA_PWM:PWMUDB:MODULE_6:g2:a0:s_18\
	\MotorA_PWM:PWMUDB:MODULE_6:g2:a0:s_17\
	\MotorA_PWM:PWMUDB:MODULE_6:g2:a0:s_16\
	\MotorA_PWM:PWMUDB:MODULE_6:g2:a0:s_15\
	\MotorA_PWM:PWMUDB:MODULE_6:g2:a0:s_14\
	\MotorA_PWM:PWMUDB:MODULE_6:g2:a0:s_13\
	\MotorA_PWM:PWMUDB:MODULE_6:g2:a0:s_12\
	\MotorA_PWM:PWMUDB:MODULE_6:g2:a0:s_11\
	\MotorA_PWM:PWMUDB:MODULE_6:g2:a0:s_10\
	\MotorA_PWM:PWMUDB:MODULE_6:g2:a0:s_9\
	\MotorA_PWM:PWMUDB:MODULE_6:g2:a0:s_8\
	\MotorA_PWM:PWMUDB:MODULE_6:g2:a0:s_7\
	\MotorA_PWM:PWMUDB:MODULE_6:g2:a0:s_6\
	\MotorA_PWM:PWMUDB:MODULE_6:g2:a0:s_5\
	\MotorA_PWM:PWMUDB:MODULE_6:g2:a0:s_4\
	\MotorA_PWM:PWMUDB:MODULE_6:g2:a0:s_3\
	\MotorA_PWM:PWMUDB:MODULE_6:g2:a0:s_2\
	\MotorA_PWM:PWMUDB:MODULE_6:g2:a0:g1:z1:s0:g1:u0:c_31\
	\MotorA_PWM:PWMUDB:MODULE_6:g2:a0:g1:z1:s0:g1:u0:c_30\
	\MotorA_PWM:PWMUDB:MODULE_6:g2:a0:g1:z1:s0:g1:u0:c_29\
	\MotorA_PWM:PWMUDB:MODULE_6:g2:a0:g1:z1:s0:g1:u0:c_28\
	\MotorA_PWM:PWMUDB:MODULE_6:g2:a0:g1:z1:s0:g1:u0:c_27\
	\MotorA_PWM:PWMUDB:MODULE_6:g2:a0:g1:z1:s0:g1:u0:c_26\
	\MotorA_PWM:PWMUDB:MODULE_6:g2:a0:g1:z1:s0:g1:u0:c_25\
	Net_230
	Net_238
	\MotorA_PWM:Net_113\
	\MotorA_PWM:Net_107\
	\MotorA_PWM:Net_114\
	Net_1496
	Net_1498
	\usCounter:Net_89\
	\usCounter:Net_95\
	\usCounter:Net_102\
	\MotorA_QuadDec:Net_1129\
	\MotorA_QuadDec:Cnt16:Net_82\
	\MotorA_QuadDec:Cnt16:Net_95\
	\MotorA_QuadDec:Cnt16:Net_91\
	\MotorA_QuadDec:Cnt16:Net_102\
	\MotorA_QuadDec:Cnt16:CounterUDB:ctrl_cmod_2\
	\MotorA_QuadDec:Cnt16:CounterUDB:ctrl_cmod_1\
	\MotorA_QuadDec:Cnt16:CounterUDB:ctrl_cmod_0\
	\ServoAB:PWMUDB:km_run\
	\ServoAB:PWMUDB:ctrl_cmpmode2_2\
	\ServoAB:PWMUDB:ctrl_cmpmode2_1\
	\ServoAB:PWMUDB:ctrl_cmpmode2_0\
	\ServoAB:PWMUDB:ctrl_cmpmode1_2\
	\ServoAB:PWMUDB:ctrl_cmpmode1_1\
	\ServoAB:PWMUDB:ctrl_cmpmode1_0\
	\ServoAB:PWMUDB:capt_rising\
	\ServoAB:PWMUDB:capt_falling\
	\ServoAB:PWMUDB:trig_fall\
	\ServoAB:PWMUDB:sc_kill\
	\ServoAB:PWMUDB:min_kill\
	\ServoAB:PWMUDB:km_tc\
	\ServoAB:PWMUDB:db_tc\
	\ServoAB:PWMUDB:dith_sel\
	\ServoAB:Net_101\
	\ServoAB:Net_96\
	\ServoAB:PWMUDB:MODULE_7:b_31\
	\ServoAB:PWMUDB:MODULE_7:b_30\
	\ServoAB:PWMUDB:MODULE_7:b_29\
	\ServoAB:PWMUDB:MODULE_7:b_28\
	\ServoAB:PWMUDB:MODULE_7:b_27\
	\ServoAB:PWMUDB:MODULE_7:b_26\
	\ServoAB:PWMUDB:MODULE_7:b_25\
	\ServoAB:PWMUDB:MODULE_7:b_24\
	\ServoAB:PWMUDB:MODULE_7:b_23\
	\ServoAB:PWMUDB:MODULE_7:b_22\
	\ServoAB:PWMUDB:MODULE_7:b_21\
	\ServoAB:PWMUDB:MODULE_7:b_20\
	\ServoAB:PWMUDB:MODULE_7:b_19\
	\ServoAB:PWMUDB:MODULE_7:b_18\
	\ServoAB:PWMUDB:MODULE_7:b_17\
	\ServoAB:PWMUDB:MODULE_7:b_16\
	\ServoAB:PWMUDB:MODULE_7:b_15\
	\ServoAB:PWMUDB:MODULE_7:b_14\
	\ServoAB:PWMUDB:MODULE_7:b_13\
	\ServoAB:PWMUDB:MODULE_7:b_12\
	\ServoAB:PWMUDB:MODULE_7:b_11\
	\ServoAB:PWMUDB:MODULE_7:b_10\
	\ServoAB:PWMUDB:MODULE_7:b_9\
	\ServoAB:PWMUDB:MODULE_7:b_8\
	\ServoAB:PWMUDB:MODULE_7:b_7\
	\ServoAB:PWMUDB:MODULE_7:b_6\
	\ServoAB:PWMUDB:MODULE_7:b_5\
	\ServoAB:PWMUDB:MODULE_7:b_4\
	\ServoAB:PWMUDB:MODULE_7:b_3\
	\ServoAB:PWMUDB:MODULE_7:b_2\
	\ServoAB:PWMUDB:MODULE_7:b_1\
	\ServoAB:PWMUDB:MODULE_7:b_0\
	\ServoAB:PWMUDB:MODULE_7:g2:a0:a_31\
	\ServoAB:PWMUDB:MODULE_7:g2:a0:a_30\
	\ServoAB:PWMUDB:MODULE_7:g2:a0:a_29\
	\ServoAB:PWMUDB:MODULE_7:g2:a0:a_28\
	\ServoAB:PWMUDB:MODULE_7:g2:a0:a_27\
	\ServoAB:PWMUDB:MODULE_7:g2:a0:a_26\
	\ServoAB:PWMUDB:MODULE_7:g2:a0:a_25\
	\ServoAB:PWMUDB:MODULE_7:g2:a0:a_24\
	\ServoAB:PWMUDB:MODULE_7:g2:a0:b_31\
	\ServoAB:PWMUDB:MODULE_7:g2:a0:b_30\
	\ServoAB:PWMUDB:MODULE_7:g2:a0:b_29\
	\ServoAB:PWMUDB:MODULE_7:g2:a0:b_28\
	\ServoAB:PWMUDB:MODULE_7:g2:a0:b_27\
	\ServoAB:PWMUDB:MODULE_7:g2:a0:b_26\
	\ServoAB:PWMUDB:MODULE_7:g2:a0:b_25\
	\ServoAB:PWMUDB:MODULE_7:g2:a0:b_24\
	\ServoAB:PWMUDB:MODULE_7:g2:a0:b_23\
	\ServoAB:PWMUDB:MODULE_7:g2:a0:b_22\
	\ServoAB:PWMUDB:MODULE_7:g2:a0:b_21\
	\ServoAB:PWMUDB:MODULE_7:g2:a0:b_20\
	\ServoAB:PWMUDB:MODULE_7:g2:a0:b_19\
	\ServoAB:PWMUDB:MODULE_7:g2:a0:b_18\
	\ServoAB:PWMUDB:MODULE_7:g2:a0:b_17\
	\ServoAB:PWMUDB:MODULE_7:g2:a0:b_16\
	\ServoAB:PWMUDB:MODULE_7:g2:a0:b_15\
	\ServoAB:PWMUDB:MODULE_7:g2:a0:b_14\
	\ServoAB:PWMUDB:MODULE_7:g2:a0:b_13\
	\ServoAB:PWMUDB:MODULE_7:g2:a0:b_12\
	\ServoAB:PWMUDB:MODULE_7:g2:a0:b_11\
	\ServoAB:PWMUDB:MODULE_7:g2:a0:b_10\
	\ServoAB:PWMUDB:MODULE_7:g2:a0:b_9\
	\ServoAB:PWMUDB:MODULE_7:g2:a0:b_8\
	\ServoAB:PWMUDB:MODULE_7:g2:a0:b_7\
	\ServoAB:PWMUDB:MODULE_7:g2:a0:b_6\
	\ServoAB:PWMUDB:MODULE_7:g2:a0:b_5\
	\ServoAB:PWMUDB:MODULE_7:g2:a0:b_4\
	\ServoAB:PWMUDB:MODULE_7:g2:a0:b_3\
	\ServoAB:PWMUDB:MODULE_7:g2:a0:b_2\
	\ServoAB:PWMUDB:MODULE_7:g2:a0:b_1\
	\ServoAB:PWMUDB:MODULE_7:g2:a0:b_0\
	\ServoAB:PWMUDB:MODULE_7:g2:a0:s_31\
	\ServoAB:PWMUDB:MODULE_7:g2:a0:s_30\
	\ServoAB:PWMUDB:MODULE_7:g2:a0:s_29\
	\ServoAB:PWMUDB:MODULE_7:g2:a0:s_28\
	\ServoAB:PWMUDB:MODULE_7:g2:a0:s_27\
	\ServoAB:PWMUDB:MODULE_7:g2:a0:s_26\
	\ServoAB:PWMUDB:MODULE_7:g2:a0:s_25\
	\ServoAB:PWMUDB:MODULE_7:g2:a0:s_24\
	\ServoAB:PWMUDB:MODULE_7:g2:a0:s_23\
	\ServoAB:PWMUDB:MODULE_7:g2:a0:s_22\
	\ServoAB:PWMUDB:MODULE_7:g2:a0:s_21\
	\ServoAB:PWMUDB:MODULE_7:g2:a0:s_20\
	\ServoAB:PWMUDB:MODULE_7:g2:a0:s_19\
	\ServoAB:PWMUDB:MODULE_7:g2:a0:s_18\
	\ServoAB:PWMUDB:MODULE_7:g2:a0:s_17\
	\ServoAB:PWMUDB:MODULE_7:g2:a0:s_16\
	\ServoAB:PWMUDB:MODULE_7:g2:a0:s_15\
	\ServoAB:PWMUDB:MODULE_7:g2:a0:s_14\
	\ServoAB:PWMUDB:MODULE_7:g2:a0:s_13\
	\ServoAB:PWMUDB:MODULE_7:g2:a0:s_12\
	\ServoAB:PWMUDB:MODULE_7:g2:a0:s_11\
	\ServoAB:PWMUDB:MODULE_7:g2:a0:s_10\
	\ServoAB:PWMUDB:MODULE_7:g2:a0:s_9\
	\ServoAB:PWMUDB:MODULE_7:g2:a0:s_8\
	\ServoAB:PWMUDB:MODULE_7:g2:a0:s_7\
	\ServoAB:PWMUDB:MODULE_7:g2:a0:s_6\
	\ServoAB:PWMUDB:MODULE_7:g2:a0:s_5\
	\ServoAB:PWMUDB:MODULE_7:g2:a0:s_4\
	\ServoAB:PWMUDB:MODULE_7:g2:a0:s_3\
	\ServoAB:PWMUDB:MODULE_7:g2:a0:s_2\
	\ServoAB:PWMUDB:MODULE_7:g2:a0:g1:z1:s0:g1:u0:c_31\
	\ServoAB:PWMUDB:MODULE_7:g2:a0:g1:z1:s0:g1:u0:c_30\
	\ServoAB:PWMUDB:MODULE_7:g2:a0:g1:z1:s0:g1:u0:c_29\
	\ServoAB:PWMUDB:MODULE_7:g2:a0:g1:z1:s0:g1:u0:c_28\
	\ServoAB:PWMUDB:MODULE_7:g2:a0:g1:z1:s0:g1:u0:c_27\
	\ServoAB:PWMUDB:MODULE_7:g2:a0:g1:z1:s0:g1:u0:c_26\
	\ServoAB:PWMUDB:MODULE_7:g2:a0:g1:z1:s0:g1:u0:c_25\
	Net_1733
	Net_1677
	Net_1682
	\ServoAB:Net_113\
	\ServoAB:Net_107\
	\ServoAB:Net_114\
	\Servo_PWM:PWMUDB:km_run\
	\Servo_PWM:PWMUDB:ctrl_cmpmode2_2\
	\Servo_PWM:PWMUDB:ctrl_cmpmode2_1\
	\Servo_PWM:PWMUDB:ctrl_cmpmode2_0\
	\Servo_PWM:PWMUDB:ctrl_cmpmode1_2\
	\Servo_PWM:PWMUDB:ctrl_cmpmode1_1\
	\Servo_PWM:PWMUDB:ctrl_cmpmode1_0\
	\Servo_PWM:PWMUDB:capt_rising\
	\Servo_PWM:PWMUDB:capt_falling\
	\Servo_PWM:PWMUDB:trig_rise\
	\Servo_PWM:PWMUDB:trig_fall\
	\Servo_PWM:PWMUDB:sc_kill\
	\Servo_PWM:PWMUDB:min_kill\
	\Servo_PWM:PWMUDB:km_tc\
	\Servo_PWM:PWMUDB:db_tc\
	\Servo_PWM:PWMUDB:dith_sel\
	\Servo_PWM:Net_96\
	\Servo_PWM:PWMUDB:MODULE_8:b_31\
	\Servo_PWM:PWMUDB:MODULE_8:b_30\
	\Servo_PWM:PWMUDB:MODULE_8:b_29\
	\Servo_PWM:PWMUDB:MODULE_8:b_28\
	\Servo_PWM:PWMUDB:MODULE_8:b_27\
	\Servo_PWM:PWMUDB:MODULE_8:b_26\
	\Servo_PWM:PWMUDB:MODULE_8:b_25\
	\Servo_PWM:PWMUDB:MODULE_8:b_24\
	\Servo_PWM:PWMUDB:MODULE_8:b_23\
	\Servo_PWM:PWMUDB:MODULE_8:b_22\
	\Servo_PWM:PWMUDB:MODULE_8:b_21\
	\Servo_PWM:PWMUDB:MODULE_8:b_20\
	\Servo_PWM:PWMUDB:MODULE_8:b_19\
	\Servo_PWM:PWMUDB:MODULE_8:b_18\
	\Servo_PWM:PWMUDB:MODULE_8:b_17\
	\Servo_PWM:PWMUDB:MODULE_8:b_16\
	\Servo_PWM:PWMUDB:MODULE_8:b_15\
	\Servo_PWM:PWMUDB:MODULE_8:b_14\
	\Servo_PWM:PWMUDB:MODULE_8:b_13\
	\Servo_PWM:PWMUDB:MODULE_8:b_12\
	\Servo_PWM:PWMUDB:MODULE_8:b_11\
	\Servo_PWM:PWMUDB:MODULE_8:b_10\
	\Servo_PWM:PWMUDB:MODULE_8:b_9\
	\Servo_PWM:PWMUDB:MODULE_8:b_8\
	\Servo_PWM:PWMUDB:MODULE_8:b_7\
	\Servo_PWM:PWMUDB:MODULE_8:b_6\
	\Servo_PWM:PWMUDB:MODULE_8:b_5\
	\Servo_PWM:PWMUDB:MODULE_8:b_4\
	\Servo_PWM:PWMUDB:MODULE_8:b_3\
	\Servo_PWM:PWMUDB:MODULE_8:b_2\
	\Servo_PWM:PWMUDB:MODULE_8:b_1\
	\Servo_PWM:PWMUDB:MODULE_8:b_0\
	\Servo_PWM:PWMUDB:MODULE_8:g2:a0:a_31\
	\Servo_PWM:PWMUDB:MODULE_8:g2:a0:a_30\
	\Servo_PWM:PWMUDB:MODULE_8:g2:a0:a_29\
	\Servo_PWM:PWMUDB:MODULE_8:g2:a0:a_28\
	\Servo_PWM:PWMUDB:MODULE_8:g2:a0:a_27\
	\Servo_PWM:PWMUDB:MODULE_8:g2:a0:a_26\
	\Servo_PWM:PWMUDB:MODULE_8:g2:a0:a_25\
	\Servo_PWM:PWMUDB:MODULE_8:g2:a0:a_24\
	\Servo_PWM:PWMUDB:MODULE_8:g2:a0:b_31\
	\Servo_PWM:PWMUDB:MODULE_8:g2:a0:b_30\
	\Servo_PWM:PWMUDB:MODULE_8:g2:a0:b_29\
	\Servo_PWM:PWMUDB:MODULE_8:g2:a0:b_28\
	\Servo_PWM:PWMUDB:MODULE_8:g2:a0:b_27\
	\Servo_PWM:PWMUDB:MODULE_8:g2:a0:b_26\
	\Servo_PWM:PWMUDB:MODULE_8:g2:a0:b_25\
	\Servo_PWM:PWMUDB:MODULE_8:g2:a0:b_24\
	\Servo_PWM:PWMUDB:MODULE_8:g2:a0:b_23\
	\Servo_PWM:PWMUDB:MODULE_8:g2:a0:b_22\
	\Servo_PWM:PWMUDB:MODULE_8:g2:a0:b_21\
	\Servo_PWM:PWMUDB:MODULE_8:g2:a0:b_20\
	\Servo_PWM:PWMUDB:MODULE_8:g2:a0:b_19\
	\Servo_PWM:PWMUDB:MODULE_8:g2:a0:b_18\
	\Servo_PWM:PWMUDB:MODULE_8:g2:a0:b_17\
	\Servo_PWM:PWMUDB:MODULE_8:g2:a0:b_16\
	\Servo_PWM:PWMUDB:MODULE_8:g2:a0:b_15\
	\Servo_PWM:PWMUDB:MODULE_8:g2:a0:b_14\
	\Servo_PWM:PWMUDB:MODULE_8:g2:a0:b_13\
	\Servo_PWM:PWMUDB:MODULE_8:g2:a0:b_12\
	\Servo_PWM:PWMUDB:MODULE_8:g2:a0:b_11\
	\Servo_PWM:PWMUDB:MODULE_8:g2:a0:b_10\
	\Servo_PWM:PWMUDB:MODULE_8:g2:a0:b_9\
	\Servo_PWM:PWMUDB:MODULE_8:g2:a0:b_8\
	\Servo_PWM:PWMUDB:MODULE_8:g2:a0:b_7\
	\Servo_PWM:PWMUDB:MODULE_8:g2:a0:b_6\
	\Servo_PWM:PWMUDB:MODULE_8:g2:a0:b_5\
	\Servo_PWM:PWMUDB:MODULE_8:g2:a0:b_4\
	\Servo_PWM:PWMUDB:MODULE_8:g2:a0:b_3\
	\Servo_PWM:PWMUDB:MODULE_8:g2:a0:b_2\
	\Servo_PWM:PWMUDB:MODULE_8:g2:a0:b_1\
	\Servo_PWM:PWMUDB:MODULE_8:g2:a0:b_0\
	\Servo_PWM:PWMUDB:MODULE_8:g2:a0:s_31\
	\Servo_PWM:PWMUDB:MODULE_8:g2:a0:s_30\
	\Servo_PWM:PWMUDB:MODULE_8:g2:a0:s_29\
	\Servo_PWM:PWMUDB:MODULE_8:g2:a0:s_28\
	\Servo_PWM:PWMUDB:MODULE_8:g2:a0:s_27\
	\Servo_PWM:PWMUDB:MODULE_8:g2:a0:s_26\
	\Servo_PWM:PWMUDB:MODULE_8:g2:a0:s_25\
	\Servo_PWM:PWMUDB:MODULE_8:g2:a0:s_24\
	\Servo_PWM:PWMUDB:MODULE_8:g2:a0:s_23\
	\Servo_PWM:PWMUDB:MODULE_8:g2:a0:s_22\
	\Servo_PWM:PWMUDB:MODULE_8:g2:a0:s_21\
	\Servo_PWM:PWMUDB:MODULE_8:g2:a0:s_20\
	\Servo_PWM:PWMUDB:MODULE_8:g2:a0:s_19\
	\Servo_PWM:PWMUDB:MODULE_8:g2:a0:s_18\
	\Servo_PWM:PWMUDB:MODULE_8:g2:a0:s_17\
	\Servo_PWM:PWMUDB:MODULE_8:g2:a0:s_16\
	\Servo_PWM:PWMUDB:MODULE_8:g2:a0:s_15\
	\Servo_PWM:PWMUDB:MODULE_8:g2:a0:s_14\
	\Servo_PWM:PWMUDB:MODULE_8:g2:a0:s_13\
	\Servo_PWM:PWMUDB:MODULE_8:g2:a0:s_12\
	\Servo_PWM:PWMUDB:MODULE_8:g2:a0:s_11\
	\Servo_PWM:PWMUDB:MODULE_8:g2:a0:s_10\
	\Servo_PWM:PWMUDB:MODULE_8:g2:a0:s_9\
	\Servo_PWM:PWMUDB:MODULE_8:g2:a0:s_8\
	\Servo_PWM:PWMUDB:MODULE_8:g2:a0:s_7\
	\Servo_PWM:PWMUDB:MODULE_8:g2:a0:s_6\
	\Servo_PWM:PWMUDB:MODULE_8:g2:a0:s_5\
	\Servo_PWM:PWMUDB:MODULE_8:g2:a0:s_4\
	\Servo_PWM:PWMUDB:MODULE_8:g2:a0:s_3\
	\Servo_PWM:PWMUDB:MODULE_8:g2:a0:s_2\
	\Servo_PWM:PWMUDB:MODULE_8:g2:a0:g1:z1:s0:g1:u0:c_31\
	\Servo_PWM:PWMUDB:MODULE_8:g2:a0:g1:z1:s0:g1:u0:c_30\
	\Servo_PWM:PWMUDB:MODULE_8:g2:a0:g1:z1:s0:g1:u0:c_29\
	\Servo_PWM:PWMUDB:MODULE_8:g2:a0:g1:z1:s0:g1:u0:c_28\
	\Servo_PWM:PWMUDB:MODULE_8:g2:a0:g1:z1:s0:g1:u0:c_27\
	\Servo_PWM:PWMUDB:MODULE_8:g2:a0:g1:z1:s0:g1:u0:c_26\
	\Servo_PWM:PWMUDB:MODULE_8:g2:a0:g1:z1:s0:g1:u0:c_25\
	Net_1581
	Net_1391
	\Servo_PWM:Net_113\
	\Servo_PWM:Net_107\
	\Servo_PWM:Net_114\

    Synthesized names
	\MotorA_PWM:PWMUDB:add_vi_vv_MODGEN_6_31\
	\MotorA_PWM:PWMUDB:add_vi_vv_MODGEN_6_30\
	\MotorA_PWM:PWMUDB:add_vi_vv_MODGEN_6_29\
	\MotorA_PWM:PWMUDB:add_vi_vv_MODGEN_6_28\
	\MotorA_PWM:PWMUDB:add_vi_vv_MODGEN_6_27\
	\MotorA_PWM:PWMUDB:add_vi_vv_MODGEN_6_26\
	\MotorA_PWM:PWMUDB:add_vi_vv_MODGEN_6_25\
	\MotorA_PWM:PWMUDB:add_vi_vv_MODGEN_6_24\
	\MotorA_PWM:PWMUDB:add_vi_vv_MODGEN_6_23\
	\MotorA_PWM:PWMUDB:add_vi_vv_MODGEN_6_22\
	\MotorA_PWM:PWMUDB:add_vi_vv_MODGEN_6_21\
	\MotorA_PWM:PWMUDB:add_vi_vv_MODGEN_6_20\
	\MotorA_PWM:PWMUDB:add_vi_vv_MODGEN_6_19\
	\MotorA_PWM:PWMUDB:add_vi_vv_MODGEN_6_18\
	\MotorA_PWM:PWMUDB:add_vi_vv_MODGEN_6_17\
	\MotorA_PWM:PWMUDB:add_vi_vv_MODGEN_6_16\
	\MotorA_PWM:PWMUDB:add_vi_vv_MODGEN_6_15\
	\MotorA_PWM:PWMUDB:add_vi_vv_MODGEN_6_14\
	\MotorA_PWM:PWMUDB:add_vi_vv_MODGEN_6_13\
	\MotorA_PWM:PWMUDB:add_vi_vv_MODGEN_6_12\
	\MotorA_PWM:PWMUDB:add_vi_vv_MODGEN_6_11\
	\MotorA_PWM:PWMUDB:add_vi_vv_MODGEN_6_10\
	\MotorA_PWM:PWMUDB:add_vi_vv_MODGEN_6_9\
	\MotorA_PWM:PWMUDB:add_vi_vv_MODGEN_6_8\
	\MotorA_PWM:PWMUDB:add_vi_vv_MODGEN_6_7\
	\MotorA_PWM:PWMUDB:add_vi_vv_MODGEN_6_6\
	\MotorA_PWM:PWMUDB:add_vi_vv_MODGEN_6_5\
	\MotorA_PWM:PWMUDB:add_vi_vv_MODGEN_6_4\
	\MotorA_PWM:PWMUDB:add_vi_vv_MODGEN_6_3\
	\MotorA_PWM:PWMUDB:add_vi_vv_MODGEN_6_2\
	\ServoAB:PWMUDB:add_vi_vv_MODGEN_7_31\
	\ServoAB:PWMUDB:add_vi_vv_MODGEN_7_30\
	\ServoAB:PWMUDB:add_vi_vv_MODGEN_7_29\
	\ServoAB:PWMUDB:add_vi_vv_MODGEN_7_28\
	\ServoAB:PWMUDB:add_vi_vv_MODGEN_7_27\
	\ServoAB:PWMUDB:add_vi_vv_MODGEN_7_26\
	\ServoAB:PWMUDB:add_vi_vv_MODGEN_7_25\
	\ServoAB:PWMUDB:add_vi_vv_MODGEN_7_24\
	\ServoAB:PWMUDB:add_vi_vv_MODGEN_7_23\
	\ServoAB:PWMUDB:add_vi_vv_MODGEN_7_22\
	\ServoAB:PWMUDB:add_vi_vv_MODGEN_7_21\
	\ServoAB:PWMUDB:add_vi_vv_MODGEN_7_20\
	\ServoAB:PWMUDB:add_vi_vv_MODGEN_7_19\
	\ServoAB:PWMUDB:add_vi_vv_MODGEN_7_18\
	\ServoAB:PWMUDB:add_vi_vv_MODGEN_7_17\
	\ServoAB:PWMUDB:add_vi_vv_MODGEN_7_16\
	\ServoAB:PWMUDB:add_vi_vv_MODGEN_7_15\
	\ServoAB:PWMUDB:add_vi_vv_MODGEN_7_14\
	\ServoAB:PWMUDB:add_vi_vv_MODGEN_7_13\
	\ServoAB:PWMUDB:add_vi_vv_MODGEN_7_12\
	\ServoAB:PWMUDB:add_vi_vv_MODGEN_7_11\
	\ServoAB:PWMUDB:add_vi_vv_MODGEN_7_10\
	\ServoAB:PWMUDB:add_vi_vv_MODGEN_7_9\
	\ServoAB:PWMUDB:add_vi_vv_MODGEN_7_8\
	\ServoAB:PWMUDB:add_vi_vv_MODGEN_7_7\
	\ServoAB:PWMUDB:add_vi_vv_MODGEN_7_6\
	\ServoAB:PWMUDB:add_vi_vv_MODGEN_7_5\
	\ServoAB:PWMUDB:add_vi_vv_MODGEN_7_4\
	\ServoAB:PWMUDB:add_vi_vv_MODGEN_7_3\
	\ServoAB:PWMUDB:add_vi_vv_MODGEN_7_2\
	\Servo_PWM:PWMUDB:add_vi_vv_MODGEN_8_31\
	\Servo_PWM:PWMUDB:add_vi_vv_MODGEN_8_30\
	\Servo_PWM:PWMUDB:add_vi_vv_MODGEN_8_29\
	\Servo_PWM:PWMUDB:add_vi_vv_MODGEN_8_28\
	\Servo_PWM:PWMUDB:add_vi_vv_MODGEN_8_27\
	\Servo_PWM:PWMUDB:add_vi_vv_MODGEN_8_26\
	\Servo_PWM:PWMUDB:add_vi_vv_MODGEN_8_25\
	\Servo_PWM:PWMUDB:add_vi_vv_MODGEN_8_24\
	\Servo_PWM:PWMUDB:add_vi_vv_MODGEN_8_23\
	\Servo_PWM:PWMUDB:add_vi_vv_MODGEN_8_22\
	\Servo_PWM:PWMUDB:add_vi_vv_MODGEN_8_21\
	\Servo_PWM:PWMUDB:add_vi_vv_MODGEN_8_20\
	\Servo_PWM:PWMUDB:add_vi_vv_MODGEN_8_19\
	\Servo_PWM:PWMUDB:add_vi_vv_MODGEN_8_18\
	\Servo_PWM:PWMUDB:add_vi_vv_MODGEN_8_17\
	\Servo_PWM:PWMUDB:add_vi_vv_MODGEN_8_16\
	\Servo_PWM:PWMUDB:add_vi_vv_MODGEN_8_15\
	\Servo_PWM:PWMUDB:add_vi_vv_MODGEN_8_14\
	\Servo_PWM:PWMUDB:add_vi_vv_MODGEN_8_13\
	\Servo_PWM:PWMUDB:add_vi_vv_MODGEN_8_12\
	\Servo_PWM:PWMUDB:add_vi_vv_MODGEN_8_11\
	\Servo_PWM:PWMUDB:add_vi_vv_MODGEN_8_10\
	\Servo_PWM:PWMUDB:add_vi_vv_MODGEN_8_9\
	\Servo_PWM:PWMUDB:add_vi_vv_MODGEN_8_8\
	\Servo_PWM:PWMUDB:add_vi_vv_MODGEN_8_7\
	\Servo_PWM:PWMUDB:add_vi_vv_MODGEN_8_6\
	\Servo_PWM:PWMUDB:add_vi_vv_MODGEN_8_5\
	\Servo_PWM:PWMUDB:add_vi_vv_MODGEN_8_4\
	\Servo_PWM:PWMUDB:add_vi_vv_MODGEN_8_3\
	\Servo_PWM:PWMUDB:add_vi_vv_MODGEN_8_2\

Deleted 444 User equations/components.
Deleted 90 Synthesized equations/components.

------------------------------------------------------
Alias Detection
------------------------------------------------------
Aliasing \MotorA_Dir:rst\ to \MotorA_Dir:clk\
Aliasing zero to \MotorA_Dir:clk\
Aliasing one to tmpOE__Rx_1_net_0
Aliasing \UART:BUART:tx_hd_send_break\ to \MotorA_Dir:clk\
Aliasing \UART:BUART:HalfDuplexSend\ to \MotorA_Dir:clk\
Aliasing \UART:BUART:FinalParityType_1\ to \MotorA_Dir:clk\
Aliasing \UART:BUART:FinalParityType_0\ to \MotorA_Dir:clk\
Aliasing \UART:BUART:FinalAddrMode_2\ to \MotorA_Dir:clk\
Aliasing \UART:BUART:FinalAddrMode_1\ to \MotorA_Dir:clk\
Aliasing \UART:BUART:FinalAddrMode_0\ to \MotorA_Dir:clk\
Aliasing \UART:BUART:tx_ctrl_mark\ to \MotorA_Dir:clk\
Aliasing \UART:BUART:tx_status_6\ to \MotorA_Dir:clk\
Aliasing \UART:BUART:tx_status_5\ to \MotorA_Dir:clk\
Aliasing \UART:BUART:tx_status_4\ to \MotorA_Dir:clk\
Aliasing \UART:BUART:rx_count7_bit8_wire\ to \MotorA_Dir:clk\
Aliasing \UART:BUART:sRX:s23Poll:MODULE_1:g2:a0:g1:z1:s0:g1:u0:b_0\ to tmpOE__Rx_1_net_0
Aliasing \UART:BUART:sRX:s23Poll:MODIN2_1\ to \UART:BUART:sRX:s23Poll:MODIN1_1\
Aliasing \UART:BUART:sRX:s23Poll:MODIN2_0\ to \UART:BUART:sRX:s23Poll:MODIN1_0\
Aliasing \UART:BUART:sRX:s23Poll:MODULE_2:g2:a0:newb_1\ to \MotorA_Dir:clk\
Aliasing \UART:BUART:sRX:s23Poll:MODULE_2:g2:a0:newb_0\ to tmpOE__Rx_1_net_0
Aliasing \UART:BUART:sRX:s23Poll:MODIN3_1\ to \UART:BUART:sRX:s23Poll:MODIN1_1\
Aliasing \UART:BUART:sRX:s23Poll:MODIN3_0\ to \UART:BUART:sRX:s23Poll:MODIN1_0\
Aliasing \UART:BUART:sRX:s23Poll:MODULE_3:g2:a0:newb_1\ to tmpOE__Rx_1_net_0
Aliasing \UART:BUART:sRX:s23Poll:MODULE_3:g2:a0:newb_0\ to \MotorA_Dir:clk\
Aliasing \UART:BUART:rx_status_1\ to \MotorA_Dir:clk\
Aliasing \UART:BUART:sRX:MODULE_4:g2:a0:newa_6\ to \MotorA_Dir:clk\
Aliasing \UART:BUART:sRX:MODULE_4:g2:a0:newa_5\ to \MotorA_Dir:clk\
Aliasing \UART:BUART:sRX:MODULE_4:g2:a0:newa_4\ to \MotorA_Dir:clk\
Aliasing \UART:BUART:sRX:MODULE_4:g2:a0:newb_6\ to \MotorA_Dir:clk\
Aliasing \UART:BUART:sRX:MODULE_4:g2:a0:newb_5\ to \MotorA_Dir:clk\
Aliasing \UART:BUART:sRX:MODULE_4:g2:a0:newb_4\ to \MotorA_Dir:clk\
Aliasing \UART:BUART:sRX:MODULE_4:g2:a0:newb_3\ to \MotorA_Dir:clk\
Aliasing \UART:BUART:sRX:MODULE_4:g2:a0:newb_2\ to tmpOE__Rx_1_net_0
Aliasing \UART:BUART:sRX:MODULE_4:g2:a0:newb_1\ to tmpOE__Rx_1_net_0
Aliasing \UART:BUART:sRX:MODULE_4:g2:a0:newb_0\ to \MotorA_Dir:clk\
Aliasing \UART:BUART:sRX:MODULE_5:g1:a0:gx:u0:aeqb_0\ to tmpOE__Rx_1_net_0
Aliasing tmpOE__MotorPWM_net_0 to tmpOE__Rx_1_net_0
Aliasing \MotorA_PWM:PWMUDB:hwCapture\ to \MotorA_Dir:clk\
Aliasing \MotorA_PWM:PWMUDB:trig_out\ to tmpOE__Rx_1_net_0
Aliasing \MotorA_PWM:PWMUDB:runmode_enable\\R\ to \MotorA_Dir:clk\
Aliasing \MotorA_PWM:PWMUDB:runmode_enable\\S\ to \MotorA_Dir:clk\
Aliasing \MotorA_PWM:PWMUDB:ltch_kill_reg\\R\ to \MotorA_Dir:clk\
Aliasing \MotorA_PWM:PWMUDB:ltch_kill_reg\\S\ to \MotorA_Dir:clk\
Aliasing \MotorA_PWM:PWMUDB:min_kill_reg\\R\ to \MotorA_Dir:clk\
Aliasing \MotorA_PWM:PWMUDB:min_kill_reg\\S\ to \MotorA_Dir:clk\
Aliasing \MotorA_PWM:PWMUDB:final_kill\ to tmpOE__Rx_1_net_0
Aliasing \MotorA_PWM:PWMUDB:dith_count_1\\R\ to \MotorA_Dir:clk\
Aliasing \MotorA_PWM:PWMUDB:dith_count_1\\S\ to \MotorA_Dir:clk\
Aliasing \MotorA_PWM:PWMUDB:dith_count_0\\R\ to \MotorA_Dir:clk\
Aliasing \MotorA_PWM:PWMUDB:dith_count_0\\S\ to \MotorA_Dir:clk\
Aliasing \MotorA_PWM:PWMUDB:reset\ to \MotorA_Dir:clk\
Aliasing \MotorA_PWM:PWMUDB:status_6\ to \MotorA_Dir:clk\
Aliasing \MotorA_PWM:PWMUDB:status_4\ to \MotorA_Dir:clk\
Aliasing \MotorA_PWM:PWMUDB:cmp2\ to \MotorA_Dir:clk\
Aliasing \MotorA_PWM:PWMUDB:cmp1_status_reg\\R\ to \MotorA_Dir:clk\
Aliasing \MotorA_PWM:PWMUDB:cmp1_status_reg\\S\ to \MotorA_Dir:clk\
Aliasing \MotorA_PWM:PWMUDB:cmp2_status_reg\\R\ to \MotorA_Dir:clk\
Aliasing \MotorA_PWM:PWMUDB:cmp2_status_reg\\S\ to \MotorA_Dir:clk\
Aliasing \MotorA_PWM:PWMUDB:final_kill_reg\\R\ to \MotorA_Dir:clk\
Aliasing \MotorA_PWM:PWMUDB:final_kill_reg\\S\ to \MotorA_Dir:clk\
Aliasing \MotorA_PWM:PWMUDB:cs_addr_0\ to \MotorA_Dir:clk\
Aliasing \MotorA_PWM:PWMUDB:pwm1_i\ to \MotorA_Dir:clk\
Aliasing \MotorA_PWM:PWMUDB:pwm2_i\ to \MotorA_Dir:clk\
Aliasing \MotorA_PWM:PWMUDB:MODULE_6:g2:a0:a_23\ to \MotorA_Dir:clk\
Aliasing \MotorA_PWM:PWMUDB:MODULE_6:g2:a0:a_22\ to \MotorA_Dir:clk\
Aliasing \MotorA_PWM:PWMUDB:MODULE_6:g2:a0:a_21\ to \MotorA_Dir:clk\
Aliasing \MotorA_PWM:PWMUDB:MODULE_6:g2:a0:a_20\ to \MotorA_Dir:clk\
Aliasing \MotorA_PWM:PWMUDB:MODULE_6:g2:a0:a_19\ to \MotorA_Dir:clk\
Aliasing \MotorA_PWM:PWMUDB:MODULE_6:g2:a0:a_18\ to \MotorA_Dir:clk\
Aliasing \MotorA_PWM:PWMUDB:MODULE_6:g2:a0:a_17\ to \MotorA_Dir:clk\
Aliasing \MotorA_PWM:PWMUDB:MODULE_6:g2:a0:a_16\ to \MotorA_Dir:clk\
Aliasing \MotorA_PWM:PWMUDB:MODULE_6:g2:a0:a_15\ to \MotorA_Dir:clk\
Aliasing \MotorA_PWM:PWMUDB:MODULE_6:g2:a0:a_14\ to \MotorA_Dir:clk\
Aliasing \MotorA_PWM:PWMUDB:MODULE_6:g2:a0:a_13\ to \MotorA_Dir:clk\
Aliasing \MotorA_PWM:PWMUDB:MODULE_6:g2:a0:a_12\ to \MotorA_Dir:clk\
Aliasing \MotorA_PWM:PWMUDB:MODULE_6:g2:a0:a_11\ to \MotorA_Dir:clk\
Aliasing \MotorA_PWM:PWMUDB:MODULE_6:g2:a0:a_10\ to \MotorA_Dir:clk\
Aliasing \MotorA_PWM:PWMUDB:MODULE_6:g2:a0:a_9\ to \MotorA_Dir:clk\
Aliasing \MotorA_PWM:PWMUDB:MODULE_6:g2:a0:a_8\ to \MotorA_Dir:clk\
Aliasing \MotorA_PWM:PWMUDB:MODULE_6:g2:a0:a_7\ to \MotorA_Dir:clk\
Aliasing \MotorA_PWM:PWMUDB:MODULE_6:g2:a0:a_6\ to \MotorA_Dir:clk\
Aliasing \MotorA_PWM:PWMUDB:MODULE_6:g2:a0:a_5\ to \MotorA_Dir:clk\
Aliasing \MotorA_PWM:PWMUDB:MODULE_6:g2:a0:a_4\ to \MotorA_Dir:clk\
Aliasing \MotorA_PWM:PWMUDB:MODULE_6:g2:a0:a_3\ to \MotorA_Dir:clk\
Aliasing \MotorA_PWM:PWMUDB:MODULE_6:g2:a0:a_2\ to \MotorA_Dir:clk\
Aliasing \MotorA_PWM:PWMUDB:MODULE_6:g2:a0:g1:z1:s0:g1:u0:b_0\ to tmpOE__Rx_1_net_0
Aliasing tmpOE__MotorCW_net_0 to tmpOE__Rx_1_net_0
Aliasing tmpOE__Tx_1_net_0 to tmpOE__Rx_1_net_0
Aliasing \usCounter:Net_82\ to \MotorA_Dir:clk\
Aliasing \usCounter:Net_91\ to \MotorA_Dir:clk\
Aliasing tmpOE__Encoder_net_1 to tmpOE__Rx_1_net_0
Aliasing tmpOE__Encoder_net_0 to tmpOE__Rx_1_net_0
Aliasing \MotorA_QuadDec:Cnt16:CounterUDB:ctrl_capmode_1\ to \MotorA_Dir:clk\
Aliasing \MotorA_QuadDec:Cnt16:CounterUDB:ctrl_capmode_0\ to \MotorA_Dir:clk\
Aliasing \MotorA_QuadDec:Cnt16:CounterUDB:capt_rising\ to \MotorA_Dir:clk\
Aliasing \MotorA_QuadDec:Cnt16:CounterUDB:underflow\ to \MotorA_QuadDec:Cnt16:CounterUDB:status_1\
Aliasing \MotorA_QuadDec:Cnt16:CounterUDB:tc_i\ to \MotorA_QuadDec:Cnt16:CounterUDB:reload_tc\
Aliasing \MotorA_QuadDec:bQuadDec:status_4\ to \MotorA_Dir:clk\
Aliasing \MotorA_QuadDec:bQuadDec:status_5\ to \MotorA_Dir:clk\
Aliasing \MotorA_QuadDec:bQuadDec:status_6\ to \MotorA_Dir:clk\
Aliasing \MotorA_QuadDec:Net_1229\ to tmpOE__Rx_1_net_0
Aliasing tmpOE__MotorCCW_net_0 to tmpOE__Rx_1_net_0
Aliasing \ServoAB:PWMUDB:hwCapture\ to \MotorA_Dir:clk\
Aliasing \ServoAB:PWMUDB:runmode_enable\\S\ to \MotorA_Dir:clk\
Aliasing \ServoAB:PWMUDB:trig_disable\\R\ to \ServoAB:PWMUDB:runmode_enable\\R\
Aliasing \ServoAB:PWMUDB:trig_disable\\S\ to \MotorA_Dir:clk\
Aliasing \ServoAB:PWMUDB:ltch_kill_reg\\R\ to \ServoAB:PWMUDB:runmode_enable\\R\
Aliasing \ServoAB:PWMUDB:ltch_kill_reg\\S\ to \MotorA_Dir:clk\
Aliasing \ServoAB:PWMUDB:min_kill_reg\\R\ to \ServoAB:PWMUDB:runmode_enable\\R\
Aliasing \ServoAB:PWMUDB:min_kill_reg\\S\ to \MotorA_Dir:clk\
Aliasing \ServoAB:PWMUDB:final_kill\ to tmpOE__Rx_1_net_0
Aliasing \ServoAB:PWMUDB:dith_count_1\\R\ to \ServoAB:PWMUDB:runmode_enable\\R\
Aliasing \ServoAB:PWMUDB:dith_count_1\\S\ to \MotorA_Dir:clk\
Aliasing \ServoAB:PWMUDB:dith_count_0\\R\ to \ServoAB:PWMUDB:runmode_enable\\R\
Aliasing \ServoAB:PWMUDB:dith_count_0\\S\ to \MotorA_Dir:clk\
Aliasing \ServoAB:PWMUDB:status_6\ to \MotorA_Dir:clk\
Aliasing \ServoAB:PWMUDB:status_4\ to \MotorA_Dir:clk\
Aliasing \ServoAB:PWMUDB:cmp1_status_reg\\R\ to \ServoAB:PWMUDB:runmode_enable\\R\
Aliasing \ServoAB:PWMUDB:cmp1_status_reg\\S\ to \MotorA_Dir:clk\
Aliasing \ServoAB:PWMUDB:cmp2_status_reg\\R\ to \ServoAB:PWMUDB:runmode_enable\\R\
Aliasing \ServoAB:PWMUDB:cmp2_status_reg\\S\ to \MotorA_Dir:clk\
Aliasing \ServoAB:PWMUDB:final_kill_reg\\R\ to \ServoAB:PWMUDB:runmode_enable\\R\
Aliasing \ServoAB:PWMUDB:final_kill_reg\\S\ to \MotorA_Dir:clk\
Aliasing \ServoAB:PWMUDB:cs_addr_0\ to \ServoAB:PWMUDB:runmode_enable\\R\
Aliasing \ServoAB:PWMUDB:pwm_temp\ to \MotorA_Dir:clk\
Aliasing \ServoAB:PWMUDB:MODULE_7:g2:a0:a_23\ to \MotorA_Dir:clk\
Aliasing \ServoAB:PWMUDB:MODULE_7:g2:a0:a_22\ to \MotorA_Dir:clk\
Aliasing \ServoAB:PWMUDB:MODULE_7:g2:a0:a_21\ to \MotorA_Dir:clk\
Aliasing \ServoAB:PWMUDB:MODULE_7:g2:a0:a_20\ to \MotorA_Dir:clk\
Aliasing \ServoAB:PWMUDB:MODULE_7:g2:a0:a_19\ to \MotorA_Dir:clk\
Aliasing \ServoAB:PWMUDB:MODULE_7:g2:a0:a_18\ to \MotorA_Dir:clk\
Aliasing \ServoAB:PWMUDB:MODULE_7:g2:a0:a_17\ to \MotorA_Dir:clk\
Aliasing \ServoAB:PWMUDB:MODULE_7:g2:a0:a_16\ to \MotorA_Dir:clk\
Aliasing \ServoAB:PWMUDB:MODULE_7:g2:a0:a_15\ to \MotorA_Dir:clk\
Aliasing \ServoAB:PWMUDB:MODULE_7:g2:a0:a_14\ to \MotorA_Dir:clk\
Aliasing \ServoAB:PWMUDB:MODULE_7:g2:a0:a_13\ to \MotorA_Dir:clk\
Aliasing \ServoAB:PWMUDB:MODULE_7:g2:a0:a_12\ to \MotorA_Dir:clk\
Aliasing \ServoAB:PWMUDB:MODULE_7:g2:a0:a_11\ to \MotorA_Dir:clk\
Aliasing \ServoAB:PWMUDB:MODULE_7:g2:a0:a_10\ to \MotorA_Dir:clk\
Aliasing \ServoAB:PWMUDB:MODULE_7:g2:a0:a_9\ to \MotorA_Dir:clk\
Aliasing \ServoAB:PWMUDB:MODULE_7:g2:a0:a_8\ to \MotorA_Dir:clk\
Aliasing \ServoAB:PWMUDB:MODULE_7:g2:a0:a_7\ to \MotorA_Dir:clk\
Aliasing \ServoAB:PWMUDB:MODULE_7:g2:a0:a_6\ to \MotorA_Dir:clk\
Aliasing \ServoAB:PWMUDB:MODULE_7:g2:a0:a_5\ to \MotorA_Dir:clk\
Aliasing \ServoAB:PWMUDB:MODULE_7:g2:a0:a_4\ to \MotorA_Dir:clk\
Aliasing \ServoAB:PWMUDB:MODULE_7:g2:a0:a_3\ to \MotorA_Dir:clk\
Aliasing \ServoAB:PWMUDB:MODULE_7:g2:a0:a_2\ to \MotorA_Dir:clk\
Aliasing \ServoAB:PWMUDB:MODULE_7:g2:a0:g1:z1:s0:g1:u0:b_0\ to tmpOE__Rx_1_net_0
Aliasing tmpOE__ServoA_Out_net_0 to tmpOE__Rx_1_net_0
Aliasing \Servo_PWM:PWMUDB:hwCapture\ to \MotorA_Dir:clk\
Aliasing \Servo_PWM:PWMUDB:trig_out\ to tmpOE__Rx_1_net_0
Aliasing \Servo_PWM:PWMUDB:runmode_enable\\R\ to \MotorA_Dir:clk\
Aliasing \Servo_PWM:PWMUDB:runmode_enable\\S\ to \MotorA_Dir:clk\
Aliasing \Servo_PWM:PWMUDB:ltch_kill_reg\\R\ to \MotorA_Dir:clk\
Aliasing \Servo_PWM:PWMUDB:ltch_kill_reg\\S\ to \MotorA_Dir:clk\
Aliasing \Servo_PWM:PWMUDB:min_kill_reg\\R\ to \MotorA_Dir:clk\
Aliasing \Servo_PWM:PWMUDB:min_kill_reg\\S\ to \MotorA_Dir:clk\
Aliasing \Servo_PWM:PWMUDB:final_kill\ to tmpOE__Rx_1_net_0
Aliasing \Servo_PWM:PWMUDB:dith_count_1\\R\ to \MotorA_Dir:clk\
Aliasing \Servo_PWM:PWMUDB:dith_count_1\\S\ to \MotorA_Dir:clk\
Aliasing \Servo_PWM:PWMUDB:dith_count_0\\R\ to \MotorA_Dir:clk\
Aliasing \Servo_PWM:PWMUDB:dith_count_0\\S\ to \MotorA_Dir:clk\
Aliasing \Servo_PWM:PWMUDB:reset\ to \MotorA_Dir:clk\
Aliasing \Servo_PWM:PWMUDB:status_6\ to \MotorA_Dir:clk\
Aliasing \Servo_PWM:PWMUDB:status_4\ to \MotorA_Dir:clk\
Aliasing \Servo_PWM:PWMUDB:cmp1_status_reg\\R\ to \MotorA_Dir:clk\
Aliasing \Servo_PWM:PWMUDB:cmp1_status_reg\\S\ to \MotorA_Dir:clk\
Aliasing \Servo_PWM:PWMUDB:cmp2_status_reg\\R\ to \MotorA_Dir:clk\
Aliasing \Servo_PWM:PWMUDB:cmp2_status_reg\\S\ to \MotorA_Dir:clk\
Aliasing \Servo_PWM:PWMUDB:final_kill_reg\\R\ to \MotorA_Dir:clk\
Aliasing \Servo_PWM:PWMUDB:final_kill_reg\\S\ to \MotorA_Dir:clk\
Aliasing \Servo_PWM:PWMUDB:cs_addr_0\ to \MotorA_Dir:clk\
Aliasing \Servo_PWM:PWMUDB:pwm_temp\ to \MotorA_Dir:clk\
Aliasing \Servo_PWM:PWMUDB:MODULE_8:g2:a0:a_23\ to \MotorA_Dir:clk\
Aliasing \Servo_PWM:PWMUDB:MODULE_8:g2:a0:a_22\ to \MotorA_Dir:clk\
Aliasing \Servo_PWM:PWMUDB:MODULE_8:g2:a0:a_21\ to \MotorA_Dir:clk\
Aliasing \Servo_PWM:PWMUDB:MODULE_8:g2:a0:a_20\ to \MotorA_Dir:clk\
Aliasing \Servo_PWM:PWMUDB:MODULE_8:g2:a0:a_19\ to \MotorA_Dir:clk\
Aliasing \Servo_PWM:PWMUDB:MODULE_8:g2:a0:a_18\ to \MotorA_Dir:clk\
Aliasing \Servo_PWM:PWMUDB:MODULE_8:g2:a0:a_17\ to \MotorA_Dir:clk\
Aliasing \Servo_PWM:PWMUDB:MODULE_8:g2:a0:a_16\ to \MotorA_Dir:clk\
Aliasing \Servo_PWM:PWMUDB:MODULE_8:g2:a0:a_15\ to \MotorA_Dir:clk\
Aliasing \Servo_PWM:PWMUDB:MODULE_8:g2:a0:a_14\ to \MotorA_Dir:clk\
Aliasing \Servo_PWM:PWMUDB:MODULE_8:g2:a0:a_13\ to \MotorA_Dir:clk\
Aliasing \Servo_PWM:PWMUDB:MODULE_8:g2:a0:a_12\ to \MotorA_Dir:clk\
Aliasing \Servo_PWM:PWMUDB:MODULE_8:g2:a0:a_11\ to \MotorA_Dir:clk\
Aliasing \Servo_PWM:PWMUDB:MODULE_8:g2:a0:a_10\ to \MotorA_Dir:clk\
Aliasing \Servo_PWM:PWMUDB:MODULE_8:g2:a0:a_9\ to \MotorA_Dir:clk\
Aliasing \Servo_PWM:PWMUDB:MODULE_8:g2:a0:a_8\ to \MotorA_Dir:clk\
Aliasing \Servo_PWM:PWMUDB:MODULE_8:g2:a0:a_7\ to \MotorA_Dir:clk\
Aliasing \Servo_PWM:PWMUDB:MODULE_8:g2:a0:a_6\ to \MotorA_Dir:clk\
Aliasing \Servo_PWM:PWMUDB:MODULE_8:g2:a0:a_5\ to \MotorA_Dir:clk\
Aliasing \Servo_PWM:PWMUDB:MODULE_8:g2:a0:a_4\ to \MotorA_Dir:clk\
Aliasing \Servo_PWM:PWMUDB:MODULE_8:g2:a0:a_3\ to \MotorA_Dir:clk\
Aliasing \Servo_PWM:PWMUDB:MODULE_8:g2:a0:a_2\ to \MotorA_Dir:clk\
Aliasing \Servo_PWM:PWMUDB:MODULE_8:g2:a0:g1:z1:s0:g1:u0:b_0\ to tmpOE__Rx_1_net_0
Aliasing tmpOE__ServoB_Out_net_0 to tmpOE__Rx_1_net_0
Aliasing tmpOE__Pin_1_net_0 to tmpOE__Rx_1_net_0
Aliasing tmpOE__Pin_2_net_0 to tmpOE__Rx_1_net_0
Aliasing tmpOE__Pin_3_net_0 to tmpOE__Rx_1_net_0
Aliasing \UART:BUART:reset_reg\\D\ to \MotorA_Dir:clk\
Aliasing \UART:BUART:rx_break_status\\D\ to \MotorA_Dir:clk\
Aliasing \MotorA_PWM:PWMUDB:min_kill_reg\\D\ to tmpOE__Rx_1_net_0
Aliasing \MotorA_PWM:PWMUDB:prevCapture\\D\ to \MotorA_Dir:clk\
Aliasing \MotorA_PWM:PWMUDB:trig_last\\D\ to \MotorA_Dir:clk\
Aliasing \MotorA_PWM:PWMUDB:ltch_kill_reg\\D\ to tmpOE__Rx_1_net_0
Aliasing \MotorA_PWM:PWMUDB:prevCompare1\\D\ to \MotorA_PWM:PWMUDB:pwm_temp\
Aliasing \MotorA_PWM:PWMUDB:tc_i_reg\\D\ to \MotorA_PWM:PWMUDB:status_2\
Aliasing \MotorA_QuadDec:Cnt16:CounterUDB:prevCapture\\D\ to \MotorA_Dir:clk\
Aliasing \MotorA_QuadDec:Cnt16:CounterUDB:cmp_out_reg_i\\D\ to \MotorA_QuadDec:Cnt16:CounterUDB:prevCompare\\D\
Aliasing \ServoAB:PWMUDB:min_kill_reg\\D\ to tmpOE__Rx_1_net_0
Aliasing \ServoAB:PWMUDB:prevCapture\\D\ to \MotorA_Dir:clk\
Aliasing \ServoAB:PWMUDB:ltch_kill_reg\\D\ to tmpOE__Rx_1_net_0
Aliasing \ServoAB:PWMUDB:tc_i_reg\\D\ to \ServoAB:PWMUDB:status_2\
Aliasing \Servo_PWM:PWMUDB:min_kill_reg\\D\ to tmpOE__Rx_1_net_0
Aliasing \Servo_PWM:PWMUDB:prevCapture\\D\ to \MotorA_Dir:clk\
Aliasing \Servo_PWM:PWMUDB:trig_last\\D\ to \MotorA_Dir:clk\
Aliasing \Servo_PWM:PWMUDB:ltch_kill_reg\\D\ to tmpOE__Rx_1_net_0
Aliasing \Servo_PWM:PWMUDB:tc_i_reg\\D\ to \Servo_PWM:PWMUDB:status_2\
Removing Lhs of wire \MotorA_Dir:rst\[1] = \MotorA_Dir:clk\[0]
Removing Rhs of wire Net_303[2] = \MotorA_Dir:control_out_0\[3]
Removing Rhs of wire Net_303[2] = \MotorA_Dir:control_0\[26]
Removing Rhs of wire zero[29] = \MotorA_Dir:clk\[0]
Removing Lhs of wire one[33] = tmpOE__Rx_1_net_0[28]
Removing Lhs of wire \UART:Net_61\[37] = \UART:Net_9\[36]
Removing Lhs of wire \UART:BUART:tx_hd_send_break\[41] = zero[29]
Removing Lhs of wire \UART:BUART:HalfDuplexSend\[42] = zero[29]
Removing Lhs of wire \UART:BUART:FinalParityType_1\[43] = zero[29]
Removing Lhs of wire \UART:BUART:FinalParityType_0\[44] = zero[29]
Removing Lhs of wire \UART:BUART:FinalAddrMode_2\[45] = zero[29]
Removing Lhs of wire \UART:BUART:FinalAddrMode_1\[46] = zero[29]
Removing Lhs of wire \UART:BUART:FinalAddrMode_0\[47] = zero[29]
Removing Lhs of wire \UART:BUART:tx_ctrl_mark\[48] = zero[29]
Removing Rhs of wire \UART:BUART:tx_bitclk_enable_pre\[60] = \UART:BUART:tx_bitclk_dp\[96]
Removing Lhs of wire \UART:BUART:tx_counter_tc\[106] = \UART:BUART:tx_counter_dp\[97]
Removing Lhs of wire \UART:BUART:tx_status_6\[107] = zero[29]
Removing Lhs of wire \UART:BUART:tx_status_5\[108] = zero[29]
Removing Lhs of wire \UART:BUART:tx_status_4\[109] = zero[29]
Removing Lhs of wire \UART:BUART:tx_status_1\[111] = \UART:BUART:tx_fifo_empty\[74]
Removing Lhs of wire \UART:BUART:tx_status_3\[113] = \UART:BUART:tx_fifo_notfull\[73]
Removing Lhs of wire \UART:BUART:rx_count7_bit8_wire\[173] = zero[29]
Removing Lhs of wire \UART:BUART:sRX:s23Poll:add_vv_vv_MODGEN_1_1\[180] = \UART:BUART:sRX:s23Poll:MODULE_1:g2:a0:s_1\[191]
Removing Lhs of wire \UART:BUART:sRX:s23Poll:add_vv_vv_MODGEN_1_0\[182] = \UART:BUART:sRX:s23Poll:MODULE_1:g2:a0:s_0\[192]
Removing Lhs of wire \UART:BUART:sRX:s23Poll:cmp_vv_vv_MODGEN_2\[183] = \UART:BUART:sRX:s23Poll:MODULE_2:g2:a0:lta_0\[208]
Removing Lhs of wire \UART:BUART:sRX:s23Poll:cmp_vv_vv_MODGEN_3\[184] = \UART:BUART:sRX:s23Poll:MODULE_3:g2:a0:lta_0\[222]
Removing Lhs of wire \UART:BUART:sRX:s23Poll:MODULE_1:g2:a0:a_1\[185] = \UART:BUART:sRX:s23Poll:MODIN1_1\[186]
Removing Lhs of wire \UART:BUART:sRX:s23Poll:MODIN1_1\[186] = \UART:BUART:pollcount_1\[179]
Removing Lhs of wire \UART:BUART:sRX:s23Poll:MODULE_1:g2:a0:a_0\[187] = \UART:BUART:sRX:s23Poll:MODIN1_0\[188]
Removing Lhs of wire \UART:BUART:sRX:s23Poll:MODIN1_0\[188] = \UART:BUART:pollcount_0\[181]
Removing Lhs of wire \UART:BUART:sRX:s23Poll:MODULE_1:g2:a0:g1:z1:s0:g1:u0:c_0\[194] = tmpOE__Rx_1_net_0[28]
Removing Lhs of wire \UART:BUART:sRX:s23Poll:MODULE_1:g2:a0:g1:z1:s0:g1:u0:b_0\[195] = tmpOE__Rx_1_net_0[28]
Removing Lhs of wire \UART:BUART:sRX:s23Poll:MODULE_2:g2:a0:newa_1\[196] = \UART:BUART:pollcount_1\[179]
Removing Lhs of wire \UART:BUART:sRX:s23Poll:MODIN2_1\[197] = \UART:BUART:pollcount_1\[179]
Removing Lhs of wire \UART:BUART:sRX:s23Poll:MODULE_2:g2:a0:newa_0\[198] = \UART:BUART:pollcount_0\[181]
Removing Lhs of wire \UART:BUART:sRX:s23Poll:MODIN2_0\[199] = \UART:BUART:pollcount_0\[181]
Removing Lhs of wire \UART:BUART:sRX:s23Poll:MODULE_2:g2:a0:newb_1\[200] = zero[29]
Removing Lhs of wire \UART:BUART:sRX:s23Poll:MODULE_2:g2:a0:newb_0\[201] = tmpOE__Rx_1_net_0[28]
Removing Lhs of wire \UART:BUART:sRX:s23Poll:MODULE_2:g2:a0:dataa_1\[202] = \UART:BUART:pollcount_1\[179]
Removing Lhs of wire \UART:BUART:sRX:s23Poll:MODULE_2:g2:a0:dataa_0\[203] = \UART:BUART:pollcount_0\[181]
Removing Lhs of wire \UART:BUART:sRX:s23Poll:MODULE_2:g2:a0:datab_1\[204] = zero[29]
Removing Lhs of wire \UART:BUART:sRX:s23Poll:MODULE_2:g2:a0:datab_0\[205] = tmpOE__Rx_1_net_0[28]
Removing Lhs of wire \UART:BUART:sRX:s23Poll:MODULE_3:g2:a0:newa_1\[210] = \UART:BUART:pollcount_1\[179]
Removing Lhs of wire \UART:BUART:sRX:s23Poll:MODIN3_1\[211] = \UART:BUART:pollcount_1\[179]
Removing Lhs of wire \UART:BUART:sRX:s23Poll:MODULE_3:g2:a0:newa_0\[212] = \UART:BUART:pollcount_0\[181]
Removing Lhs of wire \UART:BUART:sRX:s23Poll:MODIN3_0\[213] = \UART:BUART:pollcount_0\[181]
Removing Lhs of wire \UART:BUART:sRX:s23Poll:MODULE_3:g2:a0:newb_1\[214] = tmpOE__Rx_1_net_0[28]
Removing Lhs of wire \UART:BUART:sRX:s23Poll:MODULE_3:g2:a0:newb_0\[215] = zero[29]
Removing Lhs of wire \UART:BUART:sRX:s23Poll:MODULE_3:g2:a0:dataa_1\[216] = \UART:BUART:pollcount_1\[179]
Removing Lhs of wire \UART:BUART:sRX:s23Poll:MODULE_3:g2:a0:dataa_0\[217] = \UART:BUART:pollcount_0\[181]
Removing Lhs of wire \UART:BUART:sRX:s23Poll:MODULE_3:g2:a0:datab_1\[218] = tmpOE__Rx_1_net_0[28]
Removing Lhs of wire \UART:BUART:sRX:s23Poll:MODULE_3:g2:a0:datab_0\[219] = zero[29]
Removing Lhs of wire \UART:BUART:rx_status_1\[226] = zero[29]
Removing Rhs of wire \UART:BUART:rx_status_2\[227] = \UART:BUART:rx_parity_error_status\[228]
Removing Rhs of wire \UART:BUART:rx_status_3\[229] = \UART:BUART:rx_stop_bit_error\[230]
Removing Lhs of wire \UART:BUART:sRX:cmp_vv_vv_MODGEN_4\[240] = \UART:BUART:sRX:MODULE_4:g2:a0:lta_0\[289]
Removing Lhs of wire \UART:BUART:sRX:cmp_vv_vv_MODGEN_5\[244] = \UART:BUART:sRX:MODULE_5:g1:a0:xneq\[311]
Removing Lhs of wire \UART:BUART:sRX:MODULE_4:g2:a0:newa_6\[245] = zero[29]
Removing Lhs of wire \UART:BUART:sRX:MODULE_4:g2:a0:newa_5\[246] = zero[29]
Removing Lhs of wire \UART:BUART:sRX:MODULE_4:g2:a0:newa_4\[247] = zero[29]
Removing Lhs of wire \UART:BUART:sRX:MODULE_4:g2:a0:newa_3\[248] = \UART:BUART:sRX:MODIN4_6\[249]
Removing Lhs of wire \UART:BUART:sRX:MODIN4_6\[249] = \UART:BUART:rx_count_6\[168]
Removing Lhs of wire \UART:BUART:sRX:MODULE_4:g2:a0:newa_2\[250] = \UART:BUART:sRX:MODIN4_5\[251]
Removing Lhs of wire \UART:BUART:sRX:MODIN4_5\[251] = \UART:BUART:rx_count_5\[169]
Removing Lhs of wire \UART:BUART:sRX:MODULE_4:g2:a0:newa_1\[252] = \UART:BUART:sRX:MODIN4_4\[253]
Removing Lhs of wire \UART:BUART:sRX:MODIN4_4\[253] = \UART:BUART:rx_count_4\[170]
Removing Lhs of wire \UART:BUART:sRX:MODULE_4:g2:a0:newa_0\[254] = \UART:BUART:sRX:MODIN4_3\[255]
Removing Lhs of wire \UART:BUART:sRX:MODIN4_3\[255] = \UART:BUART:rx_count_3\[171]
Removing Lhs of wire \UART:BUART:sRX:MODULE_4:g2:a0:newb_6\[256] = zero[29]
Removing Lhs of wire \UART:BUART:sRX:MODULE_4:g2:a0:newb_5\[257] = zero[29]
Removing Lhs of wire \UART:BUART:sRX:MODULE_4:g2:a0:newb_4\[258] = zero[29]
Removing Lhs of wire \UART:BUART:sRX:MODULE_4:g2:a0:newb_3\[259] = zero[29]
Removing Lhs of wire \UART:BUART:sRX:MODULE_4:g2:a0:newb_2\[260] = tmpOE__Rx_1_net_0[28]
Removing Lhs of wire \UART:BUART:sRX:MODULE_4:g2:a0:newb_1\[261] = tmpOE__Rx_1_net_0[28]
Removing Lhs of wire \UART:BUART:sRX:MODULE_4:g2:a0:newb_0\[262] = zero[29]
Removing Lhs of wire \UART:BUART:sRX:MODULE_4:g2:a0:dataa_6\[263] = zero[29]
Removing Lhs of wire \UART:BUART:sRX:MODULE_4:g2:a0:dataa_5\[264] = zero[29]
Removing Lhs of wire \UART:BUART:sRX:MODULE_4:g2:a0:dataa_4\[265] = zero[29]
Removing Lhs of wire \UART:BUART:sRX:MODULE_4:g2:a0:dataa_3\[266] = \UART:BUART:rx_count_6\[168]
Removing Lhs of wire \UART:BUART:sRX:MODULE_4:g2:a0:dataa_2\[267] = \UART:BUART:rx_count_5\[169]
Removing Lhs of wire \UART:BUART:sRX:MODULE_4:g2:a0:dataa_1\[268] = \UART:BUART:rx_count_4\[170]
Removing Lhs of wire \UART:BUART:sRX:MODULE_4:g2:a0:dataa_0\[269] = \UART:BUART:rx_count_3\[171]
Removing Lhs of wire \UART:BUART:sRX:MODULE_4:g2:a0:datab_6\[270] = zero[29]
Removing Lhs of wire \UART:BUART:sRX:MODULE_4:g2:a0:datab_5\[271] = zero[29]
Removing Lhs of wire \UART:BUART:sRX:MODULE_4:g2:a0:datab_4\[272] = zero[29]
Removing Lhs of wire \UART:BUART:sRX:MODULE_4:g2:a0:datab_3\[273] = zero[29]
Removing Lhs of wire \UART:BUART:sRX:MODULE_4:g2:a0:datab_2\[274] = tmpOE__Rx_1_net_0[28]
Removing Lhs of wire \UART:BUART:sRX:MODULE_4:g2:a0:datab_1\[275] = tmpOE__Rx_1_net_0[28]
Removing Lhs of wire \UART:BUART:sRX:MODULE_4:g2:a0:datab_0\[276] = zero[29]
Removing Lhs of wire \UART:BUART:sRX:MODULE_5:g1:a0:newa_0\[291] = \UART:BUART:rx_postpoll\[127]
Removing Lhs of wire \UART:BUART:sRX:MODULE_5:g1:a0:newb_0\[292] = \UART:BUART:rx_parity_bit\[243]
Removing Lhs of wire \UART:BUART:sRX:MODULE_5:g1:a0:dataa_0\[293] = \UART:BUART:rx_postpoll\[127]
Removing Lhs of wire \UART:BUART:sRX:MODULE_5:g1:a0:datab_0\[294] = \UART:BUART:rx_parity_bit\[243]
Removing Lhs of wire \UART:BUART:sRX:MODULE_5:g1:a0:gx:u0:a_0\[295] = \UART:BUART:rx_postpoll\[127]
Removing Lhs of wire \UART:BUART:sRX:MODULE_5:g1:a0:gx:u0:b_0\[296] = \UART:BUART:rx_parity_bit\[243]
Removing Lhs of wire \UART:BUART:sRX:MODULE_5:g1:a0:gx:u0:aeqb_0\[298] = tmpOE__Rx_1_net_0[28]
Removing Lhs of wire \UART:BUART:sRX:MODULE_5:g1:a0:gx:u0:eq_0\[299] = \UART:BUART:sRX:MODULE_5:g1:a0:gx:u0:xnor_array_0\[297]
Removing Lhs of wire \UART:BUART:sRX:MODULE_5:g1:a0:gx:u0:eqi_0\[300] = \UART:BUART:sRX:MODULE_5:g1:a0:gx:u0:xnor_array_0\[297]
Removing Lhs of wire tmpOE__MotorPWM_net_0[322] = tmpOE__Rx_1_net_0[28]
Removing Rhs of wire Net_234[323] = \MotorA_PWM:Net_96\[501]
Removing Rhs of wire Net_234[323] = \MotorA_PWM:PWMUDB:pwm_i_reg\[493]
Removing Lhs of wire \MotorA_PWM:PWMUDB:ctrl_enable\[342] = \MotorA_PWM:PWMUDB:control_7\[334]
Removing Lhs of wire \MotorA_PWM:PWMUDB:hwCapture\[352] = zero[29]
Removing Lhs of wire \MotorA_PWM:PWMUDB:hwEnable\[353] = \MotorA_PWM:PWMUDB:control_7\[334]
Removing Lhs of wire \MotorA_PWM:PWMUDB:trig_out\[357] = tmpOE__Rx_1_net_0[28]
Removing Lhs of wire \MotorA_PWM:PWMUDB:runmode_enable\\R\[359] = zero[29]
Removing Lhs of wire \MotorA_PWM:PWMUDB:runmode_enable\\S\[360] = zero[29]
Removing Lhs of wire \MotorA_PWM:PWMUDB:final_enable\[361] = \MotorA_PWM:PWMUDB:runmode_enable\[358]
Removing Lhs of wire \MotorA_PWM:PWMUDB:ltch_kill_reg\\R\[365] = zero[29]
Removing Lhs of wire \MotorA_PWM:PWMUDB:ltch_kill_reg\\S\[366] = zero[29]
Removing Lhs of wire \MotorA_PWM:PWMUDB:min_kill_reg\\R\[367] = zero[29]
Removing Lhs of wire \MotorA_PWM:PWMUDB:min_kill_reg\\S\[368] = zero[29]
Removing Lhs of wire \MotorA_PWM:PWMUDB:final_kill\[371] = tmpOE__Rx_1_net_0[28]
Removing Lhs of wire \MotorA_PWM:PWMUDB:add_vi_vv_MODGEN_6_1\[375] = \MotorA_PWM:PWMUDB:MODULE_6:g2:a0:s_1\[663]
Removing Lhs of wire \MotorA_PWM:PWMUDB:add_vi_vv_MODGEN_6_0\[377] = \MotorA_PWM:PWMUDB:MODULE_6:g2:a0:s_0\[664]
Removing Lhs of wire \MotorA_PWM:PWMUDB:dith_count_1\\R\[378] = zero[29]
Removing Lhs of wire \MotorA_PWM:PWMUDB:dith_count_1\\S\[379] = zero[29]
Removing Lhs of wire \MotorA_PWM:PWMUDB:dith_count_0\\R\[380] = zero[29]
Removing Lhs of wire \MotorA_PWM:PWMUDB:dith_count_0\\S\[381] = zero[29]
Removing Lhs of wire \MotorA_PWM:PWMUDB:reset\[384] = zero[29]
Removing Lhs of wire \MotorA_PWM:PWMUDB:status_6\[385] = zero[29]
Removing Rhs of wire \MotorA_PWM:PWMUDB:status_5\[386] = \MotorA_PWM:PWMUDB:final_kill_reg\[400]
Removing Lhs of wire \MotorA_PWM:PWMUDB:status_4\[387] = zero[29]
Removing Rhs of wire \MotorA_PWM:PWMUDB:status_3\[388] = \MotorA_PWM:PWMUDB:fifo_full\[407]
Removing Rhs of wire \MotorA_PWM:PWMUDB:status_1\[390] = \MotorA_PWM:PWMUDB:cmp2_status_reg\[399]
Removing Rhs of wire \MotorA_PWM:PWMUDB:status_0\[391] = \MotorA_PWM:PWMUDB:cmp1_status_reg\[398]
Removing Lhs of wire \MotorA_PWM:PWMUDB:cmp2_status\[396] = zero[29]
Removing Lhs of wire \MotorA_PWM:PWMUDB:cmp2\[397] = zero[29]
Removing Lhs of wire \MotorA_PWM:PWMUDB:cmp1_status_reg\\R\[401] = zero[29]
Removing Lhs of wire \MotorA_PWM:PWMUDB:cmp1_status_reg\\S\[402] = zero[29]
Removing Lhs of wire \MotorA_PWM:PWMUDB:cmp2_status_reg\\R\[403] = zero[29]
Removing Lhs of wire \MotorA_PWM:PWMUDB:cmp2_status_reg\\S\[404] = zero[29]
Removing Lhs of wire \MotorA_PWM:PWMUDB:final_kill_reg\\R\[405] = zero[29]
Removing Lhs of wire \MotorA_PWM:PWMUDB:final_kill_reg\\S\[406] = zero[29]
Removing Lhs of wire \MotorA_PWM:PWMUDB:cs_addr_2\[408] = \MotorA_PWM:PWMUDB:tc_i\[363]
Removing Lhs of wire \MotorA_PWM:PWMUDB:cs_addr_1\[409] = \MotorA_PWM:PWMUDB:runmode_enable\[358]
Removing Lhs of wire \MotorA_PWM:PWMUDB:cs_addr_0\[410] = zero[29]
Removing Lhs of wire \MotorA_PWM:PWMUDB:compare1\[491] = \MotorA_PWM:PWMUDB:cmp1_less\[462]
Removing Lhs of wire \MotorA_PWM:PWMUDB:pwm1_i\[496] = zero[29]
Removing Lhs of wire \MotorA_PWM:PWMUDB:pwm2_i\[498] = zero[29]
Removing Lhs of wire \MotorA_PWM:PWMUDB:pwm_temp\[504] = \MotorA_PWM:PWMUDB:cmp1\[394]
Removing Lhs of wire \MotorA_PWM:PWMUDB:MODULE_6:g2:a0:a_23\[545] = zero[29]
Removing Lhs of wire \MotorA_PWM:PWMUDB:MODULE_6:g2:a0:a_22\[546] = zero[29]
Removing Lhs of wire \MotorA_PWM:PWMUDB:MODULE_6:g2:a0:a_21\[547] = zero[29]
Removing Lhs of wire \MotorA_PWM:PWMUDB:MODULE_6:g2:a0:a_20\[548] = zero[29]
Removing Lhs of wire \MotorA_PWM:PWMUDB:MODULE_6:g2:a0:a_19\[549] = zero[29]
Removing Lhs of wire \MotorA_PWM:PWMUDB:MODULE_6:g2:a0:a_18\[550] = zero[29]
Removing Lhs of wire \MotorA_PWM:PWMUDB:MODULE_6:g2:a0:a_17\[551] = zero[29]
Removing Lhs of wire \MotorA_PWM:PWMUDB:MODULE_6:g2:a0:a_16\[552] = zero[29]
Removing Lhs of wire \MotorA_PWM:PWMUDB:MODULE_6:g2:a0:a_15\[553] = zero[29]
Removing Lhs of wire \MotorA_PWM:PWMUDB:MODULE_6:g2:a0:a_14\[554] = zero[29]
Removing Lhs of wire \MotorA_PWM:PWMUDB:MODULE_6:g2:a0:a_13\[555] = zero[29]
Removing Lhs of wire \MotorA_PWM:PWMUDB:MODULE_6:g2:a0:a_12\[556] = zero[29]
Removing Lhs of wire \MotorA_PWM:PWMUDB:MODULE_6:g2:a0:a_11\[557] = zero[29]
Removing Lhs of wire \MotorA_PWM:PWMUDB:MODULE_6:g2:a0:a_10\[558] = zero[29]
Removing Lhs of wire \MotorA_PWM:PWMUDB:MODULE_6:g2:a0:a_9\[559] = zero[29]
Removing Lhs of wire \MotorA_PWM:PWMUDB:MODULE_6:g2:a0:a_8\[560] = zero[29]
Removing Lhs of wire \MotorA_PWM:PWMUDB:MODULE_6:g2:a0:a_7\[561] = zero[29]
Removing Lhs of wire \MotorA_PWM:PWMUDB:MODULE_6:g2:a0:a_6\[562] = zero[29]
Removing Lhs of wire \MotorA_PWM:PWMUDB:MODULE_6:g2:a0:a_5\[563] = zero[29]
Removing Lhs of wire \MotorA_PWM:PWMUDB:MODULE_6:g2:a0:a_4\[564] = zero[29]
Removing Lhs of wire \MotorA_PWM:PWMUDB:MODULE_6:g2:a0:a_3\[565] = zero[29]
Removing Lhs of wire \MotorA_PWM:PWMUDB:MODULE_6:g2:a0:a_2\[566] = zero[29]
Removing Lhs of wire \MotorA_PWM:PWMUDB:MODULE_6:g2:a0:a_1\[567] = \MotorA_PWM:PWMUDB:MODIN5_1\[568]
Removing Lhs of wire \MotorA_PWM:PWMUDB:MODIN5_1\[568] = \MotorA_PWM:PWMUDB:dith_count_1\[374]
Removing Lhs of wire \MotorA_PWM:PWMUDB:MODULE_6:g2:a0:a_0\[569] = \MotorA_PWM:PWMUDB:MODIN5_0\[570]
Removing Lhs of wire \MotorA_PWM:PWMUDB:MODIN5_0\[570] = \MotorA_PWM:PWMUDB:dith_count_0\[376]
Removing Lhs of wire \MotorA_PWM:PWMUDB:MODULE_6:g2:a0:g1:z1:s0:g1:u0:c_0\[702] = tmpOE__Rx_1_net_0[28]
Removing Lhs of wire \MotorA_PWM:PWMUDB:MODULE_6:g2:a0:g1:z1:s0:g1:u0:b_0\[703] = tmpOE__Rx_1_net_0[28]
Removing Lhs of wire tmpOE__MotorCW_net_0[710] = tmpOE__Rx_1_net_0[28]
Removing Lhs of wire tmpOE__Tx_1_net_0[717] = tmpOE__Rx_1_net_0[28]
Removing Lhs of wire \usCounter:Net_82\[724] = zero[29]
Removing Lhs of wire \usCounter:Net_91\[725] = zero[29]
Removing Lhs of wire tmpOE__Encoder_net_1[740] = tmpOE__Rx_1_net_0[28]
Removing Lhs of wire tmpOE__Encoder_net_0[741] = tmpOE__Rx_1_net_0[28]
Removing Rhs of wire \MotorA_QuadDec:Net_1275\[750] = \MotorA_QuadDec:Cnt16:Net_49\[751]
Removing Rhs of wire \MotorA_QuadDec:Net_1275\[750] = \MotorA_QuadDec:Cnt16:CounterUDB:tc_reg_i\[807]
Removing Lhs of wire \MotorA_QuadDec:Cnt16:Net_89\[753] = \MotorA_QuadDec:Net_1251\[754]
Removing Lhs of wire \MotorA_QuadDec:Cnt16:CounterUDB:ctrl_capmode_1\[763] = zero[29]
Removing Lhs of wire \MotorA_QuadDec:Cnt16:CounterUDB:ctrl_capmode_0\[764] = zero[29]
Removing Lhs of wire \MotorA_QuadDec:Cnt16:CounterUDB:ctrl_enable\[776] = \MotorA_QuadDec:Cnt16:CounterUDB:control_7\[768]
Removing Lhs of wire \MotorA_QuadDec:Cnt16:CounterUDB:capt_rising\[778] = zero[29]
Removing Lhs of wire \MotorA_QuadDec:Cnt16:CounterUDB:capt_falling\[779] = \MotorA_QuadDec:Cnt16:CounterUDB:prevCapture\[777]
Removing Rhs of wire \MotorA_QuadDec:Net_1260\[783] = \MotorA_QuadDec:bQuadDec:state_2\[919]
Removing Lhs of wire \MotorA_QuadDec:Cnt16:CounterUDB:final_enable\[785] = \MotorA_QuadDec:Cnt16:CounterUDB:control_7\[768]
Removing Lhs of wire \MotorA_QuadDec:Cnt16:CounterUDB:counter_enable\[786] = \MotorA_QuadDec:Cnt16:CounterUDB:control_7\[768]
Removing Rhs of wire \MotorA_QuadDec:Cnt16:CounterUDB:status_0\[787] = \MotorA_QuadDec:Cnt16:CounterUDB:cmp_out_status\[788]
Removing Rhs of wire \MotorA_QuadDec:Cnt16:CounterUDB:status_1\[789] = \MotorA_QuadDec:Cnt16:CounterUDB:per_zero\[790]
Removing Rhs of wire \MotorA_QuadDec:Cnt16:CounterUDB:status_2\[791] = \MotorA_QuadDec:Cnt16:CounterUDB:overflow_status\[792]
Removing Rhs of wire \MotorA_QuadDec:Cnt16:CounterUDB:status_3\[793] = \MotorA_QuadDec:Cnt16:CounterUDB:underflow_status\[794]
Removing Lhs of wire \MotorA_QuadDec:Cnt16:CounterUDB:status_4\[795] = \MotorA_QuadDec:Cnt16:CounterUDB:hwCapture\[781]
Removing Rhs of wire \MotorA_QuadDec:Cnt16:CounterUDB:status_5\[796] = \MotorA_QuadDec:Cnt16:CounterUDB:fifo_full\[797]
Removing Rhs of wire \MotorA_QuadDec:Cnt16:CounterUDB:status_6\[798] = \MotorA_QuadDec:Cnt16:CounterUDB:fifo_nempty\[799]
Removing Rhs of wire \MotorA_QuadDec:Cnt16:CounterUDB:overflow\[801] = \MotorA_QuadDec:Cnt16:CounterUDB:per_FF\[802]
Removing Lhs of wire \MotorA_QuadDec:Cnt16:CounterUDB:underflow\[803] = \MotorA_QuadDec:Cnt16:CounterUDB:status_1\[789]
Removing Lhs of wire \MotorA_QuadDec:Cnt16:CounterUDB:tc_i\[806] = \MotorA_QuadDec:Cnt16:CounterUDB:reload_tc\[784]
Removing Rhs of wire \MotorA_QuadDec:Cnt16:CounterUDB:cmp_out_i\[808] = \MotorA_QuadDec:Cnt16:CounterUDB:cmp_equal\[809]
Removing Rhs of wire \MotorA_QuadDec:Net_1264\[812] = \MotorA_QuadDec:Cnt16:CounterUDB:cmp_out_reg_i\[811]
Removing Lhs of wire \MotorA_QuadDec:Cnt16:CounterUDB:dp_dir\[816] = \MotorA_QuadDec:Net_1251\[754]
Removing Lhs of wire \MotorA_QuadDec:Cnt16:CounterUDB:cs_addr_2\[817] = \MotorA_QuadDec:Net_1251\[754]
Removing Lhs of wire \MotorA_QuadDec:Cnt16:CounterUDB:cs_addr_1\[818] = \MotorA_QuadDec:Cnt16:CounterUDB:count_enable\[815]
Removing Lhs of wire \MotorA_QuadDec:Cnt16:CounterUDB:cs_addr_0\[819] = \MotorA_QuadDec:Cnt16:CounterUDB:reload\[782]
Removing Lhs of wire \MotorA_QuadDec:Net_1290\[896] = \MotorA_QuadDec:Net_1275\[750]
Removing Lhs of wire \MotorA_QuadDec:bQuadDec:index_filt\[917] = \MotorA_QuadDec:Net_1232\[918]
Removing Lhs of wire \MotorA_QuadDec:Net_1232\[918] = tmpOE__Rx_1_net_0[28]
Removing Rhs of wire \MotorA_QuadDec:bQuadDec:error\[920] = \MotorA_QuadDec:bQuadDec:state_3\[921]
Removing Lhs of wire \MotorA_QuadDec:bQuadDec:status_0\[924] = \MotorA_QuadDec:Net_530\[925]
Removing Lhs of wire \MotorA_QuadDec:bQuadDec:status_1\[926] = \MotorA_QuadDec:Net_611\[927]
Removing Lhs of wire \MotorA_QuadDec:bQuadDec:status_2\[928] = \MotorA_QuadDec:Net_1260\[783]
Removing Lhs of wire \MotorA_QuadDec:bQuadDec:status_3\[929] = \MotorA_QuadDec:bQuadDec:error\[920]
Removing Lhs of wire \MotorA_QuadDec:bQuadDec:status_4\[930] = zero[29]
Removing Lhs of wire \MotorA_QuadDec:bQuadDec:status_5\[931] = zero[29]
Removing Lhs of wire \MotorA_QuadDec:bQuadDec:status_6\[932] = zero[29]
Removing Lhs of wire \MotorA_QuadDec:Net_1229\[936] = tmpOE__Rx_1_net_0[28]
Removing Lhs of wire \MotorA_QuadDec:Net_1272\[937] = \MotorA_QuadDec:Net_1264\[812]
Removing Lhs of wire tmpOE__MotorCCW_net_0[940] = tmpOE__Rx_1_net_0[28]
Removing Lhs of wire \ServoAB:PWMUDB:ctrl_enable\[960] = \ServoAB:PWMUDB:control_7\[952]
Removing Lhs of wire \ServoAB:PWMUDB:hwCapture\[970] = zero[29]
Removing Lhs of wire \ServoAB:PWMUDB:hwEnable\[971] = \ServoAB:PWMUDB:control_7\[952]
Removing Rhs of wire ServoPWM_2[973] = \Servo_PWM:PWMUDB:pwm2_i_reg\[1513]
Removing Lhs of wire \ServoAB:PWMUDB:trig_out\[976] = \ServoAB:PWMUDB:trig_rise\[974]
Removing Lhs of wire \ServoAB:PWMUDB:runmode_enable\\R\[980] = ServoPWM_tc[981]
Removing Rhs of wire ServoPWM_tc[981] = \Servo_PWM:Net_101\[1516]
Removing Rhs of wire ServoPWM_tc[981] = \Servo_PWM:PWMUDB:tc_i_reg\[1515]
Removing Lhs of wire \ServoAB:PWMUDB:runmode_enable\\S\[982] = zero[29]
Removing Lhs of wire \ServoAB:PWMUDB:trig_disable\\R\[983] = ServoPWM_tc[981]
Removing Lhs of wire \ServoAB:PWMUDB:trig_disable\\S\[984] = zero[29]
Removing Lhs of wire \ServoAB:PWMUDB:final_enable\[985] = \ServoAB:PWMUDB:runmode_enable\[977]
Removing Lhs of wire \ServoAB:PWMUDB:ltch_kill_reg\\R\[988] = ServoPWM_tc[981]
Removing Lhs of wire \ServoAB:PWMUDB:ltch_kill_reg\\S\[989] = zero[29]
Removing Lhs of wire \ServoAB:PWMUDB:min_kill_reg\\R\[990] = ServoPWM_tc[981]
Removing Lhs of wire \ServoAB:PWMUDB:min_kill_reg\\S\[991] = zero[29]
Removing Lhs of wire \ServoAB:PWMUDB:final_kill\[994] = tmpOE__Rx_1_net_0[28]
Removing Lhs of wire \ServoAB:PWMUDB:add_vi_vv_MODGEN_7_1\[998] = \ServoAB:PWMUDB:MODULE_7:g2:a0:s_1\[1286]
Removing Lhs of wire \ServoAB:PWMUDB:add_vi_vv_MODGEN_7_0\[1000] = \ServoAB:PWMUDB:MODULE_7:g2:a0:s_0\[1287]
Removing Lhs of wire \ServoAB:PWMUDB:dith_count_1\\R\[1001] = ServoPWM_tc[981]
Removing Lhs of wire \ServoAB:PWMUDB:dith_count_1\\S\[1002] = zero[29]
Removing Lhs of wire \ServoAB:PWMUDB:dith_count_0\\R\[1003] = ServoPWM_tc[981]
Removing Lhs of wire \ServoAB:PWMUDB:dith_count_0\\S\[1004] = zero[29]
Removing Lhs of wire \ServoAB:PWMUDB:status_6\[1007] = zero[29]
Removing Rhs of wire \ServoAB:PWMUDB:status_5\[1008] = \ServoAB:PWMUDB:final_kill_reg\[1023]
Removing Lhs of wire \ServoAB:PWMUDB:status_4\[1009] = zero[29]
Removing Rhs of wire \ServoAB:PWMUDB:status_3\[1010] = \ServoAB:PWMUDB:fifo_full\[1030]
Removing Rhs of wire \ServoAB:PWMUDB:status_1\[1012] = \ServoAB:PWMUDB:cmp2_status_reg\[1022]
Removing Rhs of wire \ServoAB:PWMUDB:status_0\[1013] = \ServoAB:PWMUDB:cmp1_status_reg\[1021]
Removing Lhs of wire \ServoAB:PWMUDB:cmp1_status_reg\\R\[1024] = ServoPWM_tc[981]
Removing Lhs of wire \ServoAB:PWMUDB:cmp1_status_reg\\S\[1025] = zero[29]
Removing Lhs of wire \ServoAB:PWMUDB:cmp2_status_reg\\R\[1026] = ServoPWM_tc[981]
Removing Lhs of wire \ServoAB:PWMUDB:cmp2_status_reg\\S\[1027] = zero[29]
Removing Lhs of wire \ServoAB:PWMUDB:final_kill_reg\\R\[1028] = ServoPWM_tc[981]
Removing Lhs of wire \ServoAB:PWMUDB:final_kill_reg\\S\[1029] = zero[29]
Removing Lhs of wire \ServoAB:PWMUDB:cs_addr_2\[1031] = \ServoAB:PWMUDB:tc_i\[978]
Removing Lhs of wire \ServoAB:PWMUDB:cs_addr_1\[1032] = \ServoAB:PWMUDB:runmode_enable\[977]
Removing Lhs of wire \ServoAB:PWMUDB:cs_addr_0\[1033] = ServoPWM_tc[981]
Removing Lhs of wire \ServoAB:PWMUDB:compare1\[1114] = \ServoAB:PWMUDB:cmp1_less\[1085]
Removing Lhs of wire \ServoAB:PWMUDB:compare2\[1115] = \ServoAB:PWMUDB:cmp2_less\[1088]
Removing Rhs of wire ServoPWM_A[1125] = \ServoAB:PWMUDB:pwm1_i_reg\[1118]
Removing Rhs of wire ServoPWM_B[1126] = \ServoAB:PWMUDB:pwm2_i_reg\[1120]
Removing Lhs of wire \ServoAB:PWMUDB:pwm_temp\[1127] = zero[29]
Removing Lhs of wire \ServoAB:PWMUDB:MODULE_7:g2:a0:a_23\[1168] = zero[29]
Removing Lhs of wire \ServoAB:PWMUDB:MODULE_7:g2:a0:a_22\[1169] = zero[29]
Removing Lhs of wire \ServoAB:PWMUDB:MODULE_7:g2:a0:a_21\[1170] = zero[29]
Removing Lhs of wire \ServoAB:PWMUDB:MODULE_7:g2:a0:a_20\[1171] = zero[29]
Removing Lhs of wire \ServoAB:PWMUDB:MODULE_7:g2:a0:a_19\[1172] = zero[29]
Removing Lhs of wire \ServoAB:PWMUDB:MODULE_7:g2:a0:a_18\[1173] = zero[29]
Removing Lhs of wire \ServoAB:PWMUDB:MODULE_7:g2:a0:a_17\[1174] = zero[29]
Removing Lhs of wire \ServoAB:PWMUDB:MODULE_7:g2:a0:a_16\[1175] = zero[29]
Removing Lhs of wire \ServoAB:PWMUDB:MODULE_7:g2:a0:a_15\[1176] = zero[29]
Removing Lhs of wire \ServoAB:PWMUDB:MODULE_7:g2:a0:a_14\[1177] = zero[29]
Removing Lhs of wire \ServoAB:PWMUDB:MODULE_7:g2:a0:a_13\[1178] = zero[29]
Removing Lhs of wire \ServoAB:PWMUDB:MODULE_7:g2:a0:a_12\[1179] = zero[29]
Removing Lhs of wire \ServoAB:PWMUDB:MODULE_7:g2:a0:a_11\[1180] = zero[29]
Removing Lhs of wire \ServoAB:PWMUDB:MODULE_7:g2:a0:a_10\[1181] = zero[29]
Removing Lhs of wire \ServoAB:PWMUDB:MODULE_7:g2:a0:a_9\[1182] = zero[29]
Removing Lhs of wire \ServoAB:PWMUDB:MODULE_7:g2:a0:a_8\[1183] = zero[29]
Removing Lhs of wire \ServoAB:PWMUDB:MODULE_7:g2:a0:a_7\[1184] = zero[29]
Removing Lhs of wire \ServoAB:PWMUDB:MODULE_7:g2:a0:a_6\[1185] = zero[29]
Removing Lhs of wire \ServoAB:PWMUDB:MODULE_7:g2:a0:a_5\[1186] = zero[29]
Removing Lhs of wire \ServoAB:PWMUDB:MODULE_7:g2:a0:a_4\[1187] = zero[29]
Removing Lhs of wire \ServoAB:PWMUDB:MODULE_7:g2:a0:a_3\[1188] = zero[29]
Removing Lhs of wire \ServoAB:PWMUDB:MODULE_7:g2:a0:a_2\[1189] = zero[29]
Removing Lhs of wire \ServoAB:PWMUDB:MODULE_7:g2:a0:a_1\[1190] = \ServoAB:PWMUDB:MODIN6_1\[1191]
Removing Lhs of wire \ServoAB:PWMUDB:MODIN6_1\[1191] = \ServoAB:PWMUDB:dith_count_1\[997]
Removing Lhs of wire \ServoAB:PWMUDB:MODULE_7:g2:a0:a_0\[1192] = \ServoAB:PWMUDB:MODIN6_0\[1193]
Removing Lhs of wire \ServoAB:PWMUDB:MODIN6_0\[1193] = \ServoAB:PWMUDB:dith_count_0\[999]
Removing Lhs of wire \ServoAB:PWMUDB:MODULE_7:g2:a0:g1:z1:s0:g1:u0:c_0\[1325] = tmpOE__Rx_1_net_0[28]
Removing Lhs of wire \ServoAB:PWMUDB:MODULE_7:g2:a0:g1:z1:s0:g1:u0:b_0\[1326] = tmpOE__Rx_1_net_0[28]
Removing Lhs of wire tmpOE__ServoA_Out_net_0[1334] = tmpOE__Rx_1_net_0[28]
Removing Rhs of wire Net_1738[1335] = cy_srff_1[1750]
Removing Rhs of wire ServoPWM_1[1341] = \Servo_PWM:PWMUDB:pwm1_i_reg\[1511]
Removing Lhs of wire \Servo_PWM:PWMUDB:ctrl_enable\[1357] = \Servo_PWM:PWMUDB:control_7\[1349]
Removing Lhs of wire \Servo_PWM:PWMUDB:hwCapture\[1367] = zero[29]
Removing Lhs of wire \Servo_PWM:PWMUDB:hwEnable\[1368] = \Servo_PWM:PWMUDB:control_7\[1349]
Removing Lhs of wire \Servo_PWM:PWMUDB:trig_out\[1372] = tmpOE__Rx_1_net_0[28]
Removing Lhs of wire \Servo_PWM:PWMUDB:runmode_enable\\R\[1374] = zero[29]
Removing Lhs of wire \Servo_PWM:PWMUDB:runmode_enable\\S\[1375] = zero[29]
Removing Lhs of wire \Servo_PWM:PWMUDB:final_enable\[1376] = \Servo_PWM:PWMUDB:runmode_enable\[1373]
Removing Lhs of wire \Servo_PWM:PWMUDB:ltch_kill_reg\\R\[1380] = zero[29]
Removing Lhs of wire \Servo_PWM:PWMUDB:ltch_kill_reg\\S\[1381] = zero[29]
Removing Lhs of wire \Servo_PWM:PWMUDB:min_kill_reg\\R\[1382] = zero[29]
Removing Lhs of wire \Servo_PWM:PWMUDB:min_kill_reg\\S\[1383] = zero[29]
Removing Lhs of wire \Servo_PWM:PWMUDB:final_kill\[1386] = tmpOE__Rx_1_net_0[28]
Removing Lhs of wire \Servo_PWM:PWMUDB:add_vi_vv_MODGEN_8_1\[1390] = \Servo_PWM:PWMUDB:MODULE_8:g2:a0:s_1\[1677]
Removing Lhs of wire \Servo_PWM:PWMUDB:add_vi_vv_MODGEN_8_0\[1392] = \Servo_PWM:PWMUDB:MODULE_8:g2:a0:s_0\[1678]
Removing Lhs of wire \Servo_PWM:PWMUDB:dith_count_1\\R\[1393] = zero[29]
Removing Lhs of wire \Servo_PWM:PWMUDB:dith_count_1\\S\[1394] = zero[29]
Removing Lhs of wire \Servo_PWM:PWMUDB:dith_count_0\\R\[1395] = zero[29]
Removing Lhs of wire \Servo_PWM:PWMUDB:dith_count_0\\S\[1396] = zero[29]
Removing Lhs of wire \Servo_PWM:PWMUDB:reset\[1399] = zero[29]
Removing Lhs of wire \Servo_PWM:PWMUDB:status_6\[1400] = zero[29]
Removing Rhs of wire \Servo_PWM:PWMUDB:status_5\[1401] = \Servo_PWM:PWMUDB:final_kill_reg\[1416]
Removing Lhs of wire \Servo_PWM:PWMUDB:status_4\[1402] = zero[29]
Removing Rhs of wire \Servo_PWM:PWMUDB:status_3\[1403] = \Servo_PWM:PWMUDB:fifo_full\[1423]
Removing Rhs of wire \Servo_PWM:PWMUDB:status_1\[1405] = \Servo_PWM:PWMUDB:cmp2_status_reg\[1415]
Removing Rhs of wire \Servo_PWM:PWMUDB:status_0\[1406] = \Servo_PWM:PWMUDB:cmp1_status_reg\[1414]
Removing Lhs of wire \Servo_PWM:PWMUDB:cmp1_status_reg\\R\[1417] = zero[29]
Removing Lhs of wire \Servo_PWM:PWMUDB:cmp1_status_reg\\S\[1418] = zero[29]
Removing Lhs of wire \Servo_PWM:PWMUDB:cmp2_status_reg\\R\[1419] = zero[29]
Removing Lhs of wire \Servo_PWM:PWMUDB:cmp2_status_reg\\S\[1420] = zero[29]
Removing Lhs of wire \Servo_PWM:PWMUDB:final_kill_reg\\R\[1421] = zero[29]
Removing Lhs of wire \Servo_PWM:PWMUDB:final_kill_reg\\S\[1422] = zero[29]
Removing Lhs of wire \Servo_PWM:PWMUDB:cs_addr_2\[1424] = \Servo_PWM:PWMUDB:tc_i\[1378]
Removing Lhs of wire \Servo_PWM:PWMUDB:cs_addr_1\[1425] = \Servo_PWM:PWMUDB:runmode_enable\[1373]
Removing Lhs of wire \Servo_PWM:PWMUDB:cs_addr_0\[1426] = zero[29]
Removing Lhs of wire \Servo_PWM:PWMUDB:compare2\[1508] = \Servo_PWM:PWMUDB:cmp2_less\[1481]
Removing Lhs of wire \Servo_PWM:PWMUDB:pwm_temp\[1518] = zero[29]
Removing Lhs of wire \Servo_PWM:PWMUDB:MODULE_8:g2:a0:a_23\[1559] = zero[29]
Removing Lhs of wire \Servo_PWM:PWMUDB:MODULE_8:g2:a0:a_22\[1560] = zero[29]
Removing Lhs of wire \Servo_PWM:PWMUDB:MODULE_8:g2:a0:a_21\[1561] = zero[29]
Removing Lhs of wire \Servo_PWM:PWMUDB:MODULE_8:g2:a0:a_20\[1562] = zero[29]
Removing Lhs of wire \Servo_PWM:PWMUDB:MODULE_8:g2:a0:a_19\[1563] = zero[29]
Removing Lhs of wire \Servo_PWM:PWMUDB:MODULE_8:g2:a0:a_18\[1564] = zero[29]
Removing Lhs of wire \Servo_PWM:PWMUDB:MODULE_8:g2:a0:a_17\[1565] = zero[29]
Removing Lhs of wire \Servo_PWM:PWMUDB:MODULE_8:g2:a0:a_16\[1566] = zero[29]
Removing Lhs of wire \Servo_PWM:PWMUDB:MODULE_8:g2:a0:a_15\[1567] = zero[29]
Removing Lhs of wire \Servo_PWM:PWMUDB:MODULE_8:g2:a0:a_14\[1568] = zero[29]
Removing Lhs of wire \Servo_PWM:PWMUDB:MODULE_8:g2:a0:a_13\[1569] = zero[29]
Removing Lhs of wire \Servo_PWM:PWMUDB:MODULE_8:g2:a0:a_12\[1570] = zero[29]
Removing Lhs of wire \Servo_PWM:PWMUDB:MODULE_8:g2:a0:a_11\[1571] = zero[29]
Removing Lhs of wire \Servo_PWM:PWMUDB:MODULE_8:g2:a0:a_10\[1572] = zero[29]
Removing Lhs of wire \Servo_PWM:PWMUDB:MODULE_8:g2:a0:a_9\[1573] = zero[29]
Removing Lhs of wire \Servo_PWM:PWMUDB:MODULE_8:g2:a0:a_8\[1574] = zero[29]
Removing Lhs of wire \Servo_PWM:PWMUDB:MODULE_8:g2:a0:a_7\[1575] = zero[29]
Removing Lhs of wire \Servo_PWM:PWMUDB:MODULE_8:g2:a0:a_6\[1576] = zero[29]
Removing Lhs of wire \Servo_PWM:PWMUDB:MODULE_8:g2:a0:a_5\[1577] = zero[29]
Removing Lhs of wire \Servo_PWM:PWMUDB:MODULE_8:g2:a0:a_4\[1578] = zero[29]
Removing Lhs of wire \Servo_PWM:PWMUDB:MODULE_8:g2:a0:a_3\[1579] = zero[29]
Removing Lhs of wire \Servo_PWM:PWMUDB:MODULE_8:g2:a0:a_2\[1580] = zero[29]
Removing Lhs of wire \Servo_PWM:PWMUDB:MODULE_8:g2:a0:a_1\[1581] = \Servo_PWM:PWMUDB:MODIN7_1\[1582]
Removing Lhs of wire \Servo_PWM:PWMUDB:MODIN7_1\[1582] = \Servo_PWM:PWMUDB:dith_count_1\[1389]
Removing Lhs of wire \Servo_PWM:PWMUDB:MODULE_8:g2:a0:a_0\[1583] = \Servo_PWM:PWMUDB:MODIN7_0\[1584]
Removing Lhs of wire \Servo_PWM:PWMUDB:MODIN7_0\[1584] = \Servo_PWM:PWMUDB:dith_count_0\[1391]
Removing Lhs of wire \Servo_PWM:PWMUDB:MODULE_8:g2:a0:g1:z1:s0:g1:u0:c_0\[1716] = tmpOE__Rx_1_net_0[28]
Removing Lhs of wire \Servo_PWM:PWMUDB:MODULE_8:g2:a0:g1:z1:s0:g1:u0:b_0\[1717] = tmpOE__Rx_1_net_0[28]
Removing Lhs of wire tmpOE__ServoB_Out_net_0[1724] = tmpOE__Rx_1_net_0[28]
Removing Lhs of wire tmpOE__Pin_1_net_0[1731] = tmpOE__Rx_1_net_0[28]
Removing Lhs of wire tmpOE__Pin_2_net_0[1737] = tmpOE__Rx_1_net_0[28]
Removing Lhs of wire tmpOE__Pin_3_net_0[1745] = tmpOE__Rx_1_net_0[28]
Removing Lhs of wire \UART:BUART:reset_reg\\D\[1751] = zero[29]
Removing Lhs of wire \UART:BUART:rx_bitclk\\D\[1766] = \UART:BUART:rx_bitclk_pre\[162]
Removing Lhs of wire \UART:BUART:rx_parity_error_pre\\D\[1775] = \UART:BUART:rx_parity_error_pre\[238]
Removing Lhs of wire \UART:BUART:rx_break_status\\D\[1776] = zero[29]
Removing Lhs of wire \MotorA_PWM:PWMUDB:min_kill_reg\\D\[1780] = tmpOE__Rx_1_net_0[28]
Removing Lhs of wire \MotorA_PWM:PWMUDB:prevCapture\\D\[1781] = zero[29]
Removing Lhs of wire \MotorA_PWM:PWMUDB:trig_last\\D\[1782] = zero[29]
Removing Lhs of wire \MotorA_PWM:PWMUDB:ltch_kill_reg\\D\[1785] = tmpOE__Rx_1_net_0[28]
Removing Lhs of wire \MotorA_PWM:PWMUDB:prevCompare1\\D\[1788] = \MotorA_PWM:PWMUDB:cmp1\[394]
Removing Lhs of wire \MotorA_PWM:PWMUDB:cmp1_status_reg\\D\[1789] = \MotorA_PWM:PWMUDB:cmp1_status\[395]
Removing Lhs of wire \MotorA_PWM:PWMUDB:cmp2_status_reg\\D\[1790] = zero[29]
Removing Lhs of wire \MotorA_PWM:PWMUDB:pwm_i_reg\\D\[1792] = \MotorA_PWM:PWMUDB:pwm_i\[494]
Removing Lhs of wire \MotorA_PWM:PWMUDB:pwm1_i_reg\\D\[1793] = zero[29]
Removing Lhs of wire \MotorA_PWM:PWMUDB:pwm2_i_reg\\D\[1794] = zero[29]
Removing Lhs of wire \MotorA_PWM:PWMUDB:tc_i_reg\\D\[1795] = \MotorA_PWM:PWMUDB:status_2\[389]
Removing Lhs of wire \MotorA_QuadDec:Cnt16:CounterUDB:prevCapture\\D\[1797] = zero[29]
Removing Lhs of wire \MotorA_QuadDec:Cnt16:CounterUDB:overflow_reg_i\\D\[1798] = \MotorA_QuadDec:Cnt16:CounterUDB:overflow\[801]
Removing Lhs of wire \MotorA_QuadDec:Cnt16:CounterUDB:underflow_reg_i\\D\[1799] = \MotorA_QuadDec:Cnt16:CounterUDB:status_1\[789]
Removing Lhs of wire \MotorA_QuadDec:Cnt16:CounterUDB:tc_reg_i\\D\[1800] = \MotorA_QuadDec:Cnt16:CounterUDB:reload_tc\[784]
Removing Lhs of wire \MotorA_QuadDec:Cnt16:CounterUDB:prevCompare\\D\[1801] = \MotorA_QuadDec:Cnt16:CounterUDB:cmp_out_i\[808]
Removing Lhs of wire \MotorA_QuadDec:Cnt16:CounterUDB:cmp_out_reg_i\\D\[1802] = \MotorA_QuadDec:Cnt16:CounterUDB:cmp_out_i\[808]
Removing Lhs of wire \MotorA_QuadDec:Cnt16:CounterUDB:count_stored_i\\D\[1803] = \MotorA_QuadDec:Net_1203\[814]
Removing Lhs of wire \ServoAB:PWMUDB:min_kill_reg\\D\[1811] = tmpOE__Rx_1_net_0[28]
Removing Lhs of wire \ServoAB:PWMUDB:prevCapture\\D\[1812] = zero[29]
Removing Lhs of wire \ServoAB:PWMUDB:trig_last\\D\[1813] = ServoPWM_2[973]
Removing Lhs of wire \ServoAB:PWMUDB:ltch_kill_reg\\D\[1817] = tmpOE__Rx_1_net_0[28]
Removing Lhs of wire \ServoAB:PWMUDB:prevCompare1\\D\[1820] = \ServoAB:PWMUDB:cmp1\[1016]
Removing Lhs of wire \ServoAB:PWMUDB:prevCompare2\\D\[1821] = \ServoAB:PWMUDB:cmp2\[1019]
Removing Lhs of wire \ServoAB:PWMUDB:cmp1_status_reg\\D\[1822] = \ServoAB:PWMUDB:cmp1_status\[1017]
Removing Lhs of wire \ServoAB:PWMUDB:cmp2_status_reg\\D\[1823] = \ServoAB:PWMUDB:cmp2_status\[1020]
Removing Lhs of wire \ServoAB:PWMUDB:pwm_i_reg\\D\[1825] = \ServoAB:PWMUDB:pwm_i\[1117]
Removing Lhs of wire \ServoAB:PWMUDB:pwm1_i_reg\\D\[1826] = \ServoAB:PWMUDB:pwm1_i\[1119]
Removing Lhs of wire \ServoAB:PWMUDB:pwm2_i_reg\\D\[1827] = \ServoAB:PWMUDB:pwm2_i\[1121]
Removing Lhs of wire \ServoAB:PWMUDB:tc_i_reg\\D\[1828] = \ServoAB:PWMUDB:status_2\[1011]
Removing Lhs of wire \Servo_PWM:PWMUDB:min_kill_reg\\D\[1829] = tmpOE__Rx_1_net_0[28]
Removing Lhs of wire \Servo_PWM:PWMUDB:prevCapture\\D\[1830] = zero[29]
Removing Lhs of wire \Servo_PWM:PWMUDB:trig_last\\D\[1831] = zero[29]
Removing Lhs of wire \Servo_PWM:PWMUDB:ltch_kill_reg\\D\[1834] = tmpOE__Rx_1_net_0[28]
Removing Lhs of wire \Servo_PWM:PWMUDB:prevCompare1\\D\[1837] = \Servo_PWM:PWMUDB:cmp1\[1409]
Removing Lhs of wire \Servo_PWM:PWMUDB:prevCompare2\\D\[1838] = \Servo_PWM:PWMUDB:cmp2\[1412]
Removing Lhs of wire \Servo_PWM:PWMUDB:cmp1_status_reg\\D\[1839] = \Servo_PWM:PWMUDB:cmp1_status\[1410]
Removing Lhs of wire \Servo_PWM:PWMUDB:cmp2_status_reg\\D\[1840] = \Servo_PWM:PWMUDB:cmp2_status\[1413]
Removing Lhs of wire \Servo_PWM:PWMUDB:pwm_i_reg\\D\[1842] = \Servo_PWM:PWMUDB:pwm_i\[1510]
Removing Lhs of wire \Servo_PWM:PWMUDB:pwm1_i_reg\\D\[1843] = \Servo_PWM:PWMUDB:pwm1_i\[1512]
Removing Lhs of wire \Servo_PWM:PWMUDB:pwm2_i_reg\\D\[1844] = \Servo_PWM:PWMUDB:pwm2_i\[1514]
Removing Lhs of wire \Servo_PWM:PWMUDB:tc_i_reg\\D\[1845] = \Servo_PWM:PWMUDB:status_2\[1404]

------------------------------------------------------
Aliased 0 equations, 404 wires.
------------------------------------------------------

----------------------------------------------------------
Circuit simplification
----------------------------------------------------------

Substituting virtuals - pass 1:

Note:  Expanding virtual equation for 'zero' (cost = 0):
zero <=  ('0') ;

Note:  Expanding virtual equation for 'tmpOE__Rx_1_net_0' (cost = 0):
tmpOE__Rx_1_net_0 <=  ('1') ;

Note:  Expanding virtual equation for '\UART:BUART:rx_addressmatch\' (cost = 0):
\UART:BUART:rx_addressmatch\ <= (\UART:BUART:rx_addressmatch2\
	OR \UART:BUART:rx_addressmatch1\);

Note:  Expanding virtual equation for '\UART:BUART:rx_bitclk_pre\' (cost = 1):
\UART:BUART:rx_bitclk_pre\ <= ((not \UART:BUART:rx_count_2\ and not \UART:BUART:rx_count_1\ and not \UART:BUART:rx_count_0\));

Note:  Expanding virtual equation for '\UART:BUART:rx_bitclk_pre16x\' (cost = 0):
\UART:BUART:rx_bitclk_pre16x\ <= ((not \UART:BUART:rx_count_2\ and \UART:BUART:rx_count_1\ and \UART:BUART:rx_count_0\));

Note:  Expanding virtual equation for '\UART:BUART:rx_poll_bit1\' (cost = 1):
\UART:BUART:rx_poll_bit1\ <= ((not \UART:BUART:rx_count_2\ and not \UART:BUART:rx_count_1\ and \UART:BUART:rx_count_0\));

Note:  Expanding virtual equation for '\UART:BUART:rx_poll_bit2\' (cost = 1):
\UART:BUART:rx_poll_bit2\ <= ((not \UART:BUART:rx_count_2\ and not \UART:BUART:rx_count_1\ and not \UART:BUART:rx_count_0\));

Note:  Expanding virtual equation for '\UART:BUART:pollingrange\' (cost = 4):
\UART:BUART:pollingrange\ <= ((not \UART:BUART:rx_count_2\ and not \UART:BUART:rx_count_1\));

Note:  Expanding virtual equation for '\UART:BUART:sRX:s23Poll:MODULE_1:g2:a0:g1:z1:s0:g1:u0:c_1\' (cost = 0):
\UART:BUART:sRX:s23Poll:MODULE_1:g2:a0:g1:z1:s0:g1:u0:c_1\ <= (\UART:BUART:pollcount_0\);

Note:  Expanding virtual equation for '\UART:BUART:sRX:s23Poll:MODULE_1:g2:a0:s_0\' (cost = 0):
\UART:BUART:sRX:s23Poll:MODULE_1:g2:a0:s_0\ <= (not \UART:BUART:pollcount_0\);

Note:  Expanding virtual equation for '\UART:BUART:sRX:s23Poll:MODULE_2:g2:a0:lta_1\' (cost = 0):
\UART:BUART:sRX:s23Poll:MODULE_2:g2:a0:lta_1\ <=  ('0') ;

Note:  Expanding virtual equation for '\UART:BUART:sRX:s23Poll:MODULE_2:g2:a0:gta_1\' (cost = 0):
\UART:BUART:sRX:s23Poll:MODULE_2:g2:a0:gta_1\ <= (\UART:BUART:pollcount_1\);

Note:  Expanding virtual equation for '\UART:BUART:sRX:s23Poll:MODULE_3:g2:a0:lta_1\' (cost = 0):
\UART:BUART:sRX:s23Poll:MODULE_3:g2:a0:lta_1\ <= (not \UART:BUART:pollcount_1\);

Note:  Expanding virtual equation for '\UART:BUART:sRX:s23Poll:MODULE_3:g2:a0:gta_1\' (cost = 0):
\UART:BUART:sRX:s23Poll:MODULE_3:g2:a0:gta_1\ <=  ('0') ;

Note:  Expanding virtual equation for '\UART:BUART:sRX:MODULE_4:g2:a0:lta_6\' (cost = 0):
\UART:BUART:sRX:MODULE_4:g2:a0:lta_6\ <=  ('0') ;

Note:  Expanding virtual equation for '\UART:BUART:sRX:MODULE_4:g2:a0:gta_6\' (cost = 0):
\UART:BUART:sRX:MODULE_4:g2:a0:gta_6\ <=  ('0') ;

Note:  Expanding virtual equation for '\UART:BUART:sRX:MODULE_4:g2:a0:lta_5\' (cost = 0):
\UART:BUART:sRX:MODULE_4:g2:a0:lta_5\ <=  ('0') ;

Note:  Expanding virtual equation for '\UART:BUART:sRX:MODULE_4:g2:a0:gta_5\' (cost = 0):
\UART:BUART:sRX:MODULE_4:g2:a0:gta_5\ <=  ('0') ;

Note:  Expanding virtual equation for '\UART:BUART:sRX:MODULE_4:g2:a0:lta_4\' (cost = 0):
\UART:BUART:sRX:MODULE_4:g2:a0:lta_4\ <=  ('0') ;

Note:  Expanding virtual equation for '\UART:BUART:sRX:MODULE_4:g2:a0:gta_4\' (cost = 0):
\UART:BUART:sRX:MODULE_4:g2:a0:gta_4\ <=  ('0') ;

Note:  Expanding virtual equation for '\UART:BUART:sRX:MODULE_4:g2:a0:lta_3\' (cost = 0):
\UART:BUART:sRX:MODULE_4:g2:a0:lta_3\ <=  ('0') ;

Note:  Expanding virtual equation for '\UART:BUART:sRX:MODULE_4:g2:a0:gta_3\' (cost = 0):
\UART:BUART:sRX:MODULE_4:g2:a0:gta_3\ <= (\UART:BUART:rx_count_6\);

Note:  Expanding virtual equation for '\UART:BUART:sRX:MODULE_4:g2:a0:lta_2\' (cost = 1):
\UART:BUART:sRX:MODULE_4:g2:a0:lta_2\ <= ((not \UART:BUART:rx_count_6\ and not \UART:BUART:rx_count_5\));

Note:  Expanding virtual equation for '\UART:BUART:sRX:MODULE_4:g2:a0:gta_2\' (cost = 0):
\UART:BUART:sRX:MODULE_4:g2:a0:gta_2\ <= (\UART:BUART:rx_count_6\);

Note:  Expanding virtual equation for '\UART:BUART:sRX:MODULE_4:g2:a0:lta_1\' (cost = 2):
\UART:BUART:sRX:MODULE_4:g2:a0:lta_1\ <= ((not \UART:BUART:rx_count_6\ and not \UART:BUART:rx_count_4\)
	OR (not \UART:BUART:rx_count_6\ and not \UART:BUART:rx_count_5\));

Note:  Expanding virtual equation for '\UART:BUART:sRX:MODULE_4:g2:a0:gta_1\' (cost = 0):
\UART:BUART:sRX:MODULE_4:g2:a0:gta_1\ <= (\UART:BUART:rx_count_6\);

Note:  Expanding virtual equation for '\UART:BUART:sRX:MODULE_4:g2:a0:lta_0\' (cost = 8):
\UART:BUART:sRX:MODULE_4:g2:a0:lta_0\ <= ((not \UART:BUART:rx_count_6\ and not \UART:BUART:rx_count_4\)
	OR (not \UART:BUART:rx_count_6\ and not \UART:BUART:rx_count_5\));

Note:  Expanding virtual equation for '\MotorA_PWM:PWMUDB:cmp1\' (cost = 0):
\MotorA_PWM:PWMUDB:cmp1\ <= (\MotorA_PWM:PWMUDB:cmp1_less\);

Note:  Expanding virtual equation for '\MotorA_PWM:PWMUDB:MODULE_6:g2:a0:g1:z1:s0:g1:u0:c_1\' (cost = 0):
\MotorA_PWM:PWMUDB:MODULE_6:g2:a0:g1:z1:s0:g1:u0:c_1\ <= (\MotorA_PWM:PWMUDB:dith_count_0\);

Note:  Expanding virtual equation for '\MotorA_PWM:PWMUDB:MODULE_6:g2:a0:s_0\' (cost = 0):
\MotorA_PWM:PWMUDB:MODULE_6:g2:a0:s_0\ <= (not \MotorA_PWM:PWMUDB:dith_count_0\);

Note:  Expanding virtual equation for '\MotorA_PWM:PWMUDB:MODULE_6:g2:a0:g1:z1:s0:g1:u0:c_17\' (cost = 0):
\MotorA_PWM:PWMUDB:MODULE_6:g2:a0:g1:z1:s0:g1:u0:c_17\ <=  ('0') ;

Note:  Expanding virtual equation for '\MotorA_PWM:PWMUDB:MODULE_6:g2:a0:g1:z1:s0:g1:u0:c_9\' (cost = 0):
\MotorA_PWM:PWMUDB:MODULE_6:g2:a0:g1:z1:s0:g1:u0:c_9\ <=  ('0') ;

Note:  Expanding virtual equation for '\MotorA_PWM:PWMUDB:MODULE_6:g2:a0:g1:z1:s0:g1:u0:c_2\' (cost = 0):
\MotorA_PWM:PWMUDB:MODULE_6:g2:a0:g1:z1:s0:g1:u0:c_2\ <= ((\MotorA_PWM:PWMUDB:dith_count_1\ and \MotorA_PWM:PWMUDB:dith_count_0\));

Note:  Expanding virtual equation for '\MotorA_QuadDec:Cnt16:CounterUDB:capt_either_edge\' (cost = 0):
\MotorA_QuadDec:Cnt16:CounterUDB:capt_either_edge\ <= (\MotorA_QuadDec:Cnt16:CounterUDB:prevCapture\);

Note:  Expanding virtual equation for '\MotorA_QuadDec:Cnt16:CounterUDB:reload_tc\' (cost = 2):
\MotorA_QuadDec:Cnt16:CounterUDB:reload_tc\ <= (\MotorA_QuadDec:Cnt16:CounterUDB:status_1\
	OR \MotorA_QuadDec:Cnt16:CounterUDB:overflow\);

Note:  Expanding virtual equation for '\MotorA_QuadDec:bQuadDec:A_j\' (cost = 1):
\MotorA_QuadDec:bQuadDec:A_j\ <= ((\MotorA_QuadDec:bQuadDec:quad_A_delayed_0\ and \MotorA_QuadDec:bQuadDec:quad_A_delayed_1\ and \MotorA_QuadDec:bQuadDec:quad_A_delayed_2\));

Note:  Expanding virtual equation for '\MotorA_QuadDec:bQuadDec:A_k\' (cost = 3):
\MotorA_QuadDec:bQuadDec:A_k\ <= ((not \MotorA_QuadDec:bQuadDec:quad_A_delayed_0\ and not \MotorA_QuadDec:bQuadDec:quad_A_delayed_1\ and not \MotorA_QuadDec:bQuadDec:quad_A_delayed_2\));

Note:  Expanding virtual equation for '\MotorA_QuadDec:bQuadDec:B_j\' (cost = 1):
\MotorA_QuadDec:bQuadDec:B_j\ <= ((\MotorA_QuadDec:bQuadDec:quad_B_delayed_0\ and \MotorA_QuadDec:bQuadDec:quad_B_delayed_1\ and \MotorA_QuadDec:bQuadDec:quad_B_delayed_2\));

Note:  Expanding virtual equation for '\MotorA_QuadDec:bQuadDec:B_k\' (cost = 3):
\MotorA_QuadDec:bQuadDec:B_k\ <= ((not \MotorA_QuadDec:bQuadDec:quad_B_delayed_0\ and not \MotorA_QuadDec:bQuadDec:quad_B_delayed_1\ and not \MotorA_QuadDec:bQuadDec:quad_B_delayed_2\));

Note:  Expanding virtual equation for '\MotorA_QuadDec:Net_1151\' (cost = 0):
\MotorA_QuadDec:Net_1151\ <= (not \MotorA_QuadDec:Net_1251\);

Note:  Expanding virtual equation for '\MotorA_QuadDec:Net_1287\' (cost = 0):
\MotorA_QuadDec:Net_1287\ <= (not \MotorA_QuadDec:Net_1264\);

Note:  Expanding virtual equation for '\ServoAB:PWMUDB:trig_rise\' (cost = 1):
\ServoAB:PWMUDB:trig_rise\ <= ((not \ServoAB:PWMUDB:trig_last\ and ServoPWM_2));

Note:  Expanding virtual equation for '\ServoAB:PWMUDB:cmp1\' (cost = 0):
\ServoAB:PWMUDB:cmp1\ <= (\ServoAB:PWMUDB:cmp1_less\);

Note:  Expanding virtual equation for '\ServoAB:PWMUDB:cmp2\' (cost = 0):
\ServoAB:PWMUDB:cmp2\ <= (\ServoAB:PWMUDB:cmp2_less\);

Note:  Expanding virtual equation for '\ServoAB:PWMUDB:MODULE_7:g2:a0:g1:z1:s0:g1:u0:c_1\' (cost = 0):
\ServoAB:PWMUDB:MODULE_7:g2:a0:g1:z1:s0:g1:u0:c_1\ <= (\ServoAB:PWMUDB:dith_count_0\);

Note:  Expanding virtual equation for '\ServoAB:PWMUDB:MODULE_7:g2:a0:s_0\' (cost = 0):
\ServoAB:PWMUDB:MODULE_7:g2:a0:s_0\ <= (not \ServoAB:PWMUDB:dith_count_0\);

Note:  Expanding virtual equation for '\ServoAB:PWMUDB:MODULE_7:g2:a0:g1:z1:s0:g1:u0:c_17\' (cost = 0):
\ServoAB:PWMUDB:MODULE_7:g2:a0:g1:z1:s0:g1:u0:c_17\ <=  ('0') ;

Note:  Expanding virtual equation for '\ServoAB:PWMUDB:MODULE_7:g2:a0:g1:z1:s0:g1:u0:c_9\' (cost = 0):
\ServoAB:PWMUDB:MODULE_7:g2:a0:g1:z1:s0:g1:u0:c_9\ <=  ('0') ;

Note:  Expanding virtual equation for '\ServoAB:PWMUDB:MODULE_7:g2:a0:g1:z1:s0:g1:u0:c_2\' (cost = 0):
\ServoAB:PWMUDB:MODULE_7:g2:a0:g1:z1:s0:g1:u0:c_2\ <= ((\ServoAB:PWMUDB:dith_count_1\ and \ServoAB:PWMUDB:dith_count_0\));

Note:  Expanding virtual equation for '\Servo_PWM:PWMUDB:compare1\' (cost = 0):
\Servo_PWM:PWMUDB:compare1\ <= (not \Servo_PWM:PWMUDB:cmp1_less\);

Note:  Expanding virtual equation for '\Servo_PWM:PWMUDB:cmp2\' (cost = 0):
\Servo_PWM:PWMUDB:cmp2\ <= (\Servo_PWM:PWMUDB:cmp2_less\);

Note:  Expanding virtual equation for '\Servo_PWM:PWMUDB:MODULE_8:g2:a0:g1:z1:s0:g1:u0:c_1\' (cost = 0):
\Servo_PWM:PWMUDB:MODULE_8:g2:a0:g1:z1:s0:g1:u0:c_1\ <= (\Servo_PWM:PWMUDB:dith_count_0\);

Note:  Expanding virtual equation for '\Servo_PWM:PWMUDB:MODULE_8:g2:a0:s_0\' (cost = 0):
\Servo_PWM:PWMUDB:MODULE_8:g2:a0:s_0\ <= (not \Servo_PWM:PWMUDB:dith_count_0\);

Note:  Expanding virtual equation for '\Servo_PWM:PWMUDB:MODULE_8:g2:a0:g1:z1:s0:g1:u0:c_17\' (cost = 0):
\Servo_PWM:PWMUDB:MODULE_8:g2:a0:g1:z1:s0:g1:u0:c_17\ <=  ('0') ;

Note:  Expanding virtual equation for '\Servo_PWM:PWMUDB:MODULE_8:g2:a0:g1:z1:s0:g1:u0:c_9\' (cost = 0):
\Servo_PWM:PWMUDB:MODULE_8:g2:a0:g1:z1:s0:g1:u0:c_9\ <=  ('0') ;

Note:  Expanding virtual equation for '\Servo_PWM:PWMUDB:MODULE_8:g2:a0:g1:z1:s0:g1:u0:c_2\' (cost = 0):
\Servo_PWM:PWMUDB:MODULE_8:g2:a0:g1:z1:s0:g1:u0:c_2\ <= ((\Servo_PWM:PWMUDB:dith_count_1\ and \Servo_PWM:PWMUDB:dith_count_0\));


Substituting virtuals - pass 2:

Note:  Expanding virtual equation for '\UART:BUART:sRX:s23Poll:MODULE_2:g2:a0:lta_0\' (cost = 4):
\UART:BUART:sRX:s23Poll:MODULE_2:g2:a0:lta_0\ <= ((not \UART:BUART:pollcount_1\ and not \UART:BUART:pollcount_0\));

Note:  Expanding virtual equation for '\UART:BUART:sRX:s23Poll:MODULE_3:g2:a0:lta_0\' (cost = 0):
\UART:BUART:sRX:s23Poll:MODULE_3:g2:a0:lta_0\ <= (not \UART:BUART:pollcount_1\);

Note:  Expanding virtual equation for '\UART:BUART:sRX:s23Poll:MODULE_1:g2:a0:s_1\' (cost = 2):
\UART:BUART:sRX:s23Poll:MODULE_1:g2:a0:s_1\ <= ((not \UART:BUART:pollcount_0\ and \UART:BUART:pollcount_1\)
	OR (not \UART:BUART:pollcount_1\ and \UART:BUART:pollcount_0\));

Note:  Expanding virtual equation for '\MotorA_PWM:PWMUDB:MODULE_6:g2:a0:s_1\' (cost = 2):
\MotorA_PWM:PWMUDB:MODULE_6:g2:a0:s_1\ <= ((not \MotorA_PWM:PWMUDB:dith_count_0\ and \MotorA_PWM:PWMUDB:dith_count_1\)
	OR (not \MotorA_PWM:PWMUDB:dith_count_1\ and \MotorA_PWM:PWMUDB:dith_count_0\));

Note:  Expanding virtual equation for '\MotorA_PWM:PWMUDB:MODULE_6:g2:a0:g1:z1:s0:g1:u0:c_18\' (cost = 0):
\MotorA_PWM:PWMUDB:MODULE_6:g2:a0:g1:z1:s0:g1:u0:c_18\ <=  ('0') ;

Note:  Expanding virtual equation for '\MotorA_PWM:PWMUDB:MODULE_6:g2:a0:g1:z1:s0:g1:u0:c_10\' (cost = 0):
\MotorA_PWM:PWMUDB:MODULE_6:g2:a0:g1:z1:s0:g1:u0:c_10\ <=  ('0') ;

Note:  Expanding virtual equation for '\MotorA_PWM:PWMUDB:MODULE_6:g2:a0:g1:z1:s0:g1:u0:c_3\' (cost = 0):
\MotorA_PWM:PWMUDB:MODULE_6:g2:a0:g1:z1:s0:g1:u0:c_3\ <=  ('0') ;

Note:  Expanding virtual equation for '\MotorA_QuadDec:Net_1248\' (cost = 2):
\MotorA_QuadDec:Net_1248\ <= ((not \MotorA_QuadDec:Net_1264\ and \MotorA_QuadDec:Net_1275\));

Note:  Expanding virtual equation for '\ServoAB:PWMUDB:MODULE_7:g2:a0:s_1\' (cost = 2):
\ServoAB:PWMUDB:MODULE_7:g2:a0:s_1\ <= ((not \ServoAB:PWMUDB:dith_count_0\ and \ServoAB:PWMUDB:dith_count_1\)
	OR (not \ServoAB:PWMUDB:dith_count_1\ and \ServoAB:PWMUDB:dith_count_0\));

Note:  Expanding virtual equation for '\ServoAB:PWMUDB:MODULE_7:g2:a0:g1:z1:s0:g1:u0:c_18\' (cost = 0):
\ServoAB:PWMUDB:MODULE_7:g2:a0:g1:z1:s0:g1:u0:c_18\ <=  ('0') ;

Note:  Expanding virtual equation for '\ServoAB:PWMUDB:MODULE_7:g2:a0:g1:z1:s0:g1:u0:c_10\' (cost = 0):
\ServoAB:PWMUDB:MODULE_7:g2:a0:g1:z1:s0:g1:u0:c_10\ <=  ('0') ;

Note:  Expanding virtual equation for '\ServoAB:PWMUDB:MODULE_7:g2:a0:g1:z1:s0:g1:u0:c_3\' (cost = 0):
\ServoAB:PWMUDB:MODULE_7:g2:a0:g1:z1:s0:g1:u0:c_3\ <=  ('0') ;

Note:  Expanding virtual equation for '\Servo_PWM:PWMUDB:cmp1\' (cost = 0):
\Servo_PWM:PWMUDB:cmp1\ <= (not \Servo_PWM:PWMUDB:cmp1_less\);

Note:  Expanding virtual equation for '\Servo_PWM:PWMUDB:MODULE_8:g2:a0:s_1\' (cost = 2):
\Servo_PWM:PWMUDB:MODULE_8:g2:a0:s_1\ <= ((not \Servo_PWM:PWMUDB:dith_count_0\ and \Servo_PWM:PWMUDB:dith_count_1\)
	OR (not \Servo_PWM:PWMUDB:dith_count_1\ and \Servo_PWM:PWMUDB:dith_count_0\));

Note:  Expanding virtual equation for '\Servo_PWM:PWMUDB:MODULE_8:g2:a0:g1:z1:s0:g1:u0:c_18\' (cost = 0):
\Servo_PWM:PWMUDB:MODULE_8:g2:a0:g1:z1:s0:g1:u0:c_18\ <=  ('0') ;

Note:  Expanding virtual equation for '\Servo_PWM:PWMUDB:MODULE_8:g2:a0:g1:z1:s0:g1:u0:c_10\' (cost = 0):
\Servo_PWM:PWMUDB:MODULE_8:g2:a0:g1:z1:s0:g1:u0:c_10\ <=  ('0') ;

Note:  Expanding virtual equation for '\Servo_PWM:PWMUDB:MODULE_8:g2:a0:g1:z1:s0:g1:u0:c_3\' (cost = 0):
\Servo_PWM:PWMUDB:MODULE_8:g2:a0:g1:z1:s0:g1:u0:c_3\ <=  ('0') ;


Substituting virtuals - pass 3:

Note:  Expanding virtual equation for '\UART:BUART:rx_postpoll\' (cost = 72):
\UART:BUART:rx_postpoll\ <= (\UART:BUART:pollcount_1\
	OR (Net_1481 and \UART:BUART:pollcount_0\));

Note:  Expanding virtual equation for '\UART:BUART:sRX:MODULE_5:g1:a0:gx:u0:xnor_array_0\' (cost = 4):
\UART:BUART:sRX:MODULE_5:g1:a0:gx:u0:xnor_array_0\ <= ((not Net_1481 and not \UART:BUART:pollcount_1\ and not \UART:BUART:rx_parity_bit\)
	OR (not \UART:BUART:pollcount_1\ and not \UART:BUART:pollcount_0\ and not \UART:BUART:rx_parity_bit\)
	OR (\UART:BUART:pollcount_1\ and \UART:BUART:rx_parity_bit\)
	OR (Net_1481 and \UART:BUART:pollcount_0\ and \UART:BUART:rx_parity_bit\));

Note:  Expanding virtual equation for '\UART:BUART:sRX:MODULE_5:g1:a0:gx:u0:aeqb_1\' (cost = 4):
\UART:BUART:sRX:MODULE_5:g1:a0:gx:u0:aeqb_1\ <= ((not Net_1481 and not \UART:BUART:pollcount_1\ and not \UART:BUART:rx_parity_bit\)
	OR (not \UART:BUART:pollcount_1\ and not \UART:BUART:pollcount_0\ and not \UART:BUART:rx_parity_bit\)
	OR (\UART:BUART:pollcount_1\ and \UART:BUART:rx_parity_bit\)
	OR (Net_1481 and \UART:BUART:pollcount_0\ and \UART:BUART:rx_parity_bit\));

Note:  Expanding virtual equation for '\MotorA_PWM:PWMUDB:MODULE_6:g2:a0:g1:z1:s0:g1:u0:c_19\' (cost = 0):
\MotorA_PWM:PWMUDB:MODULE_6:g2:a0:g1:z1:s0:g1:u0:c_19\ <=  ('0') ;

Note:  Expanding virtual equation for '\MotorA_PWM:PWMUDB:MODULE_6:g2:a0:g1:z1:s0:g1:u0:c_11\' (cost = 0):
\MotorA_PWM:PWMUDB:MODULE_6:g2:a0:g1:z1:s0:g1:u0:c_11\ <=  ('0') ;

Note:  Expanding virtual equation for '\MotorA_PWM:PWMUDB:MODULE_6:g2:a0:g1:z1:s0:g1:u0:c_4\' (cost = 0):
\MotorA_PWM:PWMUDB:MODULE_6:g2:a0:g1:z1:s0:g1:u0:c_4\ <=  ('0') ;

Note:  Expanding virtual equation for '\ServoAB:PWMUDB:MODULE_7:g2:a0:g1:z1:s0:g1:u0:c_19\' (cost = 0):
\ServoAB:PWMUDB:MODULE_7:g2:a0:g1:z1:s0:g1:u0:c_19\ <=  ('0') ;

Note:  Expanding virtual equation for '\ServoAB:PWMUDB:MODULE_7:g2:a0:g1:z1:s0:g1:u0:c_11\' (cost = 0):
\ServoAB:PWMUDB:MODULE_7:g2:a0:g1:z1:s0:g1:u0:c_11\ <=  ('0') ;

Note:  Expanding virtual equation for '\ServoAB:PWMUDB:MODULE_7:g2:a0:g1:z1:s0:g1:u0:c_4\' (cost = 0):
\ServoAB:PWMUDB:MODULE_7:g2:a0:g1:z1:s0:g1:u0:c_4\ <=  ('0') ;

Note:  Expanding virtual equation for '\Servo_PWM:PWMUDB:MODULE_8:g2:a0:g1:z1:s0:g1:u0:c_19\' (cost = 0):
\Servo_PWM:PWMUDB:MODULE_8:g2:a0:g1:z1:s0:g1:u0:c_19\ <=  ('0') ;

Note:  Expanding virtual equation for '\Servo_PWM:PWMUDB:MODULE_8:g2:a0:g1:z1:s0:g1:u0:c_11\' (cost = 0):
\Servo_PWM:PWMUDB:MODULE_8:g2:a0:g1:z1:s0:g1:u0:c_11\ <=  ('0') ;

Note:  Expanding virtual equation for '\Servo_PWM:PWMUDB:MODULE_8:g2:a0:g1:z1:s0:g1:u0:c_4\' (cost = 0):
\Servo_PWM:PWMUDB:MODULE_8:g2:a0:g1:z1:s0:g1:u0:c_4\ <=  ('0') ;


Substituting virtuals - pass 4:

Note:  Expanding virtual equation for '\MotorA_PWM:PWMUDB:MODULE_6:g2:a0:g1:z1:s0:g1:u0:c_20\' (cost = 0):
\MotorA_PWM:PWMUDB:MODULE_6:g2:a0:g1:z1:s0:g1:u0:c_20\ <=  ('0') ;

Note:  Expanding virtual equation for '\MotorA_PWM:PWMUDB:MODULE_6:g2:a0:g1:z1:s0:g1:u0:c_12\' (cost = 0):
\MotorA_PWM:PWMUDB:MODULE_6:g2:a0:g1:z1:s0:g1:u0:c_12\ <=  ('0') ;

Note:  Expanding virtual equation for '\MotorA_PWM:PWMUDB:MODULE_6:g2:a0:g1:z1:s0:g1:u0:c_5\' (cost = 0):
\MotorA_PWM:PWMUDB:MODULE_6:g2:a0:g1:z1:s0:g1:u0:c_5\ <=  ('0') ;

Note:  Expanding virtual equation for '\ServoAB:PWMUDB:MODULE_7:g2:a0:g1:z1:s0:g1:u0:c_20\' (cost = 0):
\ServoAB:PWMUDB:MODULE_7:g2:a0:g1:z1:s0:g1:u0:c_20\ <=  ('0') ;

Note:  Expanding virtual equation for '\ServoAB:PWMUDB:MODULE_7:g2:a0:g1:z1:s0:g1:u0:c_12\' (cost = 0):
\ServoAB:PWMUDB:MODULE_7:g2:a0:g1:z1:s0:g1:u0:c_12\ <=  ('0') ;

Note:  Expanding virtual equation for '\ServoAB:PWMUDB:MODULE_7:g2:a0:g1:z1:s0:g1:u0:c_5\' (cost = 0):
\ServoAB:PWMUDB:MODULE_7:g2:a0:g1:z1:s0:g1:u0:c_5\ <=  ('0') ;

Note:  Expanding virtual equation for '\Servo_PWM:PWMUDB:MODULE_8:g2:a0:g1:z1:s0:g1:u0:c_20\' (cost = 0):
\Servo_PWM:PWMUDB:MODULE_8:g2:a0:g1:z1:s0:g1:u0:c_20\ <=  ('0') ;

Note:  Expanding virtual equation for '\Servo_PWM:PWMUDB:MODULE_8:g2:a0:g1:z1:s0:g1:u0:c_12\' (cost = 0):
\Servo_PWM:PWMUDB:MODULE_8:g2:a0:g1:z1:s0:g1:u0:c_12\ <=  ('0') ;

Note:  Expanding virtual equation for '\Servo_PWM:PWMUDB:MODULE_8:g2:a0:g1:z1:s0:g1:u0:c_5\' (cost = 0):
\Servo_PWM:PWMUDB:MODULE_8:g2:a0:g1:z1:s0:g1:u0:c_5\ <=  ('0') ;


Substituting virtuals - pass 5:

Note:  Expanding virtual equation for '\MotorA_PWM:PWMUDB:MODULE_6:g2:a0:g1:z1:s0:g1:u0:c_21\' (cost = 0):
\MotorA_PWM:PWMUDB:MODULE_6:g2:a0:g1:z1:s0:g1:u0:c_21\ <=  ('0') ;

Note:  Expanding virtual equation for '\MotorA_PWM:PWMUDB:MODULE_6:g2:a0:g1:z1:s0:g1:u0:c_13\' (cost = 0):
\MotorA_PWM:PWMUDB:MODULE_6:g2:a0:g1:z1:s0:g1:u0:c_13\ <=  ('0') ;

Note:  Expanding virtual equation for '\MotorA_PWM:PWMUDB:MODULE_6:g2:a0:g1:z1:s0:g1:u0:c_6\' (cost = 0):
\MotorA_PWM:PWMUDB:MODULE_6:g2:a0:g1:z1:s0:g1:u0:c_6\ <=  ('0') ;

Note:  Expanding virtual equation for '\ServoAB:PWMUDB:MODULE_7:g2:a0:g1:z1:s0:g1:u0:c_21\' (cost = 0):
\ServoAB:PWMUDB:MODULE_7:g2:a0:g1:z1:s0:g1:u0:c_21\ <=  ('0') ;

Note:  Expanding virtual equation for '\ServoAB:PWMUDB:MODULE_7:g2:a0:g1:z1:s0:g1:u0:c_13\' (cost = 0):
\ServoAB:PWMUDB:MODULE_7:g2:a0:g1:z1:s0:g1:u0:c_13\ <=  ('0') ;

Note:  Expanding virtual equation for '\ServoAB:PWMUDB:MODULE_7:g2:a0:g1:z1:s0:g1:u0:c_6\' (cost = 0):
\ServoAB:PWMUDB:MODULE_7:g2:a0:g1:z1:s0:g1:u0:c_6\ <=  ('0') ;

Note:  Expanding virtual equation for '\Servo_PWM:PWMUDB:MODULE_8:g2:a0:g1:z1:s0:g1:u0:c_21\' (cost = 0):
\Servo_PWM:PWMUDB:MODULE_8:g2:a0:g1:z1:s0:g1:u0:c_21\ <=  ('0') ;

Note:  Expanding virtual equation for '\Servo_PWM:PWMUDB:MODULE_8:g2:a0:g1:z1:s0:g1:u0:c_13\' (cost = 0):
\Servo_PWM:PWMUDB:MODULE_8:g2:a0:g1:z1:s0:g1:u0:c_13\ <=  ('0') ;

Note:  Expanding virtual equation for '\Servo_PWM:PWMUDB:MODULE_8:g2:a0:g1:z1:s0:g1:u0:c_6\' (cost = 0):
\Servo_PWM:PWMUDB:MODULE_8:g2:a0:g1:z1:s0:g1:u0:c_6\ <=  ('0') ;


Substituting virtuals - pass 6:

Note:  Expanding virtual equation for '\MotorA_PWM:PWMUDB:MODULE_6:g2:a0:g1:z1:s0:g1:u0:c_22\' (cost = 0):
\MotorA_PWM:PWMUDB:MODULE_6:g2:a0:g1:z1:s0:g1:u0:c_22\ <=  ('0') ;

Note:  Expanding virtual equation for '\MotorA_PWM:PWMUDB:MODULE_6:g2:a0:g1:z1:s0:g1:u0:c_14\' (cost = 0):
\MotorA_PWM:PWMUDB:MODULE_6:g2:a0:g1:z1:s0:g1:u0:c_14\ <=  ('0') ;

Note:  Expanding virtual equation for '\MotorA_PWM:PWMUDB:MODULE_6:g2:a0:g1:z1:s0:g1:u0:c_7\' (cost = 0):
\MotorA_PWM:PWMUDB:MODULE_6:g2:a0:g1:z1:s0:g1:u0:c_7\ <=  ('0') ;

Note:  Expanding virtual equation for '\ServoAB:PWMUDB:MODULE_7:g2:a0:g1:z1:s0:g1:u0:c_22\' (cost = 0):
\ServoAB:PWMUDB:MODULE_7:g2:a0:g1:z1:s0:g1:u0:c_22\ <=  ('0') ;

Note:  Expanding virtual equation for '\ServoAB:PWMUDB:MODULE_7:g2:a0:g1:z1:s0:g1:u0:c_14\' (cost = 0):
\ServoAB:PWMUDB:MODULE_7:g2:a0:g1:z1:s0:g1:u0:c_14\ <=  ('0') ;

Note:  Expanding virtual equation for '\ServoAB:PWMUDB:MODULE_7:g2:a0:g1:z1:s0:g1:u0:c_7\' (cost = 0):
\ServoAB:PWMUDB:MODULE_7:g2:a0:g1:z1:s0:g1:u0:c_7\ <=  ('0') ;

Note:  Expanding virtual equation for '\Servo_PWM:PWMUDB:MODULE_8:g2:a0:g1:z1:s0:g1:u0:c_22\' (cost = 0):
\Servo_PWM:PWMUDB:MODULE_8:g2:a0:g1:z1:s0:g1:u0:c_22\ <=  ('0') ;

Note:  Expanding virtual equation for '\Servo_PWM:PWMUDB:MODULE_8:g2:a0:g1:z1:s0:g1:u0:c_14\' (cost = 0):
\Servo_PWM:PWMUDB:MODULE_8:g2:a0:g1:z1:s0:g1:u0:c_14\ <=  ('0') ;

Note:  Expanding virtual equation for '\Servo_PWM:PWMUDB:MODULE_8:g2:a0:g1:z1:s0:g1:u0:c_7\' (cost = 0):
\Servo_PWM:PWMUDB:MODULE_8:g2:a0:g1:z1:s0:g1:u0:c_7\ <=  ('0') ;


Substituting virtuals - pass 7:

Note:  Expanding virtual equation for '\MotorA_PWM:PWMUDB:MODULE_6:g2:a0:g1:z1:s0:g1:u0:c_23\' (cost = 0):
\MotorA_PWM:PWMUDB:MODULE_6:g2:a0:g1:z1:s0:g1:u0:c_23\ <=  ('0') ;

Note:  Expanding virtual equation for '\MotorA_PWM:PWMUDB:MODULE_6:g2:a0:g1:z1:s0:g1:u0:c_15\' (cost = 0):
\MotorA_PWM:PWMUDB:MODULE_6:g2:a0:g1:z1:s0:g1:u0:c_15\ <=  ('0') ;

Note:  Expanding virtual equation for '\ServoAB:PWMUDB:MODULE_7:g2:a0:g1:z1:s0:g1:u0:c_23\' (cost = 0):
\ServoAB:PWMUDB:MODULE_7:g2:a0:g1:z1:s0:g1:u0:c_23\ <=  ('0') ;

Note:  Expanding virtual equation for '\ServoAB:PWMUDB:MODULE_7:g2:a0:g1:z1:s0:g1:u0:c_15\' (cost = 0):
\ServoAB:PWMUDB:MODULE_7:g2:a0:g1:z1:s0:g1:u0:c_15\ <=  ('0') ;

Note:  Expanding virtual equation for '\Servo_PWM:PWMUDB:MODULE_8:g2:a0:g1:z1:s0:g1:u0:c_23\' (cost = 0):
\Servo_PWM:PWMUDB:MODULE_8:g2:a0:g1:z1:s0:g1:u0:c_23\ <=  ('0') ;

Note:  Expanding virtual equation for '\Servo_PWM:PWMUDB:MODULE_8:g2:a0:g1:z1:s0:g1:u0:c_15\' (cost = 0):
\Servo_PWM:PWMUDB:MODULE_8:g2:a0:g1:z1:s0:g1:u0:c_15\ <=  ('0') ;


Substituting virtuals - pass 8:


----------------------------------------------------------
Circuit simplification results:

	Expanded 118 signals.
	Turned 0 signals into soft nodes.
	Maximum default expansion cost was set at 3.
----------------------------------------------------------

------------------------------------------------------
Alias Detection
------------------------------------------------------
Aliasing \UART:BUART:rx_status_0\ to zero
Aliasing \UART:BUART:rx_status_6\ to zero
Aliasing \MotorA_PWM:PWMUDB:final_capture\ to zero
Aliasing \MotorA_PWM:PWMUDB:MODULE_6:g2:a0:g1:z1:s0:g1:u0:b_24\ to zero
Aliasing \MotorA_PWM:PWMUDB:MODULE_6:g2:a0:g1:z1:s0:g1:u0:b_16\ to zero
Aliasing \MotorA_PWM:PWMUDB:MODULE_6:g2:a0:g1:z1:s0:g1:u0:b_8\ to zero
Aliasing \MotorA_QuadDec:Cnt16:CounterUDB:hwCapture\ to zero
Aliasing \ServoAB:PWMUDB:final_capture\ to zero
Aliasing \ServoAB:PWMUDB:pwm_i\ to zero
Aliasing \ServoAB:PWMUDB:MODULE_7:g2:a0:g1:z1:s0:g1:u0:b_24\ to zero
Aliasing \ServoAB:PWMUDB:MODULE_7:g2:a0:g1:z1:s0:g1:u0:b_16\ to zero
Aliasing \ServoAB:PWMUDB:MODULE_7:g2:a0:g1:z1:s0:g1:u0:b_8\ to zero
Aliasing \Servo_PWM:PWMUDB:final_capture\ to zero
Aliasing \Servo_PWM:PWMUDB:pwm_i\ to zero
Aliasing \Servo_PWM:PWMUDB:MODULE_8:g2:a0:g1:z1:s0:g1:u0:b_24\ to zero
Aliasing \Servo_PWM:PWMUDB:MODULE_8:g2:a0:g1:z1:s0:g1:u0:b_16\ to zero
Aliasing \Servo_PWM:PWMUDB:MODULE_8:g2:a0:g1:z1:s0:g1:u0:b_8\ to zero
Aliasing \UART:BUART:rx_markspace_status\\D\ to zero
Aliasing \UART:BUART:rx_parity_error_status\\D\ to zero
Aliasing \UART:BUART:rx_addr_match_status\\D\ to zero
Aliasing \MotorA_PWM:PWMUDB:final_kill_reg\\D\ to zero
Aliasing \ServoAB:PWMUDB:final_kill_reg\\D\ to zero
Aliasing \Servo_PWM:PWMUDB:final_kill_reg\\D\ to zero
Removing Rhs of wire \UART:BUART:rx_bitclk_enable\[126] = \UART:BUART:rx_bitclk\[174]
Removing Lhs of wire \UART:BUART:rx_status_0\[224] = zero[29]
Removing Lhs of wire \UART:BUART:rx_status_6\[233] = zero[29]
Removing Lhs of wire \MotorA_PWM:PWMUDB:final_capture\[412] = zero[29]
Removing Lhs of wire \MotorA_PWM:PWMUDB:MODULE_6:g2:a0:g1:z1:s0:g1:u0:b_24\[673] = zero[29]
Removing Lhs of wire \MotorA_PWM:PWMUDB:MODULE_6:g2:a0:g1:z1:s0:g1:u0:b_16\[683] = zero[29]
Removing Lhs of wire \MotorA_PWM:PWMUDB:MODULE_6:g2:a0:g1:z1:s0:g1:u0:b_8\[693] = zero[29]
Removing Lhs of wire \MotorA_QuadDec:Cnt16:CounterUDB:hwCapture\[781] = zero[29]
Removing Lhs of wire \ServoAB:PWMUDB:final_capture\[1035] = zero[29]
Removing Lhs of wire \ServoAB:PWMUDB:pwm_i\[1117] = zero[29]
Removing Lhs of wire \ServoAB:PWMUDB:MODULE_7:g2:a0:g1:z1:s0:g1:u0:b_24\[1296] = zero[29]
Removing Lhs of wire \ServoAB:PWMUDB:MODULE_7:g2:a0:g1:z1:s0:g1:u0:b_16\[1306] = zero[29]
Removing Lhs of wire \ServoAB:PWMUDB:MODULE_7:g2:a0:g1:z1:s0:g1:u0:b_8\[1316] = zero[29]
Removing Lhs of wire \Servo_PWM:PWMUDB:final_capture\[1428] = zero[29]
Removing Lhs of wire \Servo_PWM:PWMUDB:pwm_i\[1510] = zero[29]
Removing Lhs of wire \Servo_PWM:PWMUDB:MODULE_8:g2:a0:g1:z1:s0:g1:u0:b_24\[1687] = zero[29]
Removing Lhs of wire \Servo_PWM:PWMUDB:MODULE_8:g2:a0:g1:z1:s0:g1:u0:b_16\[1697] = zero[29]
Removing Lhs of wire \Servo_PWM:PWMUDB:MODULE_8:g2:a0:g1:z1:s0:g1:u0:b_8\[1707] = zero[29]
Removing Lhs of wire \UART:BUART:tx_ctrl_mark_last\\D\[1758] = \UART:BUART:tx_ctrl_mark_last\[117]
Removing Lhs of wire \UART:BUART:rx_markspace_status\\D\[1770] = zero[29]
Removing Lhs of wire \UART:BUART:rx_parity_error_status\\D\[1771] = zero[29]
Removing Lhs of wire \UART:BUART:rx_addr_match_status\\D\[1773] = zero[29]
Removing Lhs of wire \UART:BUART:rx_markspace_pre\\D\[1774] = \UART:BUART:rx_markspace_pre\[237]
Removing Lhs of wire \UART:BUART:rx_parity_bit\\D\[1779] = \UART:BUART:rx_parity_bit\[243]
Removing Lhs of wire \MotorA_PWM:PWMUDB:runmode_enable\\D\[1783] = \MotorA_PWM:PWMUDB:control_7\[334]
Removing Lhs of wire \MotorA_PWM:PWMUDB:final_kill_reg\\D\[1791] = zero[29]
Removing Lhs of wire \ServoAB:PWMUDB:final_kill_reg\\D\[1824] = zero[29]
Removing Lhs of wire \Servo_PWM:PWMUDB:runmode_enable\\D\[1832] = \Servo_PWM:PWMUDB:control_7\[1349]
Removing Lhs of wire \Servo_PWM:PWMUDB:final_kill_reg\\D\[1841] = zero[29]

------------------------------------------------------
Aliased 0 equations, 29 wires.
------------------------------------------------------

----------------------------------------------------------
Circuit simplification
----------------------------------------------------------

Eliminating unused logic - pass 1:

Note:  Deleted unused equation:
\UART:BUART:sRX:MODULE_5:g1:a0:xneq\ <= ((not \UART:BUART:rx_parity_bit\ and Net_1481 and \UART:BUART:pollcount_0\)
	OR (not \UART:BUART:pollcount_1\ and not \UART:BUART:pollcount_0\ and \UART:BUART:rx_parity_bit\)
	OR (not Net_1481 and not \UART:BUART:pollcount_1\ and \UART:BUART:rx_parity_bit\)
	OR (not \UART:BUART:rx_parity_bit\ and \UART:BUART:pollcount_1\));


Eliminating unused logic - pass 2:


Substituting virtuals - pass 1:


----------------------------------------------------------
Circuit simplification results:

	Expanded 0 signals.
	Turned 0 signals into soft nodes.
	Maximum default expansion cost was set at 3.
----------------------------------------------------------

topld:  No errors.

CYPRESS_DIR    : C:\Program Files (x86)\Cypress\PSoC Creator\4.4\PSoC Creator\warp
Warp Program   : C:\Program Files (x86)\Cypress\PSoC Creator\4.4\PSoC Creator\warp\bin\warp.exe
Warp Arguments : -yv2 -q10 -ygs -o2 -v3 -.fftcfgtype=LE -ya "-.fftprj=C:\Users\PC\Documents\PSoC Creator\RoboticArm\MotorPID.cydsn\MotorPID.cyprj" -dcpsoc3 MotorPID.v -verilog
</CYPRESSTAG>
Warp synthesis phase: Elapsed time ==> 1s.564ms
<CYPRESSTAG name="Fitter results...">
<CYPRESSTAG name="Fitter startup details...">
cyp3fit: V4.4.0.80, Family: PSoC3, Started at: Monday, 25 May 2026 15:13:33
Options: -yv2 -q10 -ygs -o2 -v3 -.fftcfgtype=LE -ya -.fftprj=C:\Users\PC\Documents\PSoC Creator\RoboticArm\MotorPID.cydsn\MotorPID.cyprj -d CY8C5888LTI-LP097 MotorPID.v -verilog
</CYPRESSTAG>
<CYPRESSTAG name="Design parsing">
Design parsing phase: Elapsed time ==> 0s.016ms
</CYPRESSTAG>
<CYPRESSTAG name="Tech Mapping">
<CYPRESSTAG name="Initial Mapping" icon="FILE_RPT_TECHM">
    Removed wire end \MotorA_PWM:PWMUDB:MODULE_6:g2:a0:g1:z1:s0:g1:u0:c_24\ kept zero
    Removed wire end \MotorA_PWM:PWMUDB:MODULE_6:g2:a0:g1:z1:s0:g1:u0:c_16\ kept zero
    Removed wire end \MotorA_PWM:PWMUDB:MODULE_6:g2:a0:g1:z1:s0:g1:u0:c_8\ kept zero
    Removed wire end \ServoAB:PWMUDB:MODULE_7:g2:a0:g1:z1:s0:g1:u0:c_24\ kept zero
    Removed wire end \ServoAB:PWMUDB:MODULE_7:g2:a0:g1:z1:s0:g1:u0:c_16\ kept zero
    Removed wire end \ServoAB:PWMUDB:MODULE_7:g2:a0:g1:z1:s0:g1:u0:c_8\ kept zero
    Removed wire end \Servo_PWM:PWMUDB:MODULE_8:g2:a0:g1:z1:s0:g1:u0:c_24\ kept zero
    Removed wire end \Servo_PWM:PWMUDB:MODULE_8:g2:a0:g1:z1:s0:g1:u0:c_16\ kept zero
    Removed wire end \Servo_PWM:PWMUDB:MODULE_8:g2:a0:g1:z1:s0:g1:u0:c_8\ kept zero
    Converted constant MacroCell: \UART:BUART:reset_reg\ from registered to combinatorial
    Converted constant MacroCell: \UART:BUART:rx_markspace_status\ from registered to combinatorial
    Converted constant MacroCell: \UART:BUART:rx_status_2\ from registered to combinatorial
    Converted constant MacroCell: \UART:BUART:rx_addr_match_status\ from registered to combinatorial
    Converted constant MacroCell: \UART:BUART:rx_break_status\ from registered to combinatorial
    Converted constant MacroCell: \MotorA_PWM:PWMUDB:prevCapture\ from registered to combinatorial
    Converted constant MacroCell: \MotorA_PWM:PWMUDB:trig_last\ from registered to combinatorial
    Converted constant MacroCell: \MotorA_PWM:PWMUDB:status_1\ from registered to combinatorial
    Converted constant MacroCell: \MotorA_PWM:PWMUDB:status_5\ from registered to combinatorial
    Converted constant MacroCell: \MotorA_PWM:PWMUDB:pwm1_i_reg\ from registered to combinatorial
    Converted constant MacroCell: \MotorA_PWM:PWMUDB:pwm2_i_reg\ from registered to combinatorial
    Converted constant MacroCell: \MotorA_QuadDec:Cnt16:CounterUDB:prevCapture\ from registered to combinatorial
    Converted constant MacroCell: \ServoAB:PWMUDB:prevCapture\ from registered to combinatorial
    Converted constant MacroCell: \ServoAB:PWMUDB:status_5\ from registered to combinatorial
    Converted constant MacroCell: \ServoAB:PWMUDB:pwm_i_reg\ from registered to combinatorial
    Converted constant MacroCell: \Servo_PWM:PWMUDB:prevCapture\ from registered to combinatorial
    Converted constant MacroCell: \Servo_PWM:PWMUDB:trig_last\ from registered to combinatorial
    Converted constant MacroCell: \Servo_PWM:PWMUDB:status_5\ from registered to combinatorial
    Converted constant MacroCell: \Servo_PWM:PWMUDB:pwm_i_reg\ from registered to combinatorial
Assigning clock Clock_2 to clock BUS_CLK because it is a pass-through
Assigning clock Clock_1 to clock BUS_CLK because it is a pass-through
Assigning clock Clock_7 to clock BUS_CLK because it is a pass-through
<CYPRESSTAG name="Global Clock Selection" icon="FILE_RPT_TECHM">
    Digital Clock 0: Automatic-assigning  clock 'Clock_3'. Fanout=1, Signal=Net_1584
    Digital Clock 1: Automatic-assigning  clock 'UART_IntClock'. Fanout=1, Signal=\UART:Net_9\
    Digital Clock 2: Automatic-assigning  clock 'Clock_5'. Fanout=1, Signal=Net_1749
    Digital Clock 3: Automatic-assigning  clock 'Clock_4'. Fanout=1, Signal=Net_527
</CYPRESSTAG>

Removing unused cells resulting from optimization
Done removing unused cells.
<CYPRESSTAG name="UDB Clock/Enable Remapping Results">
    UDB Clk/Enable \UART:BUART:ClkSync\: with output requested to be synchronous
        ClockIn: UART_IntClock was determined to be a global clock that is synchronous to BUS_CLK
        EnableIn: Constant 1 was determined to be synchronous to ClockIn
        ClockOut: UART_IntClock, EnableOut: Constant 1
    UDB Clk/Enable \MotorA_PWM:PWMUDB:clock_enable_block\: with output requested to be synchronous
        ClockIn: BUS_CLK was determined to be a global clock that is synchronous to BUS_CLK
        EnableIn: Constant 1 was determined to be synchronous to ClockIn
        ClockOut: BUS_CLK, EnableOut: Constant 1
    UDB Clk/Enable \MotorA_QuadDec:Cnt16:CounterUDB:clock_enable_block\: with output requested to be synchronous
        ClockIn: BUS_CLK was determined to be a global clock that is synchronous to BUS_CLK
        EnableIn: Constant 1 was determined to be synchronous to ClockIn
        ClockOut: BUS_CLK, EnableOut: Constant 1
    UDB Clk/Enable \MotorA_QuadDec:Cnt16:CounterUDB:sCTRLReg:cy_psoc3_udb_Ctl_Clk_Sync\: with output requested to be synchronous
        ClockIn: BUS_CLK was determined to be a global clock that is synchronous to BUS_CLK
        EnableIn: Constant 1 was determined to be synchronous to ClockIn
        ClockOut: BUS_CLK, EnableOut: Constant 1
    UDB Clk/Enable \MotorA_QuadDec:bQuadDec:CtrlClkEn\: with output requested to be synchronous
        ClockIn: BUS_CLK was determined to be a global clock that is synchronous to BUS_CLK
        EnableIn: Constant 1 was determined to be synchronous to ClockIn
        ClockOut: BUS_CLK, EnableOut: Constant 1
    UDB Clk/Enable \ServoAB:PWMUDB:clock_enable_block\: with output requested to be synchronous
        ClockIn: BUS_CLK was determined to be a global clock that is synchronous to BUS_CLK
        EnableIn: Constant 1 was determined to be synchronous to ClockIn
        ClockOut: BUS_CLK, EnableOut: Constant 1
    UDB Clk/Enable \Servo_PWM:PWMUDB:clock_enable_block\: with output requested to be synchronous
        ClockIn: Clock_4 was determined to be a global clock that is synchronous to BUS_CLK
        EnableIn: Constant 1 was determined to be synchronous to ClockIn
        ClockOut: Clock_4, EnableOut: Constant 1
</CYPRESSTAG>
ADD: pft.M0040: information: The following 6 pin(s) will be assigned a location by the fitter: Encoder(0), Encoder(1), MotorCCW(0), MotorCW(0), MotorPWM(0), ServoB_Out(0)


Removing unused cells resulting from optimization
Done removing unused cells.
<CYPRESSTAG name="Duplicate Macrocell detection">

Removing duplicate macrocells
    Removing \MotorA_QuadDec:Net_1264\, Duplicate of \MotorA_QuadDec:Cnt16:CounterUDB:prevCompare\ 
    MacroCell: Name=\MotorA_QuadDec:Net_1264\, Mode=(D-Register)
        Total # of inputs        : 1
        Total # of product terms : 1
        List of special equations: 
            Clock  = (ClockBlock_BUS_CLK) => Global
            Clock Enable: True
        Main Equation            : 1 pterm
        (
              \MotorA_QuadDec:Cnt16:CounterUDB:cmp_out_i\
        );
        Output = \MotorA_QuadDec:Net_1264\ (fanout=2)

End removing duplicate macrocells: used 1 pass
</CYPRESSTAG>
</CYPRESSTAG>
<CYPRESSTAG name="Duplicate Macrocell detection">

Removing duplicate macrocells
    Removing \UART:BUART:rx_parity_bit\, Duplicate of \UART:BUART:tx_ctrl_mark_last\ 
    MacroCell: Name=\UART:BUART:rx_parity_bit\, Mode=(T-Register)
        Total # of inputs        : 0
        Total # of product terms : 0
        List of special equations: 
            Clock  = (\UART:Net_9\) => Global
            Clock Enable: True
        Main Equation            : 0 pterms
        (
            0
        );
        Output = \UART:BUART:rx_parity_bit\ (fanout=0)

    Removing \UART:BUART:rx_address_detected\, Duplicate of \UART:BUART:tx_ctrl_mark_last\ 
    MacroCell: Name=\UART:BUART:rx_address_detected\, Mode=(T-Register)
        Total # of inputs        : 0
        Total # of product terms : 0
        List of special equations: 
            Clock  = (\UART:Net_9\) => Global
            Clock Enable: True
        Main Equation            : 0 pterms
        (
            0
        );
        Output = \UART:BUART:rx_address_detected\ (fanout=0)

    Removing \UART:BUART:rx_parity_error_pre\, Duplicate of \UART:BUART:tx_ctrl_mark_last\ 
    MacroCell: Name=\UART:BUART:rx_parity_error_pre\, Mode=(T-Register)
        Total # of inputs        : 0
        Total # of product terms : 0
        List of special equations: 
            Clock  = (\UART:Net_9\) => Global
            Clock Enable: True
        Main Equation            : 0 pterms
        (
            0
        );
        Output = \UART:BUART:rx_parity_error_pre\ (fanout=0)

    Removing \UART:BUART:rx_markspace_pre\, Duplicate of \UART:BUART:tx_ctrl_mark_last\ 
    MacroCell: Name=\UART:BUART:rx_markspace_pre\, Mode=(T-Register)
        Total # of inputs        : 0
        Total # of product terms : 0
        List of special equations: 
            Clock  = (\UART:Net_9\) => Global
            Clock Enable: True
        Main Equation            : 0 pterms
        (
            0
        );
        Output = \UART:BUART:rx_markspace_pre\ (fanout=0)

    Removing \UART:BUART:rx_state_1\, Duplicate of \UART:BUART:tx_ctrl_mark_last\ 
    MacroCell: Name=\UART:BUART:rx_state_1\, Mode=(T-Register)
        Total # of inputs        : 0
        Total # of product terms : 0
        List of special equations: 
            Clock  = (\UART:Net_9\) => Global
            Clock Enable: True
        Main Equation            : 0 pterms
        (
            0
        );
        Output = \UART:BUART:rx_state_1\ (fanout=8)

    Removing \UART:BUART:tx_parity_bit\, Duplicate of \UART:BUART:tx_ctrl_mark_last\ 
    MacroCell: Name=\UART:BUART:tx_parity_bit\, Mode=(T-Register)
        Total # of inputs        : 0
        Total # of product terms : 0
        List of special equations: 
            Clock  = (\UART:Net_9\) => Global
            Clock Enable: True
        Main Equation            : 0 pterms
        (
            0
        );
        Output = \UART:BUART:tx_parity_bit\ (fanout=0)

    Removing \UART:BUART:tx_mark\, Duplicate of \UART:BUART:tx_ctrl_mark_last\ 
    MacroCell: Name=\UART:BUART:tx_mark\, Mode=(T-Register)
        Total # of inputs        : 0
        Total # of product terms : 0
        List of special equations: 
            Clock  = (\UART:Net_9\) => Global
            Clock Enable: True
        Main Equation            : 0 pterms
        (
            0
        );
        Output = \UART:BUART:tx_mark\ (fanout=0)


Removing unused cells resulting from optimization
Done removing unused cells.
End removing duplicate macrocells: used 1 pass
</CYPRESSTAG>
<CYPRESSTAG name="Design Equations" icon="FILE_RPT_EQUATION">

------------------------------------------------------------
Design Equations
------------------------------------------------------------
    <CYPRESSTAG name="Pin listing">

    ------------------------------------------------------------
    Pin listing
    ------------------------------------------------------------

    Pin : Name = Rx_1(0)
        Attributes:
            In Group/Port: True
            In Sync Option: SYNC
            Out Sync Option: AUTO
            Interrupt generated: False
            Interrupt mode: NONE
            Drive mode: HI_Z_DIGITAL
            VTrip: CMOS
            Slew: FAST
            Input Sync needed: True
            Output Sync needed: False
            SC shield enabled: False
            POR State: ANY
            LCD Mode: COMMON
            Register Mode: RegComb
            CaSense Mode: NEITHER
            Treat as pin: True
            Is OE Registered: False
            Uses Analog: False
            Can contain Digital: True
            Is SIO: False
            SIO Output Buf: NONREGULATED
            SIO Input Buf: SINGLE_ENDED
            SIO HiFreq: LOW
            SIO Hyst: DISABLED
            SIO Vtrip: MULTIPLIER_0_5
            SIO Multiplier Index: 0
            SIO RefSel: VCC_IO
            Required Capabilities: DIGITAL, ROUTABLE
            Initial Value: 0
            IO Voltage: 0
        PORT MAP (
            pa_out => Rx_1(0)__PA ,
            fb => Net_1481 ,
            pad => Rx_1(0)_PAD );
        Properties:
        {
        }

    Pin : Name = MotorPWM(0)
        Attributes:
            In Group/Port: True
            In Sync Option: AUTO
            Out Sync Option: NOSYNC
            Interrupt generated: False
            Interrupt mode: NONE
            Drive mode: CMOS_OUT
            VTrip: EITHER
            Slew: FAST
            Input Sync needed: False
            Output Sync needed: False
            SC shield enabled: False
            POR State: ANY
            LCD Mode: COMMON
            Register Mode: RegComb
            CaSense Mode: NEITHER
            Treat as pin: True
            Is OE Registered: False
            Uses Analog: False
            Can contain Digital: True
            Is SIO: False
            SIO Output Buf: NONREGULATED
            SIO Input Buf: SINGLE_ENDED
            SIO HiFreq: LOW
            SIO Hyst: DISABLED
            SIO Vtrip: MULTIPLIER_0_5
            SIO Multiplier Index: 0
            SIO RefSel: VCC_IO
            Required Capabilities: DIGITAL, ROUTABLE
            Initial Value: 0
            IO Voltage: 0
        PORT MAP (
            pa_out => MotorPWM(0)__PA ,
            pin_input => Net_234 ,
            pad => MotorPWM(0)_PAD );

    Pin : Name = MotorCW(0)
        Attributes:
            In Group/Port: True
            In Sync Option: AUTO
            Out Sync Option: NOSYNC
            Interrupt generated: False
            Interrupt mode: NONE
            Drive mode: CMOS_OUT
            VTrip: EITHER
            Slew: FAST
            Input Sync needed: False
            Output Sync needed: False
            SC shield enabled: False
            POR State: ANY
            LCD Mode: COMMON
            Register Mode: RegComb
            CaSense Mode: NEITHER
            Treat as pin: True
            Is OE Registered: False
            Uses Analog: False
            Can contain Digital: True
            Is SIO: False
            SIO Output Buf: NONREGULATED
            SIO Input Buf: SINGLE_ENDED
            SIO HiFreq: LOW
            SIO Hyst: DISABLED
            SIO Vtrip: MULTIPLIER_0_5
            SIO Multiplier Index: 0
            SIO RefSel: VCC_IO
            Required Capabilities: DIGITAL, ROUTABLE
            Initial Value: 0
            IO Voltage: 0
        PORT MAP (
            pa_out => MotorCW(0)__PA ,
            pin_input => Net_303 ,
            pad => MotorCW(0)_PAD );

    Pin : Name = Tx_1(0)
        Attributes:
            In Group/Port: True
            In Sync Option: AUTO
            Out Sync Option: NOSYNC
            Interrupt generated: False
            Interrupt mode: NONE
            Drive mode: CMOS_OUT
            VTrip: EITHER
            Slew: FAST
            Input Sync needed: False
            Output Sync needed: False
            SC shield enabled: False
            POR State: ANY
            LCD Mode: COMMON
            Register Mode: RegComb
            CaSense Mode: NEITHER
            Treat as pin: True
            Is OE Registered: False
            Uses Analog: False
            Can contain Digital: True
            Is SIO: False
            SIO Output Buf: NONREGULATED
            SIO Input Buf: SINGLE_ENDED
            SIO HiFreq: LOW
            SIO Hyst: DISABLED
            SIO Vtrip: MULTIPLIER_0_5
            SIO Multiplier Index: 0
            SIO RefSel: VCC_IO
            Required Capabilities: DIGITAL, ROUTABLE
            Initial Value: 1
            IO Voltage: 0
        PORT MAP (
            pa_out => Tx_1(0)__PA ,
            pin_input => Net_1485 ,
            pad => Tx_1(0)_PAD );
        Properties:
        {
        }

    Pin : Name = Encoder(0)
        Attributes:
            In Group/Port: True
            In Sync Option: NOSYNC
            Out Sync Option: AUTO
            Interrupt generated: False
            Interrupt mode: NONE
            Drive mode: HI_Z_DIGITAL
            VTrip: CMOS
            Slew: FAST
            Input Sync needed: False
            Output Sync needed: False
            SC shield enabled: False
            POR State: ANY
            LCD Mode: COMMON
            Register Mode: RegComb
            CaSense Mode: NEITHER
            Treat as pin: False
            Is OE Registered: False
            Uses Analog: False
            Can contain Digital: True
            Is SIO: False
            SIO Output Buf: NONREGULATED
            SIO Input Buf: SINGLE_ENDED
            SIO HiFreq: LOW
            SIO Hyst: DISABLED
            SIO Vtrip: MULTIPLIER_0_5
            SIO Multiplier Index: 0
            SIO RefSel: VCC_IO
            Required Capabilities: DIGITAL, ROUTABLE
            Initial Value: 0
            IO Voltage: 0
        PORT MAP (
            pa_out => Encoder(0)__PA ,
            fb => Net_169 ,
            pad => Encoder(0)_PAD );

    Pin : Name = Encoder(1)
        Attributes:
            In Group/Port: True
            In Sync Option: NOSYNC
            Out Sync Option: AUTO
            Interrupt generated: False
            Interrupt mode: NONE
            Drive mode: HI_Z_DIGITAL
            VTrip: CMOS
            Slew: FAST
            Input Sync needed: False
            Output Sync needed: False
            SC shield enabled: False
            POR State: ANY
            LCD Mode: COMMON
            Register Mode: RegComb
            CaSense Mode: NEITHER
            Treat as pin: False
            Is OE Registered: False
            Uses Analog: False
            Can contain Digital: True
            Is SIO: False
            SIO Output Buf: NONREGULATED
            SIO Input Buf: SINGLE_ENDED
            SIO HiFreq: LOW
            SIO Hyst: DISABLED
            SIO Vtrip: MULTIPLIER_0_5
            SIO Multiplier Index: 0
            SIO RefSel: VCC_IO
            Required Capabilities: DIGITAL, ROUTABLE
            Initial Value: 0
            IO Voltage: 0
        PORT MAP (
            pa_out => Encoder(1)__PA ,
            fb => Net_170 ,
            pad => Encoder(1)_PAD );

    Pin : Name = MotorCCW(0)
        Attributes:
            In Group/Port: True
            In Sync Option: AUTO
            Out Sync Option: NOSYNC
            Interrupt generated: False
            Interrupt mode: NONE
            Drive mode: CMOS_OUT
            VTrip: EITHER
            Slew: FAST
            Input Sync needed: False
            Output Sync needed: False
            SC shield enabled: False
            POR State: ANY
            LCD Mode: COMMON
            Register Mode: RegComb
            CaSense Mode: NEITHER
            Treat as pin: True
            Is OE Registered: False
            Uses Analog: False
            Can contain Digital: True
            Is SIO: False
            SIO Output Buf: NONREGULATED
            SIO Input Buf: SINGLE_ENDED
            SIO HiFreq: LOW
            SIO Hyst: DISABLED
            SIO Vtrip: MULTIPLIER_0_5
            SIO Multiplier Index: 0
            SIO RefSel: VCC_IO
            Required Capabilities: DIGITAL, ROUTABLE
            Initial Value: 0
            IO Voltage: 0
        PORT MAP (
            pa_out => MotorCCW(0)__PA ,
            pin_input => Net_294 ,
            pad => MotorCCW(0)_PAD );

    Pin : Name = ServoA_Out(0)
        Attributes:
            In Group/Port: True
            In Sync Option: AUTO
            Out Sync Option: NOSYNC
            Interrupt generated: False
            Interrupt mode: NONE
            Drive mode: CMOS_OUT
            VTrip: EITHER
            Slew: FAST
            Input Sync needed: False
            Output Sync needed: False
            SC shield enabled: False
            POR State: ANY
            LCD Mode: COMMON
            Register Mode: RegComb
            CaSense Mode: NEITHER
            Treat as pin: True
            Is OE Registered: False
            Uses Analog: False
            Can contain Digital: True
            Is SIO: False
            SIO Output Buf: NONREGULATED
            SIO Input Buf: SINGLE_ENDED
            SIO HiFreq: LOW
            SIO Hyst: DISABLED
            SIO Vtrip: MULTIPLIER_0_5
            SIO Multiplier Index: 0
            SIO RefSel: VCC_IO
            Required Capabilities: DIGITAL, ROUTABLE
            Initial Value: 0
            IO Voltage: 0
        PORT MAP (
            pa_out => ServoA_Out(0)__PA ,
            pin_input => Net_1738 ,
            pad => ServoA_Out(0)_PAD );
        Properties:
        {
        }

    Pin : Name = ServoB_Out(0)
        Attributes:
            In Group/Port: True
            In Sync Option: AUTO
            Out Sync Option: NOSYNC
            Interrupt generated: False
            Interrupt mode: NONE
            Drive mode: CMOS_OUT
            VTrip: EITHER
            Slew: FAST
            Input Sync needed: False
            Output Sync needed: False
            SC shield enabled: False
            POR State: ANY
            LCD Mode: COMMON
            Register Mode: RegComb
            CaSense Mode: NEITHER
            Treat as pin: True
            Is OE Registered: False
            Uses Analog: False
            Can contain Digital: True
            Is SIO: False
            SIO Output Buf: NONREGULATED
            SIO Input Buf: SINGLE_ENDED
            SIO HiFreq: LOW
            SIO Hyst: DISABLED
            SIO Vtrip: MULTIPLIER_0_5
            SIO Multiplier Index: 0
            SIO RefSel: VCC_IO
            Required Capabilities: DIGITAL, ROUTABLE
            Initial Value: 0
            IO Voltage: 0
        PORT MAP (
            pa_out => ServoB_Out(0)__PA ,
            pin_input => Net_1715 ,
            pad => ServoB_Out(0)_PAD );

    Pin : Name = Pin_1(0)
        Attributes:
            In Group/Port: True
            In Sync Option: AUTO
            Out Sync Option: NOSYNC
            Interrupt generated: False
            Interrupt mode: NONE
            Drive mode: CMOS_OUT
            VTrip: EITHER
            Slew: FAST
            Input Sync needed: False
            Output Sync needed: False
            SC shield enabled: False
            POR State: ANY
            LCD Mode: COMMON
            Register Mode: RegComb
            CaSense Mode: NEITHER
            Treat as pin: True
            Is OE Registered: False
            Uses Analog: False
            Can contain Digital: True
            Is SIO: False
            SIO Output Buf: NONREGULATED
            SIO Input Buf: SINGLE_ENDED
            SIO HiFreq: LOW
            SIO Hyst: DISABLED
            SIO Vtrip: MULTIPLIER_0_5
            SIO Multiplier Index: 0
            SIO RefSel: VCC_IO
            Required Capabilities: DIGITAL, ROUTABLE
            Initial Value: 0
            IO Voltage: 0
        PORT MAP (
            pa_out => Pin_1(0)__PA ,
            pin_input => ServoPWM_1 ,
            pad => Pin_1(0)_PAD );
        Properties:
        {
        }

    Pin : Name = Pin_2(0)
        Attributes:
            In Group/Port: True
            In Sync Option: AUTO
            Out Sync Option: NOSYNC
            Interrupt generated: False
            Interrupt mode: NONE
            Drive mode: CMOS_OUT
            VTrip: EITHER
            Slew: FAST
            Input Sync needed: False
            Output Sync needed: False
            SC shield enabled: False
            POR State: ANY
            LCD Mode: COMMON
            Register Mode: RegComb
            CaSense Mode: NEITHER
            Treat as pin: True
            Is OE Registered: False
            Uses Analog: False
            Can contain Digital: True
            Is SIO: False
            SIO Output Buf: NONREGULATED
            SIO Input Buf: SINGLE_ENDED
            SIO HiFreq: LOW
            SIO Hyst: DISABLED
            SIO Vtrip: MULTIPLIER_0_5
            SIO Multiplier Index: 0
            SIO RefSel: VCC_IO
            Required Capabilities: DIGITAL, ROUTABLE
            Initial Value: 0
            IO Voltage: 0
        PORT MAP (
            pa_out => Pin_2(0)__PA ,
            pin_input => ServoPWM_2 ,
            pad => Pin_2(0)_PAD );
        Properties:
        {
        }

    Pin : Name = Pin_3(0)
        Attributes:
            In Group/Port: True
            In Sync Option: AUTO
            Out Sync Option: NOSYNC
            Interrupt generated: False
            Interrupt mode: NONE
            Drive mode: CMOS_OUT
            VTrip: EITHER
            Slew: FAST
            Input Sync needed: False
            Output Sync needed: False
            SC shield enabled: False
            POR State: ANY
            LCD Mode: COMMON
            Register Mode: RegComb
            CaSense Mode: NEITHER
            Treat as pin: True
            Is OE Registered: False
            Uses Analog: False
            Can contain Digital: True
            Is SIO: False
            SIO Output Buf: NONREGULATED
            SIO Input Buf: SINGLE_ENDED
            SIO HiFreq: LOW
            SIO Hyst: DISABLED
            SIO Vtrip: MULTIPLIER_0_5
            SIO Multiplier Index: 0
            SIO RefSel: VCC_IO
            Required Capabilities: DIGITAL, ROUTABLE
            Initial Value: 0
            IO Voltage: 0
        PORT MAP (
            pa_out => Pin_3(0)__PA ,
            pin_input => ServoPWM_A ,
            pad => Pin_3(0)_PAD );
        Properties:
        {
        }
    </CYPRESSTAG>
    <CYPRESSTAG name="Macrocell listing" icon="FILE_RPT_EQUATION">

    ------------------------------------------------------------
    Macrocell listing
    ------------------------------------------------------------

    MacroCell: Name=\MotorA_QuadDec:Net_1203_split\, Mode=(Combinatorial)
        Total # of inputs        : 7
        Total # of product terms : 8
            Clock Enable: True
        Main Equation            : 8 pterms
        (
              !\MotorA_QuadDec:Net_1260\ * \MotorA_QuadDec:Net_1203\ * 
              \MotorA_QuadDec:bQuadDec:error\ * 
              !\MotorA_QuadDec:bQuadDec:state_1\ * 
              !\MotorA_QuadDec:bQuadDec:state_0\
            + !\MotorA_QuadDec:Net_1260\ * 
              !\MotorA_QuadDec:bQuadDec:quad_A_filt\ * 
              !\MotorA_QuadDec:bQuadDec:quad_B_filt\ * 
              !\MotorA_QuadDec:bQuadDec:error\ * 
              !\MotorA_QuadDec:bQuadDec:state_1\ * 
              \MotorA_QuadDec:bQuadDec:state_0\
            + !\MotorA_QuadDec:Net_1260\ * 
              !\MotorA_QuadDec:bQuadDec:quad_A_filt\ * 
              !\MotorA_QuadDec:bQuadDec:quad_B_filt\ * 
              !\MotorA_QuadDec:bQuadDec:error\ * 
              \MotorA_QuadDec:bQuadDec:state_1\ * 
              !\MotorA_QuadDec:bQuadDec:state_0\
            + !\MotorA_QuadDec:Net_1260\ * 
              !\MotorA_QuadDec:bQuadDec:quad_A_filt\ * 
              \MotorA_QuadDec:bQuadDec:quad_B_filt\ * 
              !\MotorA_QuadDec:bQuadDec:error\ * 
              \MotorA_QuadDec:bQuadDec:state_1\ * 
              \MotorA_QuadDec:bQuadDec:state_0\
            + !\MotorA_QuadDec:Net_1260\ * 
              \MotorA_QuadDec:bQuadDec:quad_A_filt\ * 
              !\MotorA_QuadDec:bQuadDec:quad_B_filt\ * 
              !\MotorA_QuadDec:bQuadDec:error\ * 
              \MotorA_QuadDec:bQuadDec:state_1\ * 
              \MotorA_QuadDec:bQuadDec:state_0\
            + !\MotorA_QuadDec:Net_1260\ * 
              \MotorA_QuadDec:bQuadDec:quad_A_filt\ * 
              \MotorA_QuadDec:bQuadDec:quad_B_filt\ * 
              !\MotorA_QuadDec:bQuadDec:error\ * 
              !\MotorA_QuadDec:bQuadDec:state_1\ * 
              \MotorA_QuadDec:bQuadDec:state_0\
            + !\MotorA_QuadDec:Net_1260\ * 
              \MotorA_QuadDec:bQuadDec:quad_A_filt\ * 
              \MotorA_QuadDec:bQuadDec:quad_B_filt\ * 
              !\MotorA_QuadDec:bQuadDec:error\ * 
              \MotorA_QuadDec:bQuadDec:state_1\ * 
              !\MotorA_QuadDec:bQuadDec:state_0\
            + \MotorA_QuadDec:bQuadDec:quad_A_filt\ * 
              !\MotorA_QuadDec:bQuadDec:quad_B_filt\ * 
              !\MotorA_QuadDec:bQuadDec:error\ * 
              !\MotorA_QuadDec:bQuadDec:state_1\ * 
              !\MotorA_QuadDec:bQuadDec:state_0\
        );
        Output = \MotorA_QuadDec:Net_1203_split\ (fanout=1)

    MacroCell: Name=Net_1485, Mode=(Combinatorial)
        Total # of inputs        : 1
        Total # of product terms : 1
            Clock Enable: True
        Main Equation            : 1 pterm
        (
              !\UART:BUART:txn\
        );
        Output = Net_1485 (fanout=1)

    MacroCell: Name=\UART:BUART:counter_load_not\, Mode=(Combinatorial)
        Total # of inputs        : 4
        Total # of product terms : 2
            Clock Enable: True
        Main Equation            : 2 pterms
        !(
              !\UART:BUART:tx_state_1\ * !\UART:BUART:tx_state_0\ * 
              \UART:BUART:tx_bitclk_enable_pre\
            + !\UART:BUART:tx_state_1\ * !\UART:BUART:tx_state_0\ * 
              !\UART:BUART:tx_state_2\
        );
        Output = \UART:BUART:counter_load_not\ (fanout=1)

    MacroCell: Name=\UART:BUART:tx_status_0\, Mode=(Combinatorial)
        Total # of inputs        : 5
        Total # of product terms : 1
            Clock Enable: True
        Main Equation            : 1 pterm
        (
              !\UART:BUART:tx_state_1\ * !\UART:BUART:tx_state_0\ * 
              \UART:BUART:tx_bitclk_enable_pre\ * \UART:BUART:tx_fifo_empty\ * 
              \UART:BUART:tx_state_2\
        );
        Output = \UART:BUART:tx_status_0\ (fanout=1)

    MacroCell: Name=\UART:BUART:tx_status_2\, Mode=(Combinatorial)
        Total # of inputs        : 1
        Total # of product terms : 1
            Clock Enable: True
        Main Equation            : 1 pterm
        (
              !\UART:BUART:tx_fifo_notfull\
        );
        Output = \UART:BUART:tx_status_2\ (fanout=1)

    MacroCell: Name=\UART:BUART:rx_counter_load\, Mode=(Combinatorial)
        Total # of inputs        : 4
        Total # of product terms : 1
            Clock Enable: True
        Main Equation            : 1 pterm
        (
              !\UART:BUART:tx_ctrl_mark_last\ * !\UART:BUART:rx_state_0\ * 
              !\UART:BUART:rx_state_3\ * !\UART:BUART:rx_state_2\
        );
        Output = \UART:BUART:rx_counter_load\ (fanout=1)

    MacroCell: Name=\UART:BUART:rx_postpoll\, Mode=(Combinatorial)
        Total # of inputs        : 3
        Total # of product terms : 2
            Clock Enable: True
        Main Equation            : 2 pterms
        (
              Net_1481 * \UART:BUART:pollcount_0\
            + \UART:BUART:pollcount_1\
        );
        Output = \UART:BUART:rx_postpoll\ (fanout=1)

    MacroCell: Name=\UART:BUART:rx_status_4\, Mode=(Combinatorial)
        Total # of inputs        : 2
        Total # of product terms : 1
            Clock Enable: True
        Main Equation            : 1 pterm
        (
              \UART:BUART:rx_load_fifo\ * \UART:BUART:rx_fifofull\
        );
        Output = \UART:BUART:rx_status_4\ (fanout=1)

    MacroCell: Name=\UART:BUART:rx_status_5\, Mode=(Combinatorial)
        Total # of inputs        : 2
        Total # of product terms : 1
            Clock Enable: True
        Main Equation            : 1 pterm
        (
              \UART:BUART:rx_fifonotempty\ * \UART:BUART:rx_state_stop1_reg\
        );
        Output = \UART:BUART:rx_status_5\ (fanout=1)

    MacroCell: Name=\MotorA_PWM:PWMUDB:status_2\, Mode=(Combinatorial)
        Total # of inputs        : 2
        Total # of product terms : 1
            Clock Enable: True
        Main Equation            : 1 pterm
        (
              \MotorA_PWM:PWMUDB:runmode_enable\ * \MotorA_PWM:PWMUDB:tc_i\
        );
        Output = \MotorA_PWM:PWMUDB:status_2\ (fanout=1)

    MacroCell: Name=\MotorA_QuadDec:Cnt16:CounterUDB:reload\, Mode=(Combinatorial)
        Total # of inputs        : 3
        Total # of product terms : 1
            Clock Enable: True
        Main Equation            : 1 pterm
        !(
              !\MotorA_QuadDec:Net_1260\ * 
              !\MotorA_QuadDec:Cnt16:CounterUDB:status_1\ * 
              !\MotorA_QuadDec:Cnt16:CounterUDB:overflow\
        );
        Output = \MotorA_QuadDec:Cnt16:CounterUDB:reload\ (fanout=2)

    MacroCell: Name=\MotorA_QuadDec:Cnt16:CounterUDB:status_0\, Mode=(Combinatorial)
        Total # of inputs        : 2
        Total # of product terms : 1
            Clock Enable: True
        Main Equation            : 1 pterm
        (
              \MotorA_QuadDec:Cnt16:CounterUDB:cmp_out_i\ * 
              !\MotorA_QuadDec:Cnt16:CounterUDB:prevCompare\
        );
        Output = \MotorA_QuadDec:Cnt16:CounterUDB:status_0\ (fanout=1)

    MacroCell: Name=\MotorA_QuadDec:Cnt16:CounterUDB:status_2\, Mode=(Combinatorial)
        Total # of inputs        : 2
        Total # of product terms : 1
            Clock Enable: True
        Main Equation            : 1 pterm
        (
              \MotorA_QuadDec:Cnt16:CounterUDB:overflow\ * 
              !\MotorA_QuadDec:Cnt16:CounterUDB:overflow_reg_i\
        );
        Output = \MotorA_QuadDec:Cnt16:CounterUDB:status_2\ (fanout=1)

    MacroCell: Name=\MotorA_QuadDec:Cnt16:CounterUDB:status_3\, Mode=(Combinatorial)
        Total # of inputs        : 2
        Total # of product terms : 1
            Clock Enable: True
        Main Equation            : 1 pterm
        (
              \MotorA_QuadDec:Cnt16:CounterUDB:status_1\ * 
              !\MotorA_QuadDec:Cnt16:CounterUDB:underflow_reg_i\
        );
        Output = \MotorA_QuadDec:Cnt16:CounterUDB:status_3\ (fanout=1)

    MacroCell: Name=\MotorA_QuadDec:Cnt16:CounterUDB:count_enable\, Mode=(Combinatorial)
        Total # of inputs        : 3
        Total # of product terms : 1
            Clock Enable: True
        Main Equation            : 1 pterm
        (
              \MotorA_QuadDec:Cnt16:CounterUDB:control_7\ * 
              !\MotorA_QuadDec:Cnt16:CounterUDB:count_stored_i\ * 
              \MotorA_QuadDec:Net_1203\
        );
        Output = \MotorA_QuadDec:Cnt16:CounterUDB:count_enable\ (fanout=2)

    MacroCell: Name=\MotorA_QuadDec:Net_530\, Mode=(Combinatorial)
        Total # of inputs        : 3
        Total # of product terms : 1
            Clock Enable: True
        Main Equation            : 1 pterm
        (
              \MotorA_QuadDec:Net_1275\ * \MotorA_QuadDec:Net_1251\ * 
              !\MotorA_QuadDec:Cnt16:CounterUDB:prevCompare\
        );
        Output = \MotorA_QuadDec:Net_530\ (fanout=1)

    MacroCell: Name=\MotorA_QuadDec:Net_611\, Mode=(Combinatorial)
        Total # of inputs        : 3
        Total # of product terms : 1
            Clock Enable: True
        Main Equation            : 1 pterm
        (
              \MotorA_QuadDec:Net_1275\ * !\MotorA_QuadDec:Net_1251\ * 
              !\MotorA_QuadDec:Cnt16:CounterUDB:prevCompare\
        );
        Output = \MotorA_QuadDec:Net_611\ (fanout=1)

    MacroCell: Name=Net_294, Mode=(Combinatorial)
        Total # of inputs        : 1
        Total # of product terms : 1
            Clock Enable: True
        Main Equation            : 1 pterm
        (
              !Net_303
        );
        Output = Net_294 (fanout=1)

    MacroCell: Name=\ServoAB:PWMUDB:status_2\, Mode=(Combinatorial)
        Total # of inputs        : 2
        Total # of product terms : 1
            Clock Enable: True
        Main Equation            : 1 pterm
        (
              \ServoAB:PWMUDB:runmode_enable\ * \ServoAB:PWMUDB:tc_i\
        );
        Output = \ServoAB:PWMUDB:status_2\ (fanout=1)

    MacroCell: Name=Net_1715, Mode=(Combinatorial)
        Total # of inputs        : 2
        Total # of product terms : 1
            Clock Enable: True
        Main Equation            : 1 pterm
        (
              ServoPWM_B * ServoPWM_1
        );
        Output = Net_1715 (fanout=1)

    MacroCell: Name=\Servo_PWM:PWMUDB:status_2\, Mode=(Combinatorial)
        Total # of inputs        : 2
        Total # of product terms : 1
            Clock Enable: True
        Main Equation            : 1 pterm
        (
              \Servo_PWM:PWMUDB:runmode_enable\ * \Servo_PWM:PWMUDB:tc_i\
        );
        Output = \Servo_PWM:PWMUDB:status_2\ (fanout=1)

    MacroCell: Name=__ZERO__, Mode=(Combinatorial)
        Total # of inputs        : 0
        Total # of product terms : 0
            Clock Enable: True
        Main Equation            : 0 pterms
        (
            0
        );
        Output = __ZERO__ (fanout=1)

    MacroCell: Name=\MotorA_QuadDec:bQuadDec:quad_A_delayed_0\, Mode=(D-Register)
        Total # of inputs        : 1
        Total # of product terms : 1
        List of special equations: 
            Clock  = (ClockBlock_BUS_CLK) => Global
            Clock Enable: True
        Main Equation            : 1 pterm
        (
              Net_169
        );
        Output = \MotorA_QuadDec:bQuadDec:quad_A_delayed_0\ (fanout=2)

    MacroCell: Name=\MotorA_QuadDec:bQuadDec:quad_A_delayed_1\, Mode=(D-Register)
        Total # of inputs        : 1
        Total # of product terms : 1
        List of special equations: 
            Clock  = (ClockBlock_BUS_CLK) => Global
            Clock Enable: True
        Main Equation            : 1 pterm
        (
              \MotorA_QuadDec:bQuadDec:quad_A_delayed_0\
        );
        Output = \MotorA_QuadDec:bQuadDec:quad_A_delayed_1\ (fanout=2)

    MacroCell: Name=\MotorA_QuadDec:bQuadDec:quad_A_delayed_2\, Mode=(D-Register)
        Total # of inputs        : 1
        Total # of product terms : 1
        List of special equations: 
            Clock  = (ClockBlock_BUS_CLK) => Global
            Clock Enable: True
        Main Equation            : 1 pterm
        (
              \MotorA_QuadDec:bQuadDec:quad_A_delayed_1\
        );
        Output = \MotorA_QuadDec:bQuadDec:quad_A_delayed_2\ (fanout=1)

    MacroCell: Name=\MotorA_QuadDec:bQuadDec:quad_B_delayed_0\, Mode=(D-Register)
        Total # of inputs        : 1
        Total # of product terms : 1
        List of special equations: 
            Clock  = (ClockBlock_BUS_CLK) => Global
            Clock Enable: True
        Main Equation            : 1 pterm
        (
              Net_170
        );
        Output = \MotorA_QuadDec:bQuadDec:quad_B_delayed_0\ (fanout=2)

    MacroCell: Name=\MotorA_QuadDec:bQuadDec:quad_B_delayed_1\, Mode=(D-Register)
        Total # of inputs        : 1
        Total # of product terms : 1
        List of special equations: 
            Clock  = (ClockBlock_BUS_CLK) => Global
            Clock Enable: True
        Main Equation            : 1 pterm
        (
              \MotorA_QuadDec:bQuadDec:quad_B_delayed_0\
        );
        Output = \MotorA_QuadDec:bQuadDec:quad_B_delayed_1\ (fanout=2)

    MacroCell: Name=\MotorA_QuadDec:bQuadDec:quad_B_delayed_2\, Mode=(D-Register)
        Total # of inputs        : 1
        Total # of product terms : 1
        List of special equations: 
            Clock  = (ClockBlock_BUS_CLK) => Global
            Clock Enable: True
        Main Equation            : 1 pterm
        (
              \MotorA_QuadDec:bQuadDec:quad_B_delayed_1\
        );
        Output = \MotorA_QuadDec:bQuadDec:quad_B_delayed_2\ (fanout=1)

    MacroCell: Name=\UART:BUART:txn\, Mode=(D-Register)
        Total # of inputs        : 7
        Total # of product terms : 5
        List of special equations: 
            Clock  = (\UART:Net_9\) => Global
            Clock Enable: True
        Main Equation            : 5 pterms
        (
              \UART:BUART:txn\ * \UART:BUART:tx_state_1\ * 
              !\UART:BUART:tx_bitclk\
            + \UART:BUART:txn\ * \UART:BUART:tx_state_2\
            + !\UART:BUART:tx_state_1\ * \UART:BUART:tx_state_0\ * 
              !\UART:BUART:tx_shift_out\ * !\UART:BUART:tx_state_2\
            + !\UART:BUART:tx_state_1\ * \UART:BUART:tx_state_0\ * 
              !\UART:BUART:tx_state_2\ * !\UART:BUART:tx_bitclk\
            + \UART:BUART:tx_state_1\ * !\UART:BUART:tx_state_0\ * 
              !\UART:BUART:tx_shift_out\ * !\UART:BUART:tx_state_2\ * 
              !\UART:BUART:tx_counter_dp\ * \UART:BUART:tx_bitclk\
        );
        Output = \UART:BUART:txn\ (fanout=2)

    MacroCell: Name=\UART:BUART:tx_state_1\, Mode=(T-Register)
        Total # of inputs        : 6
        Total # of product terms : 3
        List of special equations: 
            Clock  = (\UART:Net_9\) => Global
            Clock Enable: True
        Main Equation            : 3 pterms
        (
              \UART:BUART:tx_state_1\ * \UART:BUART:tx_state_0\ * 
              \UART:BUART:tx_bitclk_enable_pre\ * \UART:BUART:tx_state_2\
            + \UART:BUART:tx_state_1\ * !\UART:BUART:tx_state_2\ * 
              \UART:BUART:tx_counter_dp\ * \UART:BUART:tx_bitclk\
            + \UART:BUART:tx_state_0\ * !\UART:BUART:tx_state_2\ * 
              \UART:BUART:tx_bitclk\
        );
        Output = \UART:BUART:tx_state_1\ (fanout=8)

    MacroCell: Name=\UART:BUART:tx_state_0\, Mode=(T-Register)
        Total # of inputs        : 6
        Total # of product terms : 4
        List of special equations: 
            Clock  = (\UART:Net_9\) => Global
            Clock Enable: True
        Main Equation            : 4 pterms
        (
              !\UART:BUART:tx_state_1\ * !\UART:BUART:tx_state_0\ * 
              \UART:BUART:tx_bitclk_enable_pre\ * !\UART:BUART:tx_fifo_empty\
            + !\UART:BUART:tx_state_1\ * !\UART:BUART:tx_state_0\ * 
              !\UART:BUART:tx_fifo_empty\ * !\UART:BUART:tx_state_2\
            + \UART:BUART:tx_state_1\ * \UART:BUART:tx_state_0\ * 
              \UART:BUART:tx_bitclk_enable_pre\ * \UART:BUART:tx_fifo_empty\ * 
              \UART:BUART:tx_state_2\
            + \UART:BUART:tx_state_0\ * !\UART:BUART:tx_state_2\ * 
              \UART:BUART:tx_bitclk\
        );
        Output = \UART:BUART:tx_state_0\ (fanout=8)

    MacroCell: Name=\UART:BUART:tx_state_2\, Mode=(T-Register)
        Total # of inputs        : 6
        Total # of product terms : 4
        List of special equations: 
            Clock  = (\UART:Net_9\) => Global
            Clock Enable: True
        Main Equation            : 4 pterms
        (
              !\UART:BUART:tx_state_1\ * !\UART:BUART:tx_state_0\ * 
              \UART:BUART:tx_bitclk_enable_pre\ * \UART:BUART:tx_state_2\
            + \UART:BUART:tx_state_1\ * \UART:BUART:tx_state_0\ * 
              \UART:BUART:tx_bitclk_enable_pre\ * \UART:BUART:tx_state_2\
            + \UART:BUART:tx_state_1\ * \UART:BUART:tx_state_0\ * 
              !\UART:BUART:tx_state_2\ * \UART:BUART:tx_bitclk\
            + \UART:BUART:tx_state_1\ * !\UART:BUART:tx_state_2\ * 
              \UART:BUART:tx_counter_dp\ * \UART:BUART:tx_bitclk\
        );
        Output = \UART:BUART:tx_state_2\ (fanout=7)

    MacroCell: Name=\UART:BUART:tx_bitclk\, Mode=(D-Register)
        Total # of inputs        : 4
        Total # of product terms : 2
        List of special equations: 
            Clock  = (\UART:Net_9\) => Global
            Clock Enable: True
        Main Equation            : 2 pterms
        !(
              !\UART:BUART:tx_state_1\ * !\UART:BUART:tx_state_0\ * 
              \UART:BUART:tx_state_2\
            + !\UART:BUART:tx_bitclk_enable_pre\
        );
        Output = \UART:BUART:tx_bitclk\ (fanout=4)

    MacroCell: Name=\UART:BUART:tx_ctrl_mark_last\, Mode=(T-Register)
        Total # of inputs        : 0
        Total # of product terms : 0
        List of special equations: 
            Clock  = (\UART:Net_9\) => Global
            Clock Enable: True
        Main Equation            : 0 pterms
        (
            0
        );
        Output = \UART:BUART:tx_ctrl_mark_last\ (fanout=8)

    MacroCell: Name=\UART:BUART:rx_state_0\, Mode=(T-Register)
        Total # of inputs        : 11
        Total # of product terms : 4
        List of special equations: 
            Clock  = (\UART:Net_9\) => Global
            Clock Enable: True
        Main Equation            : 4 pterms
        (
              !Net_1481 * !\UART:BUART:tx_ctrl_mark_last\ * 
              !\UART:BUART:rx_state_0\ * \UART:BUART:rx_bitclk_enable\ * 
              !\UART:BUART:rx_state_3\ * \UART:BUART:rx_state_2\ * 
              !\UART:BUART:pollcount_1\
            + !\UART:BUART:tx_ctrl_mark_last\ * !\UART:BUART:rx_state_0\ * 
              \UART:BUART:rx_bitclk_enable\ * !\UART:BUART:rx_state_3\ * 
              \UART:BUART:rx_state_2\ * !\UART:BUART:pollcount_1\ * 
              !\UART:BUART:pollcount_0\
            + !\UART:BUART:tx_ctrl_mark_last\ * \UART:BUART:rx_state_0\ * 
              !\UART:BUART:rx_state_3\ * !\UART:BUART:rx_state_2\ * 
              !\UART:BUART:rx_count_6\ * !\UART:BUART:rx_count_5\
            + !\UART:BUART:tx_ctrl_mark_last\ * \UART:BUART:rx_state_0\ * 
              !\UART:BUART:rx_state_3\ * !\UART:BUART:rx_state_2\ * 
              !\UART:BUART:rx_count_6\ * !\UART:BUART:rx_count_4\
        );
        Output = \UART:BUART:rx_state_0\ (fanout=8)

    MacroCell: Name=\UART:BUART:rx_load_fifo\, Mode=(D-Register)
        Total # of inputs        : 8
        Total # of product terms : 3
        List of special equations: 
            Clock  = (\UART:Net_9\) => Global
            Clock Enable: True
        Main Equation            : 3 pterms
        (
              !\UART:BUART:tx_ctrl_mark_last\ * !\UART:BUART:rx_state_0\ * 
              \UART:BUART:rx_bitclk_enable\ * \UART:BUART:rx_state_3\ * 
              !\UART:BUART:rx_state_2\
            + !\UART:BUART:tx_ctrl_mark_last\ * \UART:BUART:rx_state_0\ * 
              !\UART:BUART:rx_state_3\ * !\UART:BUART:rx_state_2\ * 
              !\UART:BUART:rx_count_6\ * !\UART:BUART:rx_count_5\
            + !\UART:BUART:tx_ctrl_mark_last\ * \UART:BUART:rx_state_0\ * 
              !\UART:BUART:rx_state_3\ * !\UART:BUART:rx_state_2\ * 
              !\UART:BUART:rx_count_6\ * !\UART:BUART:rx_count_4\
        );
        Output = \UART:BUART:rx_load_fifo\ (fanout=2)

    MacroCell: Name=\UART:BUART:rx_state_3\, Mode=(T-Register)
        Total # of inputs        : 8
        Total # of product terms : 3
        List of special equations: 
            Clock  = (\UART:Net_9\) => Global
            Clock Enable: True
        Main Equation            : 3 pterms
        (
              !\UART:BUART:tx_ctrl_mark_last\ * !\UART:BUART:rx_state_0\ * 
              \UART:BUART:rx_bitclk_enable\ * \UART:BUART:rx_state_3\ * 
              \UART:BUART:rx_state_2\
            + !\UART:BUART:tx_ctrl_mark_last\ * \UART:BUART:rx_state_0\ * 
              !\UART:BUART:rx_state_3\ * !\UART:BUART:rx_state_2\ * 
              !\UART:BUART:rx_count_6\ * !\UART:BUART:rx_count_5\
            + !\UART:BUART:tx_ctrl_mark_last\ * \UART:BUART:rx_state_0\ * 
              !\UART:BUART:rx_state_3\ * !\UART:BUART:rx_state_2\ * 
              !\UART:BUART:rx_count_6\ * !\UART:BUART:rx_count_4\
        );
        Output = \UART:BUART:rx_state_3\ (fanout=7)

    MacroCell: Name=\UART:BUART:rx_state_2\, Mode=(T-Register)
        Total # of inputs        : 10
        Total # of product terms : 5
        List of special equations: 
            Clock  = (\UART:Net_9\) => Global
            Clock Enable: True
        Main Equation            : 5 pterms
        (
              !Net_1481 * !\UART:BUART:tx_ctrl_mark_last\ * 
              !\UART:BUART:rx_state_0\ * !\UART:BUART:rx_state_3\ * 
              !\UART:BUART:rx_state_2\ * \UART:BUART:rx_last\
            + !\UART:BUART:tx_ctrl_mark_last\ * !\UART:BUART:rx_state_0\ * 
              \UART:BUART:rx_bitclk_enable\ * \UART:BUART:rx_state_3\
            + !\UART:BUART:tx_ctrl_mark_last\ * !\UART:BUART:rx_state_0\ * 
              \UART:BUART:rx_bitclk_enable\ * \UART:BUART:rx_state_2\
            + !\UART:BUART:tx_ctrl_mark_last\ * \UART:BUART:rx_state_0\ * 
              !\UART:BUART:rx_state_3\ * !\UART:BUART:rx_state_2\ * 
              !\UART:BUART:rx_count_6\ * !\UART:BUART:rx_count_5\
            + !\UART:BUART:tx_ctrl_mark_last\ * \UART:BUART:rx_state_0\ * 
              !\UART:BUART:rx_state_3\ * !\UART:BUART:rx_state_2\ * 
              !\UART:BUART:rx_count_6\ * !\UART:BUART:rx_count_4\
        );
        Output = \UART:BUART:rx_state_2\ (fanout=7)

    MacroCell: Name=\UART:BUART:rx_bitclk_enable\, Mode=(D-Register)
        Total # of inputs        : 3
        Total # of product terms : 1
        List of special equations: 
            Clock  = (\UART:Net_9\) => Global
            Clock Enable: True
        Main Equation            : 1 pterm
        (
              !\UART:BUART:rx_count_2\ * !\UART:BUART:rx_count_1\ * 
              !\UART:BUART:rx_count_0\
        );
        Output = \UART:BUART:rx_bitclk_enable\ (fanout=6)

    MacroCell: Name=\UART:BUART:rx_state_stop1_reg\, Mode=(D-Register)
        Total # of inputs        : 4
        Total # of product terms : 1
        List of special equations: 
            Clock  = (\UART:Net_9\) => Global
            Clock Enable: True
        Main Equation            : 1 pterm
        !(
              !\UART:BUART:tx_ctrl_mark_last\ * !\UART:BUART:rx_state_0\ * 
              \UART:BUART:rx_state_3\ * \UART:BUART:rx_state_2\
        );
        Output = \UART:BUART:rx_state_stop1_reg\ (fanout=1)

    MacroCell: Name=\UART:BUART:pollcount_1\, Mode=(D-Register)
        Total # of inputs        : 5
        Total # of product terms : 3
        List of special equations: 
            Clock  = (\UART:Net_9\) => Global
            Clock Enable: True
        Main Equation            : 3 pterms
        (
              !Net_1481 * !\UART:BUART:rx_count_2\ * !\UART:BUART:rx_count_1\ * 
              \UART:BUART:pollcount_1\
            + Net_1481 * !\UART:BUART:rx_count_2\ * !\UART:BUART:rx_count_1\ * 
              !\UART:BUART:pollcount_1\ * \UART:BUART:pollcount_0\
            + !\UART:BUART:rx_count_2\ * !\UART:BUART:rx_count_1\ * 
              \UART:BUART:pollcount_1\ * !\UART:BUART:pollcount_0\
        );
        Output = \UART:BUART:pollcount_1\ (fanout=4)

    MacroCell: Name=\UART:BUART:pollcount_0\, Mode=(D-Register)
        Total # of inputs        : 4
        Total # of product terms : 2
        List of special equations: 
            Clock  = (\UART:Net_9\) => Global
            Clock Enable: True
        Main Equation            : 2 pterms
        (
              !Net_1481 * !\UART:BUART:rx_count_2\ * !\UART:BUART:rx_count_1\ * 
              \UART:BUART:pollcount_0\
            + Net_1481 * !\UART:BUART:rx_count_2\ * !\UART:BUART:rx_count_1\ * 
              !\UART:BUART:pollcount_0\
        );
        Output = \UART:BUART:pollcount_0\ (fanout=5)

    MacroCell: Name=\UART:BUART:rx_status_3\, Mode=(D-Register)
        Total # of inputs        : 8
        Total # of product terms : 2
        List of special equations: 
            Clock  = (\UART:Net_9\) => Global
            Clock Enable: True
        Main Equation            : 2 pterms
        (
              !Net_1481 * !\UART:BUART:tx_ctrl_mark_last\ * 
              !\UART:BUART:rx_state_0\ * \UART:BUART:rx_bitclk_enable\ * 
              \UART:BUART:rx_state_3\ * \UART:BUART:rx_state_2\ * 
              !\UART:BUART:pollcount_1\
            + !\UART:BUART:tx_ctrl_mark_last\ * !\UART:BUART:rx_state_0\ * 
              \UART:BUART:rx_bitclk_enable\ * \UART:BUART:rx_state_3\ * 
              \UART:BUART:rx_state_2\ * !\UART:BUART:pollcount_1\ * 
              !\UART:BUART:pollcount_0\
        );
        Output = \UART:BUART:rx_status_3\ (fanout=1)

    MacroCell: Name=\UART:BUART:rx_last\, Mode=(D-Register)
        Total # of inputs        : 1
        Total # of product terms : 1
        List of special equations: 
            Clock  = (\UART:Net_9\) => Global
            Clock Enable: True
        Main Equation            : 1 pterm
        (
              Net_1481
        );
        Output = \UART:BUART:rx_last\ (fanout=1)

    MacroCell: Name=\MotorA_PWM:PWMUDB:runmode_enable\, Mode=(D-Register)
        Total # of inputs        : 1
        Total # of product terms : 1
        List of special equations: 
            Clock  = (ClockBlock_BUS_CLK) => Global
            Clock Enable: True
        Main Equation            : 1 pterm
        (
              \MotorA_PWM:PWMUDB:control_7\
        );
        Output = \MotorA_PWM:PWMUDB:runmode_enable\ (fanout=4)

    MacroCell: Name=\MotorA_PWM:PWMUDB:prevCompare1\, Mode=(D-Register)
        Total # of inputs        : 1
        Total # of product terms : 1
        List of special equations: 
            Clock  = (ClockBlock_BUS_CLK) => Global
            Clock Enable: True
        Main Equation            : 1 pterm
        (
              \MotorA_PWM:PWMUDB:cmp1_less\
        );
        Output = \MotorA_PWM:PWMUDB:prevCompare1\ (fanout=1)

    MacroCell: Name=\MotorA_PWM:PWMUDB:status_0\, Mode=(D-Register)
        Total # of inputs        : 2
        Total # of product terms : 1
        List of special equations: 
            Clock  = (ClockBlock_BUS_CLK) => Global
            Clock Enable: True
        Main Equation            : 1 pterm
        (
              !\MotorA_PWM:PWMUDB:prevCompare1\ * 
              \MotorA_PWM:PWMUDB:cmp1_less\
        );
        Output = \MotorA_PWM:PWMUDB:status_0\ (fanout=1)

    MacroCell: Name=Net_234, Mode=(D-Register)
        Total # of inputs        : 2
        Total # of product terms : 1
        List of special equations: 
            Clock  = (ClockBlock_BUS_CLK) => Global
            Clock Enable: True
        Main Equation            : 1 pterm
        (
              \MotorA_PWM:PWMUDB:runmode_enable\ * 
              \MotorA_PWM:PWMUDB:cmp1_less\
        );
        Output = Net_234 (fanout=1)

    MacroCell: Name=\MotorA_QuadDec:Net_1251\, Mode=(D-Register)
        Total # of inputs        : 8
        Total # of product terms : 4
        List of special equations: 
            Clock  = (ClockBlock_BUS_CLK) => Global
            Clock Enable: True
        Main Equation            : 4 pterms
        (
              \MotorA_QuadDec:Net_1251\ * !\MotorA_QuadDec:Net_1260\ * 
              !\MotorA_QuadDec:bQuadDec:quad_A_filt\ * 
              !\MotorA_QuadDec:bQuadDec:error\ * 
              !\MotorA_QuadDec:bQuadDec:state_0\
            + \MotorA_QuadDec:Net_1251\ * !\MotorA_QuadDec:Net_1260\ * 
              \MotorA_QuadDec:bQuadDec:quad_A_filt\ * 
              !\MotorA_QuadDec:bQuadDec:error\ * 
              \MotorA_QuadDec:bQuadDec:state_0\
            + \MotorA_QuadDec:Net_1251\ * !\MotorA_QuadDec:Net_1260\ * 
              !\MotorA_QuadDec:bQuadDec:quad_B_filt\ * 
              !\MotorA_QuadDec:bQuadDec:error\ * 
              \MotorA_QuadDec:bQuadDec:state_1\
            + \MotorA_QuadDec:Net_1251_split\
        );
        Output = \MotorA_QuadDec:Net_1251\ (fanout=6)

    MacroCell: Name=\MotorA_QuadDec:Cnt16:CounterUDB:overflow_reg_i\, Mode=(D-Register)
        Total # of inputs        : 1
        Total # of product terms : 1
        List of special equations: 
            Clock  = (ClockBlock_BUS_CLK) => Global
            Clock Enable: True
        Main Equation            : 1 pterm
        (
              \MotorA_QuadDec:Cnt16:CounterUDB:overflow\
        );
        Output = \MotorA_QuadDec:Cnt16:CounterUDB:overflow_reg_i\ (fanout=1)

    MacroCell: Name=\MotorA_QuadDec:Cnt16:CounterUDB:underflow_reg_i\, Mode=(D-Register)
        Total # of inputs        : 1
        Total # of product terms : 1
        List of special equations: 
            Clock  = (ClockBlock_BUS_CLK) => Global
            Clock Enable: True
        Main Equation            : 1 pterm
        (
              \MotorA_QuadDec:Cnt16:CounterUDB:status_1\
        );
        Output = \MotorA_QuadDec:Cnt16:CounterUDB:underflow_reg_i\ (fanout=1)

    MacroCell: Name=\MotorA_QuadDec:Net_1275\, Mode=(D-Register)
        Total # of inputs        : 2
        Total # of product terms : 1
        List of special equations: 
            Clock  = (ClockBlock_BUS_CLK) => Global
            Clock Enable: True
        Main Equation            : 1 pterm
        !(
              !\MotorA_QuadDec:Cnt16:CounterUDB:status_1\ * 
              !\MotorA_QuadDec:Cnt16:CounterUDB:overflow\
        );
        Output = \MotorA_QuadDec:Net_1275\ (fanout=2)

    MacroCell: Name=\MotorA_QuadDec:Cnt16:CounterUDB:prevCompare\, Mode=(D-Register)
        Total # of inputs        : 1
        Total # of product terms : 1
        List of special equations: 
            Clock  = (ClockBlock_BUS_CLK) => Global
            Clock Enable: True
        Main Equation            : 1 pterm
        (
              \MotorA_QuadDec:Cnt16:CounterUDB:cmp_out_i\
        );
        Output = \MotorA_QuadDec:Cnt16:CounterUDB:prevCompare\ (fanout=3)

    MacroCell: Name=\MotorA_QuadDec:Net_1251_split\, Mode=(Combinatorial)
        Total # of inputs        : 7
        Total # of product terms : 8
            Clock Enable: True
        Main Equation            : 8 pterms
        (
              \MotorA_QuadDec:Net_1251\ * !\MotorA_QuadDec:Net_1260\ * 
              \MotorA_QuadDec:bQuadDec:quad_B_filt\ * 
              !\MotorA_QuadDec:bQuadDec:error\ * 
              !\MotorA_QuadDec:bQuadDec:state_1\
            + \MotorA_QuadDec:Net_1251\ * !\MotorA_QuadDec:Net_1260\ * 
              \MotorA_QuadDec:bQuadDec:error\ * 
              !\MotorA_QuadDec:bQuadDec:state_1\ * 
              !\MotorA_QuadDec:bQuadDec:state_0\
            + \MotorA_QuadDec:Net_1251\ * 
              !\MotorA_QuadDec:bQuadDec:quad_A_filt\ * 
              !\MotorA_QuadDec:bQuadDec:error\ * 
              !\MotorA_QuadDec:bQuadDec:state_1\ * 
              !\MotorA_QuadDec:bQuadDec:state_0\
            + \MotorA_QuadDec:Net_1251\ * 
              \MotorA_QuadDec:bQuadDec:quad_B_filt\ * 
              !\MotorA_QuadDec:bQuadDec:error\ * 
              !\MotorA_QuadDec:bQuadDec:state_1\ * 
              !\MotorA_QuadDec:bQuadDec:state_0\
            + !\MotorA_QuadDec:Net_1260\ * 
              !\MotorA_QuadDec:bQuadDec:quad_A_filt\ * 
              !\MotorA_QuadDec:bQuadDec:quad_B_filt\ * 
              !\MotorA_QuadDec:bQuadDec:error\ * 
              \MotorA_QuadDec:bQuadDec:state_1\ * 
              !\MotorA_QuadDec:bQuadDec:state_0\
            + !\MotorA_QuadDec:Net_1260\ * 
              \MotorA_QuadDec:bQuadDec:quad_A_filt\ * 
              !\MotorA_QuadDec:bQuadDec:quad_B_filt\ * 
              !\MotorA_QuadDec:bQuadDec:error\ * 
              \MotorA_QuadDec:bQuadDec:state_1\ * 
              \MotorA_QuadDec:bQuadDec:state_0\
            + !\MotorA_QuadDec:Net_1260\ * 
              \MotorA_QuadDec:bQuadDec:quad_A_filt\ * 
              \MotorA_QuadDec:bQuadDec:quad_B_filt\ * 
              !\MotorA_QuadDec:bQuadDec:error\ * 
              !\MotorA_QuadDec:bQuadDec:state_1\ * 
              \MotorA_QuadDec:bQuadDec:state_0\
            + !\MotorA_QuadDec:bQuadDec:quad_A_filt\ * 
              \MotorA_QuadDec:bQuadDec:quad_B_filt\ * 
              !\MotorA_QuadDec:bQuadDec:error\ * 
              !\MotorA_QuadDec:bQuadDec:state_1\ * 
              !\MotorA_QuadDec:bQuadDec:state_0\
        );
        Output = \MotorA_QuadDec:Net_1251_split\ (fanout=1)

    MacroCell: Name=\MotorA_QuadDec:Cnt16:CounterUDB:count_stored_i\, Mode=(D-Register)
        Total # of inputs        : 1
        Total # of product terms : 1
        List of special equations: 
            Clock  = (ClockBlock_BUS_CLK) => Global
            Clock Enable: True
        Main Equation            : 1 pterm
        (
              \MotorA_QuadDec:Net_1203\
        );
        Output = \MotorA_QuadDec:Cnt16:CounterUDB:count_stored_i\ (fanout=1)

    MacroCell: Name=\MotorA_QuadDec:Net_1203\, Mode=(D-Register)
        Total # of inputs        : 6
        Total # of product terms : 2
        List of special equations: 
            Clock  = (ClockBlock_BUS_CLK) => Global
            Clock Enable: True
        Main Equation            : 2 pterms
        (
              !\MotorA_QuadDec:bQuadDec:quad_A_filt\ * 
              \MotorA_QuadDec:bQuadDec:quad_B_filt\ * 
              !\MotorA_QuadDec:bQuadDec:error\ * 
              !\MotorA_QuadDec:bQuadDec:state_1\ * 
              !\MotorA_QuadDec:bQuadDec:state_0\
            + \MotorA_QuadDec:Net_1203_split\
        );
        Output = \MotorA_QuadDec:Net_1203\ (fanout=3)

    MacroCell: Name=\MotorA_QuadDec:bQuadDec:quad_A_filt\, Mode=(T-Register)
        Total # of inputs        : 4
        Total # of product terms : 2
        List of special equations: 
            Clock  = (ClockBlock_BUS_CLK) => Global
            Clock Enable: True
        Main Equation            : 2 pterms
        (
              !\MotorA_QuadDec:bQuadDec:quad_A_delayed_0\ * 
              !\MotorA_QuadDec:bQuadDec:quad_A_delayed_1\ * 
              !\MotorA_QuadDec:bQuadDec:quad_A_delayed_2\ * 
              \MotorA_QuadDec:bQuadDec:quad_A_filt\
            + \MotorA_QuadDec:bQuadDec:quad_A_delayed_0\ * 
              \MotorA_QuadDec:bQuadDec:quad_A_delayed_1\ * 
              \MotorA_QuadDec:bQuadDec:quad_A_delayed_2\ * 
              !\MotorA_QuadDec:bQuadDec:quad_A_filt\
        );
        Output = \MotorA_QuadDec:bQuadDec:quad_A_filt\ (fanout=8)

    MacroCell: Name=\MotorA_QuadDec:bQuadDec:quad_B_filt\, Mode=(T-Register)
        Total # of inputs        : 4
        Total # of product terms : 2
        List of special equations: 
            Clock  = (ClockBlock_BUS_CLK) => Global
            Clock Enable: True
        Main Equation            : 2 pterms
        (
              !\MotorA_QuadDec:bQuadDec:quad_B_delayed_0\ * 
              !\MotorA_QuadDec:bQuadDec:quad_B_delayed_1\ * 
              !\MotorA_QuadDec:bQuadDec:quad_B_delayed_2\ * 
              \MotorA_QuadDec:bQuadDec:quad_B_filt\
            + \MotorA_QuadDec:bQuadDec:quad_B_delayed_0\ * 
              \MotorA_QuadDec:bQuadDec:quad_B_delayed_1\ * 
              \MotorA_QuadDec:bQuadDec:quad_B_delayed_2\ * 
              !\MotorA_QuadDec:bQuadDec:quad_B_filt\
        );
        Output = \MotorA_QuadDec:bQuadDec:quad_B_filt\ (fanout=8)

    MacroCell: Name=\MotorA_QuadDec:Net_1260\, Mode=(D-Register)
        Total # of inputs        : 4
        Total # of product terms : 3
        List of special equations: 
            Clock  = (ClockBlock_BUS_CLK) => Global
            Clock Enable: True
        Main Equation            : 3 pterms
        !(
              !\MotorA_QuadDec:Net_1260\ * !\MotorA_QuadDec:bQuadDec:error\
            + !\MotorA_QuadDec:Net_1260\ * !\MotorA_QuadDec:bQuadDec:state_1\ * 
              !\MotorA_QuadDec:bQuadDec:state_0\
            + !\MotorA_QuadDec:bQuadDec:error\ * 
              !\MotorA_QuadDec:bQuadDec:state_1\ * 
              !\MotorA_QuadDec:bQuadDec:state_0\
        );
        Output = \MotorA_QuadDec:Net_1260\ (fanout=10)

    MacroCell: Name=\MotorA_QuadDec:bQuadDec:error\, Mode=(D-Register)
        Total # of inputs        : 6
        Total # of product terms : 4
        List of special equations: 
            Clock  = (ClockBlock_BUS_CLK) => Global
            Clock Enable: True
        Main Equation            : 4 pterms
        (
              !\MotorA_QuadDec:Net_1260\ * 
              !\MotorA_QuadDec:bQuadDec:quad_A_filt\ * 
              !\MotorA_QuadDec:bQuadDec:quad_B_filt\ * 
              !\MotorA_QuadDec:bQuadDec:error\ * 
              \MotorA_QuadDec:bQuadDec:state_1\ * 
              \MotorA_QuadDec:bQuadDec:state_0\
            + !\MotorA_QuadDec:Net_1260\ * 
              !\MotorA_QuadDec:bQuadDec:quad_A_filt\ * 
              \MotorA_QuadDec:bQuadDec:quad_B_filt\ * 
              !\MotorA_QuadDec:bQuadDec:error\ * 
              \MotorA_QuadDec:bQuadDec:state_1\ * 
              !\MotorA_QuadDec:bQuadDec:state_0\
            + !\MotorA_QuadDec:Net_1260\ * 
              \MotorA_QuadDec:bQuadDec:quad_A_filt\ * 
              !\MotorA_QuadDec:bQuadDec:quad_B_filt\ * 
              !\MotorA_QuadDec:bQuadDec:error\ * 
              !\MotorA_QuadDec:bQuadDec:state_1\ * 
              \MotorA_QuadDec:bQuadDec:state_0\
            + \MotorA_QuadDec:bQuadDec:quad_A_filt\ * 
              \MotorA_QuadDec:bQuadDec:quad_B_filt\ * 
              !\MotorA_QuadDec:bQuadDec:error\ * 
              !\MotorA_QuadDec:bQuadDec:state_1\ * 
              !\MotorA_QuadDec:bQuadDec:state_0\
        );
        Output = \MotorA_QuadDec:bQuadDec:error\ (fanout=9)

    MacroCell: Name=\MotorA_QuadDec:bQuadDec:state_1\, Mode=(D-Register)
        Total # of inputs        : 6
        Total # of product terms : 4
        List of special equations: 
            Clock  = (ClockBlock_BUS_CLK) => Global
            Clock Enable: True
        Main Equation            : 4 pterms
        (
              !\MotorA_QuadDec:Net_1260\ * 
              \MotorA_QuadDec:bQuadDec:quad_A_filt\ * 
              \MotorA_QuadDec:bQuadDec:quad_B_filt\ * 
              !\MotorA_QuadDec:bQuadDec:error\ * 
              \MotorA_QuadDec:bQuadDec:state_0\
            + !\MotorA_QuadDec:Net_1260\ * 
              \MotorA_QuadDec:bQuadDec:quad_A_filt\ * 
              !\MotorA_QuadDec:bQuadDec:error\ * 
              \MotorA_QuadDec:bQuadDec:state_1\
            + !\MotorA_QuadDec:Net_1260\ * 
              \MotorA_QuadDec:bQuadDec:quad_A_filt\ * 
              \MotorA_QuadDec:bQuadDec:error\ * 
              !\MotorA_QuadDec:bQuadDec:state_1\ * 
              !\MotorA_QuadDec:bQuadDec:state_0\
            + \MotorA_QuadDec:bQuadDec:quad_A_filt\ * 
              !\MotorA_QuadDec:bQuadDec:quad_B_filt\ * 
              !\MotorA_QuadDec:bQuadDec:error\ * 
              !\MotorA_QuadDec:bQuadDec:state_1\ * 
              !\MotorA_QuadDec:bQuadDec:state_0\
        );
        Output = \MotorA_QuadDec:bQuadDec:state_1\ (fanout=8)

    MacroCell: Name=\MotorA_QuadDec:bQuadDec:state_0\, Mode=(D-Register)
        Total # of inputs        : 6
        Total # of product terms : 4
        List of special equations: 
            Clock  = (ClockBlock_BUS_CLK) => Global
            Clock Enable: True
        Main Equation            : 4 pterms
        (
              !\MotorA_QuadDec:Net_1260\ * 
              \MotorA_QuadDec:bQuadDec:quad_A_filt\ * 
              \MotorA_QuadDec:bQuadDec:quad_B_filt\ * 
              !\MotorA_QuadDec:bQuadDec:error\ * 
              \MotorA_QuadDec:bQuadDec:state_1\
            + !\MotorA_QuadDec:Net_1260\ * 
              \MotorA_QuadDec:bQuadDec:quad_B_filt\ * 
              !\MotorA_QuadDec:bQuadDec:error\ * 
              \MotorA_QuadDec:bQuadDec:state_0\
            + !\MotorA_QuadDec:Net_1260\ * 
              \MotorA_QuadDec:bQuadDec:quad_B_filt\ * 
              \MotorA_QuadDec:bQuadDec:error\ * 
              !\MotorA_QuadDec:bQuadDec:state_1\ * 
              !\MotorA_QuadDec:bQuadDec:state_0\
            + !\MotorA_QuadDec:bQuadDec:quad_A_filt\ * 
              \MotorA_QuadDec:bQuadDec:quad_B_filt\ * 
              !\MotorA_QuadDec:bQuadDec:error\ * 
              !\MotorA_QuadDec:bQuadDec:state_1\ * 
              !\MotorA_QuadDec:bQuadDec:state_0\
        );
        Output = \MotorA_QuadDec:bQuadDec:state_0\ (fanout=8)

    MacroCell: Name=\ServoAB:PWMUDB:trig_last\, Mode=(D-Register)
        Total # of inputs        : 1
        Total # of product terms : 1
        List of special equations: 
            Clock  = (ClockBlock_BUS_CLK) => Global
            Clock Enable: True
        Main Equation            : 1 pterm
        (
              ServoPWM_2
        );
        Output = \ServoAB:PWMUDB:trig_last\ (fanout=1)

    MacroCell: Name=\ServoAB:PWMUDB:runmode_enable\, Mode=(D-Register)
        Total # of inputs        : 6
        Total # of product terms : 2
        List of special equations: 
            Clock  = (ClockBlock_BUS_CLK) => Global
            Reset  = (ServoPWM_tc)
            Clock Enable: True
        Main Equation            : 2 pterms
        (
              \ServoAB:PWMUDB:control_7\ * !\ServoAB:PWMUDB:trig_last\ * 
              ServoPWM_2 * !\ServoAB:PWMUDB:runmode_enable\ * 
              !\ServoAB:PWMUDB:trig_disable\
            + \ServoAB:PWMUDB:control_7\ * \ServoAB:PWMUDB:runmode_enable\ * 
              !\ServoAB:PWMUDB:tc_i\
        );
        Output = \ServoAB:PWMUDB:runmode_enable\ (fanout=7)

    MacroCell: Name=\ServoAB:PWMUDB:trig_disable\, Mode=(T-Register)
        Total # of inputs        : 4
        Total # of product terms : 1
        List of special equations: 
            Clock  = (ClockBlock_BUS_CLK) => Global
            Reset  = (ServoPWM_tc)
            Clock Enable: True
        Main Equation            : 1 pterm
        (
              \ServoAB:PWMUDB:control_7\ * \ServoAB:PWMUDB:runmode_enable\ * 
              \ServoAB:PWMUDB:tc_i\ * !\ServoAB:PWMUDB:trig_disable\
        );
        Output = \ServoAB:PWMUDB:trig_disable\ (fanout=2)

    MacroCell: Name=\ServoAB:PWMUDB:prevCompare1\, Mode=(D-Register)
        Total # of inputs        : 1
        Total # of product terms : 1
        List of special equations: 
            Clock  = (ClockBlock_BUS_CLK) => Global
            Clock Enable: True
        Main Equation            : 1 pterm
        (
              \ServoAB:PWMUDB:cmp1_less\
        );
        Output = \ServoAB:PWMUDB:prevCompare1\ (fanout=1)

    MacroCell: Name=\ServoAB:PWMUDB:prevCompare2\, Mode=(D-Register)
        Total # of inputs        : 1
        Total # of product terms : 1
        List of special equations: 
            Clock  = (ClockBlock_BUS_CLK) => Global
            Clock Enable: True
        Main Equation            : 1 pterm
        (
              \ServoAB:PWMUDB:cmp2_less\
        );
        Output = \ServoAB:PWMUDB:prevCompare2\ (fanout=1)

    MacroCell: Name=\ServoAB:PWMUDB:status_0\, Mode=(D-Register)
        Total # of inputs        : 2
        Total # of product terms : 1
        List of special equations: 
            Clock  = (ClockBlock_BUS_CLK) => Global
            Reset  = (ServoPWM_tc)
            Clock Enable: True
        Main Equation            : 1 pterm
        (
              !\ServoAB:PWMUDB:prevCompare1\ * \ServoAB:PWMUDB:cmp1_less\
        );
        Output = \ServoAB:PWMUDB:status_0\ (fanout=1)

    MacroCell: Name=\ServoAB:PWMUDB:status_1\, Mode=(D-Register)
        Total # of inputs        : 2
        Total # of product terms : 1
        List of special equations: 
            Clock  = (ClockBlock_BUS_CLK) => Global
            Reset  = (ServoPWM_tc)
            Clock Enable: True
        Main Equation            : 1 pterm
        (
              !\ServoAB:PWMUDB:prevCompare2\ * \ServoAB:PWMUDB:cmp2_less\
        );
        Output = \ServoAB:PWMUDB:status_1\ (fanout=1)

    MacroCell: Name=ServoPWM_A, Mode=(D-Register)
        Total # of inputs        : 2
        Total # of product terms : 1
        List of special equations: 
            Clock  = (ClockBlock_BUS_CLK) => Global
            Clock Enable: True
        Main Equation            : 1 pterm
        (
              \ServoAB:PWMUDB:runmode_enable\ * \ServoAB:PWMUDB:cmp1_less\
        );
        Output = ServoPWM_A (fanout=2)

    MacroCell: Name=ServoPWM_B, Mode=(D-Register)
        Total # of inputs        : 2
        Total # of product terms : 1
        List of special equations: 
            Clock  = (ClockBlock_BUS_CLK) => Global
            Clock Enable: True
        Main Equation            : 1 pterm
        (
              \ServoAB:PWMUDB:runmode_enable\ * \ServoAB:PWMUDB:cmp2_less\
        );
        Output = ServoPWM_B (fanout=1)

    MacroCell: Name=\Servo_PWM:PWMUDB:runmode_enable\, Mode=(D-Register)
        Total # of inputs        : 1
        Total # of product terms : 1
        List of special equations: 
            Clock  = (Net_527) => Global
            Clock Enable: True
        Main Equation            : 1 pterm
        (
              \Servo_PWM:PWMUDB:control_7\
        );
        Output = \Servo_PWM:PWMUDB:runmode_enable\ (fanout=6)

    MacroCell: Name=\Servo_PWM:PWMUDB:prevCompare1\, Mode=(D-Register)
        Total # of inputs        : 1
        Total # of product terms : 1
        List of special equations: 
            Clock  = (Net_527) => Global
            Clock Enable: True
        Main Equation            : 1 pterm
        (
              !\Servo_PWM:PWMUDB:cmp1_less\
        );
        Output = \Servo_PWM:PWMUDB:prevCompare1\ (fanout=1)

    MacroCell: Name=\Servo_PWM:PWMUDB:prevCompare2\, Mode=(D-Register)
        Total # of inputs        : 1
        Total # of product terms : 1
        List of special equations: 
            Clock  = (Net_527) => Global
            Clock Enable: True
        Main Equation            : 1 pterm
        (
              \Servo_PWM:PWMUDB:cmp2_less\
        );
        Output = \Servo_PWM:PWMUDB:prevCompare2\ (fanout=1)

    MacroCell: Name=\Servo_PWM:PWMUDB:status_0\, Mode=(D-Register)
        Total # of inputs        : 2
        Total # of product terms : 1
        List of special equations: 
            Clock  = (Net_527) => Global
            Clock Enable: True
        Main Equation            : 1 pterm
        (
              !\Servo_PWM:PWMUDB:prevCompare1\ * 
              !\Servo_PWM:PWMUDB:cmp1_less\
        );
        Output = \Servo_PWM:PWMUDB:status_0\ (fanout=1)

    MacroCell: Name=\Servo_PWM:PWMUDB:status_1\, Mode=(D-Register)
        Total # of inputs        : 2
        Total # of product terms : 1
        List of special equations: 
            Clock  = (Net_527) => Global
            Clock Enable: True
        Main Equation            : 1 pterm
        (
              !\Servo_PWM:PWMUDB:prevCompare2\ * \Servo_PWM:PWMUDB:cmp2_less\
        );
        Output = \Servo_PWM:PWMUDB:status_1\ (fanout=1)

    MacroCell: Name=ServoPWM_1, Mode=(D-Register)
        Total # of inputs        : 2
        Total # of product terms : 1
        List of special equations: 
            Clock  = (Net_527) => Global
            Clock Enable: True
        Main Equation            : 1 pterm
        (
              \Servo_PWM:PWMUDB:runmode_enable\ * 
              !\Servo_PWM:PWMUDB:cmp1_less\
        );
        Output = ServoPWM_1 (fanout=3)

    MacroCell: Name=ServoPWM_2, Mode=(D-Register)
        Total # of inputs        : 2
        Total # of product terms : 1
        List of special equations: 
            Clock  = (Net_527) => Global
            Clock Enable: True
        Main Equation            : 1 pterm
        (
              \Servo_PWM:PWMUDB:runmode_enable\ * 
              \Servo_PWM:PWMUDB:cmp2_less\
        );
        Output = ServoPWM_2 (fanout=3)

    MacroCell: Name=ServoPWM_tc, Mode=(D-Register)
        Total # of inputs        : 2
        Total # of product terms : 1
        List of special equations: 
            Clock  = (Net_527) => Global
            Clock Enable: True
        Main Equation            : 1 pterm
        (
              \Servo_PWM:PWMUDB:runmode_enable\ * \Servo_PWM:PWMUDB:tc_i\
        );
        Output = ServoPWM_tc (fanout=7)

    MacroCell: Name=Net_1738, Mode=(D-Register)
        Total # of inputs        : 3
        Total # of product terms : 2
        List of special equations: 
            Clock  = (Net_1749) => Global
            Clock Enable: True
        Main Equation            : 2 pterms
        (
              !ServoPWM_A * Net_1738
            + !ServoPWM_A * ServoPWM_1
        );
        Output = Net_1738 (fanout=2)
    </CYPRESSTAG>
    <CYPRESSTAG name="Datapath listing">

    ------------------------------------------------------------
    Datapath listing
    ------------------------------------------------------------

    datapathcell: Name =\UART:BUART:sTX:TxShifter:u0\
        PORT MAP (
            clock => \UART:Net_9\ ,
            cs_addr_2 => \UART:BUART:tx_state_1\ ,
            cs_addr_1 => \UART:BUART:tx_state_0\ ,
            cs_addr_0 => \UART:BUART:tx_bitclk_enable_pre\ ,
            so_comb => \UART:BUART:tx_shift_out\ ,
            f0_bus_stat_comb => \UART:BUART:tx_fifo_notfull\ ,
            f0_blk_stat_comb => \UART:BUART:tx_fifo_empty\ );
        Properties:
        {
            a0_init = "00000000"
            a1_init = "00000000"
            ce0_sync = 1
            ce1_sync = 1
            cl0_sync = 1
            cl1_sync = 1
            cmsb_sync = 1
            co_msb_sync = 1
            cy_dpconfig = "0000000000000000000000000000000000000000000000000000000011000000000000000000000000000010010000000000000000000000000000000000000011111111000000001111111111111111000000000000000001000100111100000000000000001100"
            d0_init = "00000000"
            d1_init = "00000000"
            f0_blk_sync = 1
            f0_bus_sync = 1
            f1_blk_sync = 1
            f1_bus_sync = 1
            ff0_sync = 1
            ff1_sync = 1
            ov_msb_sync = 1
            so_sync = 1
            z0_sync = 1
            z1_sync = 1
        }
        Clock Polarity: Active High
        Clock Enable: True

    datapathcell: Name =\UART:BUART:sTX:sCLOCK:TxBitClkGen\
        PORT MAP (
            clock => \UART:Net_9\ ,
            cs_addr_0 => \UART:BUART:counter_load_not\ ,
            ce0_reg => \UART:BUART:tx_bitclk_enable_pre\ ,
            ce1_reg => \UART:BUART:tx_counter_dp\ );
        Properties:
        {
            a0_init = "00000000"
            a1_init = "00000000"
            ce0_sync = 1
            ce1_sync = 1
            cl0_sync = 1
            cl1_sync = 1
            cmsb_sync = 1
            co_msb_sync = 1
            cy_dpconfig = "1010100001000000001000000100000000000000000000000000000000000000000000000000000000000000000000000000000000000000000000000000000011111111000000001111111100000111001000000100000000000101111100000000000000001000"
            d0_init = "00000000"
            d1_init = "00000000"
            f0_blk_sync = 1
            f0_bus_sync = 1
            f1_blk_sync = 1
            f1_bus_sync = 1
            ff0_sync = 1
            ff1_sync = 1
            ov_msb_sync = 1
            so_sync = 1
            z0_sync = 1
            z1_sync = 1
        }
        Clock Polarity: Active High
        Clock Enable: True

    datapathcell: Name =\UART:BUART:sRX:RxShifter:u0\
        PORT MAP (
            clock => \UART:Net_9\ ,
            cs_addr_2 => \UART:BUART:tx_ctrl_mark_last\ ,
            cs_addr_1 => \UART:BUART:rx_state_0\ ,
            cs_addr_0 => \UART:BUART:rx_bitclk_enable\ ,
            route_si => \UART:BUART:rx_postpoll\ ,
            f0_load => \UART:BUART:rx_load_fifo\ ,
            f0_bus_stat_comb => \UART:BUART:rx_fifonotempty\ ,
            f0_blk_stat_comb => \UART:BUART:rx_fifofull\ );
        Properties:
        {
            a0_init = "00000000"
            a1_init = "00000000"
            ce0_sync = 1
            ce1_sync = 1
            cl0_sync = 1
            cl1_sync = 1
            cmsb_sync = 1
            co_msb_sync = 1
            cy_dpconfig = "0000000000000000000000000000000000000000000000000000001001000000000100000000000000010000001100000001000000000000000100100001000011111111000000001111111111111111101000000110001001000001111100000000000000001100"
            d0_init = "00000000"
            d1_init = "00000000"
            f0_blk_sync = 1
            f0_bus_sync = 1
            f1_blk_sync = 1
            f1_bus_sync = 1
            ff0_sync = 1
            ff1_sync = 1
            ov_msb_sync = 1
            so_sync = 1
            z0_sync = 1
            z1_sync = 1
        }
        Clock Polarity: Active High
        Clock Enable: True

    datapathcell: Name =\MotorA_PWM:PWMUDB:sP16:pwmdp:u0\
        PORT MAP (
            clock => ClockBlock_BUS_CLK ,
            cs_addr_2 => \MotorA_PWM:PWMUDB:tc_i\ ,
            cs_addr_1 => \MotorA_PWM:PWMUDB:runmode_enable\ ,
            chain_out => \MotorA_PWM:PWMUDB:sP16:pwmdp:carry\ );
        Properties:
        {
            a0_init = "00000000"
            a1_init = "00000000"
            ce0_sync = 1
            ce1_sync = 1
            cl0_sync = 1
            cl1_sync = 1
            cmsb_sync = 1
            co_msb_sync = 1
            cy_dpconfig = "0000000001000000000000001100000001000000010000000000000011000000000000001100000000000000110000000000000011000000000000001100000011111111000000001111111111111111101000000000000000000100000000000000000000011000"
            d0_init = "00000000"
            d1_init = "00000000"
            f0_blk_sync = 1
            f0_bus_sync = 1
            f1_blk_sync = 1
            f1_bus_sync = 1
            ff0_sync = 1
            ff1_sync = 1
            ov_msb_sync = 1
            so_sync = 1
            z0_sync = 1
            z1_sync = 1
        }
        Clock Polarity: Active High
        Clock Enable: True
        Next in chain : \MotorA_PWM:PWMUDB:sP16:pwmdp:u1\

    datapathcell: Name =\MotorA_PWM:PWMUDB:sP16:pwmdp:u1\
        PORT MAP (
            clock => ClockBlock_BUS_CLK ,
            cs_addr_2 => \MotorA_PWM:PWMUDB:tc_i\ ,
            cs_addr_1 => \MotorA_PWM:PWMUDB:runmode_enable\ ,
            cl0_comb => \MotorA_PWM:PWMUDB:cmp1_less\ ,
            z0_comb => \MotorA_PWM:PWMUDB:tc_i\ ,
            f1_blk_stat_comb => \MotorA_PWM:PWMUDB:status_3\ ,
            chain_in => \MotorA_PWM:PWMUDB:sP16:pwmdp:carry\ );
        Properties:
        {
            a0_init = "00000000"
            a1_init = "00000000"
            ce0_sync = 1
            ce1_sync = 1
            cl0_sync = 1
            cl1_sync = 1
            cmsb_sync = 1
            co_msb_sync = 1
            cy_dpconfig = "0000000001000000000000001100000001000000010000000000000011000000000000001100000000000000110000000000000011000000000000001100000011111111000000001111111111111111101011110000000000000100000011110000000000011000"
            d0_init = "00000000"
            d1_init = "00000000"
            f0_blk_sync = 1
            f0_bus_sync = 1
            f1_blk_sync = 1
            f1_bus_sync = 1
            ff0_sync = 1
            ff1_sync = 1
            ov_msb_sync = 1
            so_sync = 1
            z0_sync = 1
            z1_sync = 1
        }
        Clock Polarity: Active High
        Clock Enable: True
        Previous in chain : \MotorA_PWM:PWMUDB:sP16:pwmdp:u0\

    datapathcell: Name =\MotorA_QuadDec:Cnt16:CounterUDB:sC16:counterdp:u0\
        PORT MAP (
            clock => ClockBlock_BUS_CLK ,
            cs_addr_2 => \MotorA_QuadDec:Net_1251\ ,
            cs_addr_1 => \MotorA_QuadDec:Cnt16:CounterUDB:count_enable\ ,
            cs_addr_0 => \MotorA_QuadDec:Cnt16:CounterUDB:reload\ ,
            chain_out => \MotorA_QuadDec:Cnt16:CounterUDB:sC16:counterdp:carry\ );
        Properties:
        {
            a0_init = "00000000"
            a1_init = "00000000"
            ce0_sync = 1
            ce1_sync = 1
            cl0_sync = 1
            cl1_sync = 1
            cmsb_sync = 1
            co_msb_sync = 1
            cy_dpconfig = "0000000001000000000000001000000001000000010000000000000010000000000000000100000000000000100000000010000001000000000000001000000011111111000000001111111111111111101000000000000000000001000000000000000000011000"
            d0_init = "00000000"
            d1_init = "00000000"
            f0_blk_sync = 1
            f0_bus_sync = 1
            f1_blk_sync = 1
            f1_bus_sync = 1
            ff0_sync = 1
            ff1_sync = 1
            ov_msb_sync = 1
            so_sync = 1
            z0_sync = 1
            z1_sync = 1
        }
        Clock Polarity: Active High
        Clock Enable: True
        Next in chain : \MotorA_QuadDec:Cnt16:CounterUDB:sC16:counterdp:u1\

    datapathcell: Name =\MotorA_QuadDec:Cnt16:CounterUDB:sC16:counterdp:u1\
        PORT MAP (
            clock => ClockBlock_BUS_CLK ,
            cs_addr_2 => \MotorA_QuadDec:Net_1251\ ,
            cs_addr_1 => \MotorA_QuadDec:Cnt16:CounterUDB:count_enable\ ,
            cs_addr_0 => \MotorA_QuadDec:Cnt16:CounterUDB:reload\ ,
            z0_comb => \MotorA_QuadDec:Cnt16:CounterUDB:status_1\ ,
            f0_comb => \MotorA_QuadDec:Cnt16:CounterUDB:overflow\ ,
            ce1_comb => \MotorA_QuadDec:Cnt16:CounterUDB:cmp_out_i\ ,
            f0_bus_stat_comb => \MotorA_QuadDec:Cnt16:CounterUDB:status_6\ ,
            f0_blk_stat_comb => \MotorA_QuadDec:Cnt16:CounterUDB:status_5\ ,
            chain_in => \MotorA_QuadDec:Cnt16:CounterUDB:sC16:counterdp:carry\ );
        Properties:
        {
            a0_init = "00000000"
            a1_init = "00000000"
            ce0_sync = 1
            ce1_sync = 1
            cl0_sync = 1
            cl1_sync = 1
            cmsb_sync = 1
            co_msb_sync = 1
            cy_dpconfig = "0000000001000000000000001000000001000000010000000000000010000000000000000100000000000000100000000010000001000000000000001000000011111111000000001111111111111111101011110000000000000001000001110000000000011000"
            d0_init = "00000000"
            d1_init = "00000000"
            f0_blk_sync = 1
            f0_bus_sync = 1
            f1_blk_sync = 1
            f1_bus_sync = 1
            ff0_sync = 1
            ff1_sync = 1
            ov_msb_sync = 1
            so_sync = 1
            z0_sync = 1
            z1_sync = 1
        }
        Clock Polarity: Active High
        Clock Enable: True
        Previous in chain : \MotorA_QuadDec:Cnt16:CounterUDB:sC16:counterdp:u0\

    datapathcell: Name =\ServoAB:PWMUDB:sP16:pwmdp:u0\
        PORT MAP (
            clock => ClockBlock_BUS_CLK ,
            cs_addr_2 => \ServoAB:PWMUDB:tc_i\ ,
            cs_addr_1 => \ServoAB:PWMUDB:runmode_enable\ ,
            cs_addr_0 => ServoPWM_tc ,
            chain_out => \ServoAB:PWMUDB:sP16:pwmdp:carry\ );
        Properties:
        {
            a0_init = "00000000"
            a1_init = "00000000"
            ce0_sync = 1
            ce1_sync = 1
            cl0_sync = 1
            cl1_sync = 1
            cmsb_sync = 1
            co_msb_sync = 1
            cy_dpconfig = "0000000001000000000000001100000001000000010000000000000011000000000000001100000000000000110000000000000011000000000000001100000011111111000000001111111111111111101000000000000000000100000000000000000000011000"
            d0_init = "00000000"
            d1_init = "00000000"
            f0_blk_sync = 1
            f0_bus_sync = 1
            f1_blk_sync = 1
            f1_bus_sync = 1
            ff0_sync = 1
            ff1_sync = 1
            ov_msb_sync = 1
            so_sync = 1
            z0_sync = 1
            z1_sync = 1
        }
        Clock Polarity: Active High
        Clock Enable: True
        Next in chain : \ServoAB:PWMUDB:sP16:pwmdp:u1\

    datapathcell: Name =\ServoAB:PWMUDB:sP16:pwmdp:u1\
        PORT MAP (
            clock => ClockBlock_BUS_CLK ,
            cs_addr_2 => \ServoAB:PWMUDB:tc_i\ ,
            cs_addr_1 => \ServoAB:PWMUDB:runmode_enable\ ,
            cs_addr_0 => ServoPWM_tc ,
            cl0_comb => \ServoAB:PWMUDB:cmp1_less\ ,
            z0_comb => \ServoAB:PWMUDB:tc_i\ ,
            cl1_comb => \ServoAB:PWMUDB:cmp2_less\ ,
            f1_blk_stat_comb => \ServoAB:PWMUDB:status_3\ ,
            chain_in => \ServoAB:PWMUDB:sP16:pwmdp:carry\ );
        Properties:
        {
            a0_init = "00000000"
            a1_init = "00000000"
            ce0_sync = 1
            ce1_sync = 1
            cl0_sync = 1
            cl1_sync = 1
            cmsb_sync = 1
            co_msb_sync = 1
            cy_dpconfig = "0000000001000000000000001100000001000000010000000000000011000000000000001100000000000000110000000000000011000000000000001100000011111111000000001111111111111111101011110000000000000100000011110000000000011000"
            d0_init = "00000000"
            d1_init = "00000000"
            f0_blk_sync = 1
            f0_bus_sync = 1
            f1_blk_sync = 1
            f1_bus_sync = 1
            ff0_sync = 1
            ff1_sync = 1
            ov_msb_sync = 1
            so_sync = 1
            z0_sync = 1
            z1_sync = 1
        }
        Clock Polarity: Active High
        Clock Enable: True
        Previous in chain : \ServoAB:PWMUDB:sP16:pwmdp:u0\

    datapathcell: Name =\Servo_PWM:PWMUDB:sP16:pwmdp:u0\
        PORT MAP (
            clock => Net_527 ,
            cs_addr_2 => \Servo_PWM:PWMUDB:tc_i\ ,
            cs_addr_1 => \Servo_PWM:PWMUDB:runmode_enable\ ,
            chain_out => \Servo_PWM:PWMUDB:sP16:pwmdp:carry\ );
        Properties:
        {
            a0_init = "00000000"
            a1_init = "00000000"
            ce0_sync = 1
            ce1_sync = 1
            cl0_sync = 1
            cl1_sync = 1
            cmsb_sync = 1
            co_msb_sync = 1
            cy_dpconfig = "0000000001000000000000001100000001000000010000000000000011000000000000001100000000000000110000000000000011000000000000001100000011111111000000001111111111111111101000000000000000000100000000000000000000011000"
            d0_init = "00000000"
            d1_init = "00000000"
            f0_blk_sync = 1
            f0_bus_sync = 1
            f1_blk_sync = 1
            f1_bus_sync = 1
            ff0_sync = 1
            ff1_sync = 1
            ov_msb_sync = 1
            so_sync = 1
            z0_sync = 1
            z1_sync = 1
        }
        Clock Polarity: Active High
        Clock Enable: True
        Next in chain : \Servo_PWM:PWMUDB:sP16:pwmdp:u1\

    datapathcell: Name =\Servo_PWM:PWMUDB:sP16:pwmdp:u1\
        PORT MAP (
            clock => Net_527 ,
            cs_addr_2 => \Servo_PWM:PWMUDB:tc_i\ ,
            cs_addr_1 => \Servo_PWM:PWMUDB:runmode_enable\ ,
            cl0_comb => \Servo_PWM:PWMUDB:cmp1_less\ ,
            z0_comb => \Servo_PWM:PWMUDB:tc_i\ ,
            cl1_comb => \Servo_PWM:PWMUDB:cmp2_less\ ,
            f1_blk_stat_comb => \Servo_PWM:PWMUDB:status_3\ ,
            chain_in => \Servo_PWM:PWMUDB:sP16:pwmdp:carry\ );
        Properties:
        {
            a0_init = "00000000"
            a1_init = "00000000"
            ce0_sync = 1
            ce1_sync = 1
            cl0_sync = 1
            cl1_sync = 1
            cmsb_sync = 1
            co_msb_sync = 1
            cy_dpconfig = "0000000001000000000000001100000001000000010000000000000011000000000000001100000000000000110000000000000011000000000000001100000011111111000000001111111111111111101011110000000000000100000011110000000000011000"
            d0_init = "00000000"
            d1_init = "00000000"
            f0_blk_sync = 1
            f0_bus_sync = 1
            f1_blk_sync = 1
            f1_bus_sync = 1
            ff0_sync = 1
            ff1_sync = 1
            ov_msb_sync = 1
            so_sync = 1
            z0_sync = 1
            z1_sync = 1
        }
        Clock Polarity: Active High
        Clock Enable: True
        Previous in chain : \Servo_PWM:PWMUDB:sP16:pwmdp:u0\
    </CYPRESSTAG>
    <CYPRESSTAG name="Status register listing">
    </CYPRESSTAG>
    <CYPRESSTAG name="StatusI register listing">

    ------------------------------------------------------------
    StatusI register listing
    ------------------------------------------------------------

    statusicell: Name =\UART:BUART:sTX:TxSts\
        PORT MAP (
            clock => \UART:Net_9\ ,
            status_3 => \UART:BUART:tx_fifo_notfull\ ,
            status_2 => \UART:BUART:tx_status_2\ ,
            status_1 => \UART:BUART:tx_fifo_empty\ ,
            status_0 => \UART:BUART:tx_status_0\ );
        Properties:
        {
            cy_force_order = 1
            cy_int_mask = "1111111"
            cy_md_select = "0000001"
        }
        Clock Polarity: Active High
        Clock Enable: True

    statusicell: Name =\UART:BUART:sRX:RxSts\
        PORT MAP (
            clock => \UART:Net_9\ ,
            status_5 => \UART:BUART:rx_status_5\ ,
            status_4 => \UART:BUART:rx_status_4\ ,
            status_3 => \UART:BUART:rx_status_3\ );
        Properties:
        {
            cy_force_order = 1
            cy_int_mask = "1111111"
            cy_md_select = "1011111"
        }
        Clock Polarity: Active High
        Clock Enable: True

    statusicell: Name =\MotorA_PWM:PWMUDB:genblk8:stsreg\
        PORT MAP (
            clock => ClockBlock_BUS_CLK ,
            status_3 => \MotorA_PWM:PWMUDB:status_3\ ,
            status_2 => \MotorA_PWM:PWMUDB:status_2\ ,
            status_0 => \MotorA_PWM:PWMUDB:status_0\ );
        Properties:
        {
            cy_force_order = 1
            cy_int_mask = "1111111"
            cy_md_select = "0100111"
        }
        Clock Polarity: Active High
        Clock Enable: True

    statusicell: Name =\MotorA_QuadDec:Cnt16:CounterUDB:sSTSReg:stsreg\
        PORT MAP (
            reset => \MotorA_QuadDec:Net_1260\ ,
            clock => ClockBlock_BUS_CLK ,
            status_6 => \MotorA_QuadDec:Cnt16:CounterUDB:status_6\ ,
            status_5 => \MotorA_QuadDec:Cnt16:CounterUDB:status_5\ ,
            status_3 => \MotorA_QuadDec:Cnt16:CounterUDB:status_3\ ,
            status_2 => \MotorA_QuadDec:Cnt16:CounterUDB:status_2\ ,
            status_1 => \MotorA_QuadDec:Cnt16:CounterUDB:status_1\ ,
            status_0 => \MotorA_QuadDec:Cnt16:CounterUDB:status_0\ );
        Properties:
        {
            cy_force_order = 1
            cy_int_mask = "1111111"
            cy_md_select = "0011111"
        }
        Clock Polarity: Active High
        Clock Enable: True

    statusicell: Name =\MotorA_QuadDec:bQuadDec:Stsreg\
        PORT MAP (
            clock => ClockBlock_BUS_CLK ,
            status_3 => \MotorA_QuadDec:bQuadDec:error\ ,
            status_2 => \MotorA_QuadDec:Net_1260\ ,
            status_1 => \MotorA_QuadDec:Net_611\ ,
            status_0 => \MotorA_QuadDec:Net_530\ ,
            interrupt => Net_173 );
        Properties:
        {
            cy_force_order = 1
            cy_int_mask = "0001111"
            cy_md_select = "0001111"
        }
        Clock Polarity: Active High
        Clock Enable: True

    statusicell: Name =\ServoAB:PWMUDB:genblk8:stsreg\
        PORT MAP (
            reset => ServoPWM_tc ,
            clock => ClockBlock_BUS_CLK ,
            status_3 => \ServoAB:PWMUDB:status_3\ ,
            status_2 => \ServoAB:PWMUDB:status_2\ ,
            status_1 => \ServoAB:PWMUDB:status_1\ ,
            status_0 => \ServoAB:PWMUDB:status_0\ );
        Properties:
        {
            cy_force_order = 1
            cy_int_mask = "1111111"
            cy_md_select = "0100111"
        }
        Clock Polarity: Active High
        Clock Enable: True

    statusicell: Name =\Servo_PWM:PWMUDB:genblk8:stsreg\
        PORT MAP (
            clock => Net_527 ,
            status_3 => \Servo_PWM:PWMUDB:status_3\ ,
            status_2 => \Servo_PWM:PWMUDB:status_2\ ,
            status_1 => \Servo_PWM:PWMUDB:status_1\ ,
            status_0 => \Servo_PWM:PWMUDB:status_0\ );
        Properties:
        {
            cy_force_order = 1
            cy_int_mask = "1111111"
            cy_md_select = "0100111"
        }
        Clock Polarity: Active High
        Clock Enable: True
    </CYPRESSTAG>
    <CYPRESSTAG name="Sync listing">
    </CYPRESSTAG>
    <CYPRESSTAG name="Control register listing">

    ------------------------------------------------------------
    Control register listing
    ------------------------------------------------------------

    controlcell: Name =\MotorA_Dir:Sync:ctrl_reg\
        PORT MAP (
            control_7 => \MotorA_Dir:control_7\ ,
            control_6 => \MotorA_Dir:control_6\ ,
            control_5 => \MotorA_Dir:control_5\ ,
            control_4 => \MotorA_Dir:control_4\ ,
            control_3 => \MotorA_Dir:control_3\ ,
            control_2 => \MotorA_Dir:control_2\ ,
            control_1 => \MotorA_Dir:control_1\ ,
            control_0 => Net_303 );
        Properties:
        {
            cy_ctrl_mode_0 = "00000000"
            cy_ctrl_mode_1 = "00000000"
            cy_ext_reset = 0
            cy_force_order = 1
            cy_init_value = "00000000"
        }
        Clock Enable: True

    controlcell: Name =\MotorA_PWM:PWMUDB:genblk1:ctrlreg\
        PORT MAP (
            clock => ClockBlock_BUS_CLK ,
            control_7 => \MotorA_PWM:PWMUDB:control_7\ ,
            control_6 => \MotorA_PWM:PWMUDB:control_6\ ,
            control_5 => \MotorA_PWM:PWMUDB:control_5\ ,
            control_4 => \MotorA_PWM:PWMUDB:control_4\ ,
            control_3 => \MotorA_PWM:PWMUDB:control_3\ ,
            control_2 => \MotorA_PWM:PWMUDB:control_2\ ,
            control_1 => \MotorA_PWM:PWMUDB:control_1\ ,
            control_0 => \MotorA_PWM:PWMUDB:control_0\ );
        Properties:
        {
            cy_ctrl_mode_0 = "11111111"
            cy_ctrl_mode_1 = "00000000"
            cy_ext_reset = 0
            cy_force_order = 1
            cy_init_value = "00000000"
        }
        Clock Polarity: Active High
        Clock Enable: True

    controlcell: Name =\MotorA_QuadDec:Cnt16:CounterUDB:sCTRLReg:ctrlreg\
        PORT MAP (
            clock => ClockBlock_BUS_CLK ,
            control_7 => \MotorA_QuadDec:Cnt16:CounterUDB:control_7\ ,
            control_6 => \MotorA_QuadDec:Cnt16:CounterUDB:control_6\ ,
            control_5 => \MotorA_QuadDec:Cnt16:CounterUDB:control_5\ ,
            control_4 => \MotorA_QuadDec:Cnt16:CounterUDB:control_4\ ,
            control_3 => \MotorA_QuadDec:Cnt16:CounterUDB:control_3\ ,
            control_2 => \MotorA_QuadDec:Cnt16:CounterUDB:control_2\ ,
            control_1 => \MotorA_QuadDec:Cnt16:CounterUDB:control_1\ ,
            control_0 => \MotorA_QuadDec:Cnt16:CounterUDB:control_0\ );
        Properties:
        {
            cy_ctrl_mode_0 = "11111111"
            cy_ctrl_mode_1 = "00000000"
            cy_ext_reset = 0
            cy_force_order = 1
            cy_init_value = "00000000"
        }
        Clock Polarity: Active High
        Clock Enable: True

    controlcell: Name =\ServoAB:PWMUDB:genblk1:ctrlreg\
        PORT MAP (
            clock => ClockBlock_BUS_CLK ,
            control_7 => \ServoAB:PWMUDB:control_7\ ,
            control_6 => \ServoAB:PWMUDB:control_6\ ,
            control_5 => \ServoAB:PWMUDB:control_5\ ,
            control_4 => \ServoAB:PWMUDB:control_4\ ,
            control_3 => \ServoAB:PWMUDB:control_3\ ,
            control_2 => \ServoAB:PWMUDB:control_2\ ,
            control_1 => \ServoAB:PWMUDB:control_1\ ,
            control_0 => \ServoAB:PWMUDB:control_0\ );
        Properties:
        {
            cy_ctrl_mode_0 = "11111111"
            cy_ctrl_mode_1 = "00000000"
            cy_ext_reset = 0
            cy_force_order = 1
            cy_init_value = "00000000"
        }
        Clock Polarity: Active High
        Clock Enable: True

    controlcell: Name =\Servo_PWM:PWMUDB:genblk1:ctrlreg\
        PORT MAP (
            clock => Net_527 ,
            control_7 => \Servo_PWM:PWMUDB:control_7\ ,
            control_6 => \Servo_PWM:PWMUDB:control_6\ ,
            control_5 => \Servo_PWM:PWMUDB:control_5\ ,
            control_4 => \Servo_PWM:PWMUDB:control_4\ ,
            control_3 => \Servo_PWM:PWMUDB:control_3\ ,
            control_2 => \Servo_PWM:PWMUDB:control_2\ ,
            control_1 => \Servo_PWM:PWMUDB:control_1\ ,
            control_0 => \Servo_PWM:PWMUDB:control_0\ );
        Properties:
        {
            cy_ctrl_mode_0 = "11111111"
            cy_ctrl_mode_1 = "00000000"
            cy_ext_reset = 0
            cy_force_order = 1
            cy_init_value = "00000000"
        }
        Clock Polarity: Active High
        Clock Enable: True
    </CYPRESSTAG>
    <CYPRESSTAG name="Count7 listing">

    ------------------------------------------------------------
    Count7 listing
    ------------------------------------------------------------

    count7cell: Name =\UART:BUART:sRX:RxBitCounter\
        PORT MAP (
            clock => \UART:Net_9\ ,
            load => \UART:BUART:rx_counter_load\ ,
            count_6 => \UART:BUART:rx_count_6\ ,
            count_5 => \UART:BUART:rx_count_5\ ,
            count_4 => \UART:BUART:rx_count_4\ ,
            count_3 => \UART:BUART:rx_count_3\ ,
            count_2 => \UART:BUART:rx_count_2\ ,
            count_1 => \UART:BUART:rx_count_1\ ,
            count_0 => \UART:BUART:rx_count_0\ ,
            tc => \UART:BUART:rx_count7_tc\ );
        Properties:
        {
            cy_alt_mode = 0
            cy_init_value = "0000000"
            cy_period = "1110010"
            cy_route_en = 1
            cy_route_ld = 1
        }
        Clock Polarity: Active High
        Clock Enable: True
    </CYPRESSTAG>
    <CYPRESSTAG name="DRQ listing">
    </CYPRESSTAG>
    <CYPRESSTAG name="Interrupt listing">

    ------------------------------------------------------------
    Interrupt listing
    ------------------------------------------------------------

    interrupt: Name =MotorA_ISR
        PORT MAP (
            interrupt => Net_173 );
        Properties:
        {
            int_type = "10"
            is_nmi = 0
        }
    </CYPRESSTAG>
</CYPRESSTAG>
<CYPRESSTAG name="Technology mapping summary" expanded>

------------------------------------------------------------
Technology mapping summary
------------------------------------------------------------

Resource Type                 : Used : Free :  Max :  % Used
============================================================
Digital Clocks                :    4 :    4 :    8 : 50.00 %
Analog Clocks                 :    0 :    4 :    4 :  0.00 %
CapSense Buffers              :    0 :    2 :    2 :  0.00 %
Digital Filter Block          :    0 :    1 :    1 :  0.00 %
Interrupts                    :    1 :   31 :   32 :  3.13 %
IO                            :   15 :   33 :   48 : 31.25 %
Segment LCD                   :    0 :    1 :    1 :  0.00 %
CAN 2.0b                      :    0 :    1 :    1 :  0.00 %
I2C                           :    0 :    1 :    1 :  0.00 %
USB                           :    0 :    1 :    1 :  0.00 %
DMA Channels                  :    0 :   24 :   24 :  0.00 %
Timer                         :    1 :    3 :    4 : 25.00 %
UDB                           :      :      :      :        
  Macrocells                  :   80 :  112 :  192 : 41.67 %
  Unique P-terms              :  125 :  259 :  384 : 32.55 %
  Total P-terms               :  141 :      :      :        
  Datapath Cells              :   11 :   13 :   24 : 45.83 %
  Status Cells                :    8 :   16 :   24 : 33.33 %
    StatusI Registers         :    7 :      :      :        
    Routed Count7 Load/Enable :    1 :      :      :        
  Control Cells               :    6 :   18 :   24 : 25.00 %
    Control Registers         :    5 :      :      :        
    Count7 Cells              :    1 :      :      :        
Opamp                         :    0 :    4 :    4 :  0.00 %
Comparator                    :    0 :    4 :    4 :  0.00 %
Delta-Sigma ADC               :    0 :    1 :    1 :  0.00 %
LPF                           :    0 :    2 :    2 :  0.00 %
SAR ADC                       :    0 :    2 :    2 :  0.00 %
Analog (SC/CT) Blocks         :    0 :    4 :    4 :  0.00 %
DAC                           :      :      :      :        
  VIDAC                       :    0 :    4 :    4 :  0.00 %
</CYPRESSTAG>
Technology Mapping: Elapsed time ==> 0s.122ms
Tech Mapping phase: Elapsed time ==> 0s.181ms
</CYPRESSTAG>
<CYPRESSTAG name="Analog Placement">
Initial Analog Placement Results:
IO_0@[IOP=(2)][IoId=(0)] : Pin_1(0) (fixed)
IO_1@[IOP=(2)][IoId=(1)] : Pin_2(0) (fixed)
IO_2@[IOP=(2)][IoId=(2)] : Pin_3(0) (fixed)
IO_6@[IOP=(12)][IoId=(6)] : Rx_1(0) (fixed)
IO_3@[IOP=(2)][IoId=(3)] : ServoA_Out(0) (fixed)
IO_7@[IOP=(12)][IoId=(7)] : Tx_1(0) (fixed)
Analog Placement phase: Elapsed time ==> 0s.018ms
</CYPRESSTAG>
<CYPRESSTAG name="Analog Routing">
Analog Routing phase: Elapsed time ==> 0s.000ms
</CYPRESSTAG>
<CYPRESSTAG name="Analog Code Generation">
============ Analog Final Answer Routes ============
Dump of CyAnalogRoutingResultsDB
Map of net to items {
}
Map of item to net {
}
Mux Info {
}
Dump of CyP35AnalogRoutingResultsDB
IsVddaHalfUsedForComp = False
IsVddaHalfUsedForSar0 = False
IsVddaHalfUsedForSar1 = False
Analog Code Generation phase: Elapsed time ==> 0s.204ms
</CYPRESSTAG>
<CYPRESSTAG name="Digital Placement">
<CYPRESSTAG name="Detailed placement messages">
I2076: Total run-time: 1.4 sec.

</CYPRESSTAG>
<CYPRESSTAG name="PLD Packing">
<CYPRESSTAG name="PLD Packing Summary" expanded>

------------------------------------------------------------
PLD Packing Summary
------------------------------------------------------------
            Resource Type : Used : Free :  Max :  % Used
    ====================================================
                     PLDs :   32 :   16 :   48 :  66.67%

<CYPRESSTAG name="PLD Statistics">

        PLD Resource Type :     Average/LAB
    =======================================
                   Inputs :            6.44
                   Pterms :            4.31
               Macrocells :            2.50
</CYPRESSTAG>
<CYPRESSTAG name="Packed PLD Contents">
Packed PLD Contents not displayed at this verbose level.</CYPRESSTAG>
</CYPRESSTAG>
PLD Packing: Elapsed time ==> 0s.001ms
</CYPRESSTAG>
<CYPRESSTAG name="Partitioning">
<CYPRESSTAG name="Initial Partitioning Summary">
Initial Partitioning Summary not displayed at this verbose level.</CYPRESSTAG>
<CYPRESSTAG name="Final Partitioning Summary">
Final Partitioning Summary not displayed at this verbose level.</CYPRESSTAG>
Partitioning: Elapsed time ==> 0s.056ms
</CYPRESSTAG>
<CYPRESSTAG name="Final Placement Summary">

------------------------------------------------------------
Final Placement Summary
------------------------------------------------------------

       Resource Type :      Count : Avg Inputs : Avg Outputs
    ========================================================
                 UDB :         16 :       9.44 :       5.00
<CYPRESSTAG name="Final Placement Details">
<CYPRESSTAG name="Component Details">

------------------------------------------------------------
Component Placement Details
------------------------------------------------------------
UDB [UDB=(0,0)] contents:
LAB@[UDB=(0,0)][LB=0] #macrocells=3, #inputs=11, #pterms=5
{
    [McSlotId=0]: (empty)
    [McSlotId=1]:     MacroCell: Name=\UART:BUART:rx_counter_load\, Mode=(Combinatorial) @ [UDB=(0,0)][LB=0][MC=1]
        Total # of inputs        : 4
        Total # of product terms : 1
            Clock Enable: True
        Main Equation            : 1 pterm
        (
              !\UART:BUART:tx_ctrl_mark_last\ * !\UART:BUART:rx_state_0\ * 
              !\UART:BUART:rx_state_3\ * !\UART:BUART:rx_state_2\
        );
        Output = \UART:BUART:rx_counter_load\ (fanout=2)
        Properties               : 
        {
        }

    [McSlotId=2]:     MacroCell: Name=\UART:BUART:rx_bitclk_enable\, Mode=(D-Register) @ [UDB=(0,0)][LB=0][MC=2]
        Total # of inputs        : 3
        Total # of product terms : 1
        List of special equations: 
            Clock  = (\UART:Net_9\) => Global
            Clock Enable: True
        Main Equation            : 1 pterm
        (
              !\UART:BUART:rx_count_2\ * !\UART:BUART:rx_count_1\ * 
              !\UART:BUART:rx_count_0\
        );
        Output = \UART:BUART:rx_bitclk_enable\ (fanout=6)
        Properties               : 
        {
        }

    [McSlotId=3]:     MacroCell: Name=\UART:BUART:rx_load_fifo\, Mode=(D-Register) @ [UDB=(0,0)][LB=0][MC=3]
        Total # of inputs        : 8
        Total # of product terms : 3
        List of special equations: 
            Clock  = (\UART:Net_9\) => Global
            Clock Enable: True
        Main Equation            : 3 pterms
        (
              !\UART:BUART:tx_ctrl_mark_last\ * !\UART:BUART:rx_state_0\ * 
              \UART:BUART:rx_bitclk_enable\ * \UART:BUART:rx_state_3\ * 
              !\UART:BUART:rx_state_2\
            + !\UART:BUART:tx_ctrl_mark_last\ * \UART:BUART:rx_state_0\ * 
              !\UART:BUART:rx_state_3\ * !\UART:BUART:rx_state_2\ * 
              !\UART:BUART:rx_count_6\ * !\UART:BUART:rx_count_5\
            + !\UART:BUART:tx_ctrl_mark_last\ * \UART:BUART:rx_state_0\ * 
              !\UART:BUART:rx_state_3\ * !\UART:BUART:rx_state_2\ * 
              !\UART:BUART:rx_count_6\ * !\UART:BUART:rx_count_4\
        );
        Output = \UART:BUART:rx_load_fifo\ (fanout=2)
        Properties               : 
        {
        }
}

LAB@[UDB=(0,0)][LB=1] #macrocells=4, #inputs=12, #pterms=8
{
    [McSlotId=0]:     MacroCell: Name=\UART:BUART:rx_state_stop1_reg\, Mode=(D-Register) @ [UDB=(0,0)][LB=1][MC=0]
        Total # of inputs        : 4
        Total # of product terms : 1
        List of special equations: 
            Clock  = (\UART:Net_9\) => Global
            Clock Enable: True
        Main Equation            : 1 pterm
        !(
              !\UART:BUART:tx_ctrl_mark_last\ * !\UART:BUART:rx_state_0\ * 
              \UART:BUART:rx_state_3\ * \UART:BUART:rx_state_2\
        );
        Output = \UART:BUART:rx_state_stop1_reg\ (fanout=1)
        Properties               : 
        {
        }

    [McSlotId=1]:     MacroCell: Name=\UART:BUART:rx_status_5\, Mode=(Combinatorial) @ [UDB=(0,0)][LB=1][MC=1]
        Total # of inputs        : 2
        Total # of product terms : 1
            Clock Enable: True
        Main Equation            : 1 pterm
        (
              \UART:BUART:rx_fifonotempty\ * \UART:BUART:rx_state_stop1_reg\
        );
        Output = \UART:BUART:rx_status_5\ (fanout=1)
        Properties               : 
        {
        }

    [McSlotId=2]:     MacroCell: Name=\UART:BUART:rx_state_2\, Mode=(T-Register) @ [UDB=(0,0)][LB=1][MC=2]
        Total # of inputs        : 10
        Total # of product terms : 5
        List of special equations: 
            Clock  = (\UART:Net_9\) => Global
            Clock Enable: True
        Main Equation            : 5 pterms
        (
              !Net_1481 * !\UART:BUART:tx_ctrl_mark_last\ * 
              !\UART:BUART:rx_state_0\ * !\UART:BUART:rx_state_3\ * 
              !\UART:BUART:rx_state_2\ * \UART:BUART:rx_last\
            + !\UART:BUART:tx_ctrl_mark_last\ * !\UART:BUART:rx_state_0\ * 
              \UART:BUART:rx_bitclk_enable\ * \UART:BUART:rx_state_3\
            + !\UART:BUART:tx_ctrl_mark_last\ * !\UART:BUART:rx_state_0\ * 
              \UART:BUART:rx_bitclk_enable\ * \UART:BUART:rx_state_2\
            + !\UART:BUART:tx_ctrl_mark_last\ * \UART:BUART:rx_state_0\ * 
              !\UART:BUART:rx_state_3\ * !\UART:BUART:rx_state_2\ * 
              !\UART:BUART:rx_count_6\ * !\UART:BUART:rx_count_5\
            + !\UART:BUART:tx_ctrl_mark_last\ * \UART:BUART:rx_state_0\ * 
              !\UART:BUART:rx_state_3\ * !\UART:BUART:rx_state_2\ * 
              !\UART:BUART:rx_count_6\ * !\UART:BUART:rx_count_4\
        );
        Output = \UART:BUART:rx_state_2\ (fanout=7)
        Properties               : 
        {
        }

    [McSlotId=3]:     MacroCell: Name=\UART:BUART:rx_state_3\, Mode=(T-Register) @ [UDB=(0,0)][LB=1][MC=3]
        Total # of inputs        : 8
        Total # of product terms : 3
        List of special equations: 
            Clock  = (\UART:Net_9\) => Global
            Clock Enable: True
        Main Equation            : 3 pterms
        (
              !\UART:BUART:tx_ctrl_mark_last\ * !\UART:BUART:rx_state_0\ * 
              \UART:BUART:rx_bitclk_enable\ * \UART:BUART:rx_state_3\ * 
              \UART:BUART:rx_state_2\
            + !\UART:BUART:tx_ctrl_mark_last\ * \UART:BUART:rx_state_0\ * 
              !\UART:BUART:rx_state_3\ * !\UART:BUART:rx_state_2\ * 
              !\UART:BUART:rx_count_6\ * !\UART:BUART:rx_count_5\
            + !\UART:BUART:tx_ctrl_mark_last\ * \UART:BUART:rx_state_0\ * 
              !\UART:BUART:rx_state_3\ * !\UART:BUART:rx_state_2\ * 
              !\UART:BUART:rx_count_6\ * !\UART:BUART:rx_count_4\
        );
        Output = \UART:BUART:rx_state_3\ (fanout=7)
        Properties               : 
        {
        }
}

count7cell: Name =\UART:BUART:sRX:RxBitCounter\
    PORT MAP (
        clock => \UART:Net_9\ ,
        load => \UART:BUART:rx_counter_load\ ,
        count_6 => \UART:BUART:rx_count_6\ ,
        count_5 => \UART:BUART:rx_count_5\ ,
        count_4 => \UART:BUART:rx_count_4\ ,
        count_3 => \UART:BUART:rx_count_3\ ,
        count_2 => \UART:BUART:rx_count_2\ ,
        count_1 => \UART:BUART:rx_count_1\ ,
        count_0 => \UART:BUART:rx_count_0\ ,
        tc => \UART:BUART:rx_count7_tc\ );
    Properties:
    {
        cy_alt_mode = 0
        cy_init_value = "0000000"
        cy_period = "1110010"
        cy_route_en = 1
        cy_route_ld = 1
    }
    Clock Polarity: Active High
    Clock Enable: True

UDB [UDB=(0,1)] contents:
LAB@[UDB=(0,1)][LB=0] #macrocells=2, #inputs=4, #pterms=2
{
    [McSlotId=0]:     MacroCell: Name=\Servo_PWM:PWMUDB:status_0\, Mode=(D-Register) @ [UDB=(0,1)][LB=0][MC=0]
        Total # of inputs        : 2
        Total # of product terms : 1
        List of special equations: 
            Clock  = (Net_527) => Global
            Clock Enable: True
        Main Equation            : 1 pterm
        (
              !\Servo_PWM:PWMUDB:prevCompare1\ * 
              !\Servo_PWM:PWMUDB:cmp1_less\
        );
        Output = \Servo_PWM:PWMUDB:status_0\ (fanout=1)
        Properties               : 
        {
        }

    [McSlotId=1]:     MacroCell: Name=\UART:BUART:rx_status_4\, Mode=(Combinatorial) @ [UDB=(0,1)][LB=0][MC=1]
        Total # of inputs        : 2
        Total # of product terms : 1
            Clock Enable: True
        Main Equation            : 1 pterm
        (
              \UART:BUART:rx_load_fifo\ * \UART:BUART:rx_fifofull\
        );
        Output = \UART:BUART:rx_status_4\ (fanout=1)
        Properties               : 
        {
        }

    [McSlotId=2]: (empty)
    [McSlotId=3]: (empty)
}

LAB@[UDB=(0,1)][LB=1] #macrocells=3, #inputs=11, #pterms=8
{
    [McSlotId=0]:     MacroCell: Name=\UART:BUART:rx_state_0\, Mode=(T-Register) @ [UDB=(0,1)][LB=1][MC=0]
        Total # of inputs        : 11
        Total # of product terms : 4
        List of special equations: 
            Clock  = (\UART:Net_9\) => Global
            Clock Enable: True
        Main Equation            : 4 pterms
        (
              !Net_1481 * !\UART:BUART:tx_ctrl_mark_last\ * 
              !\UART:BUART:rx_state_0\ * \UART:BUART:rx_bitclk_enable\ * 
              !\UART:BUART:rx_state_3\ * \UART:BUART:rx_state_2\ * 
              !\UART:BUART:pollcount_1\
            + !\UART:BUART:tx_ctrl_mark_last\ * !\UART:BUART:rx_state_0\ * 
              \UART:BUART:rx_bitclk_enable\ * !\UART:BUART:rx_state_3\ * 
              \UART:BUART:rx_state_2\ * !\UART:BUART:pollcount_1\ * 
              !\UART:BUART:pollcount_0\
            + !\UART:BUART:tx_ctrl_mark_last\ * \UART:BUART:rx_state_0\ * 
              !\UART:BUART:rx_state_3\ * !\UART:BUART:rx_state_2\ * 
              !\UART:BUART:rx_count_6\ * !\UART:BUART:rx_count_5\
            + !\UART:BUART:tx_ctrl_mark_last\ * \UART:BUART:rx_state_0\ * 
              !\UART:BUART:rx_state_3\ * !\UART:BUART:rx_state_2\ * 
              !\UART:BUART:rx_count_6\ * !\UART:BUART:rx_count_4\
        );
        Output = \UART:BUART:rx_state_0\ (fanout=8)
        Properties               : 
        {
        }

    [McSlotId=1]:     MacroCell: Name=\UART:BUART:rx_status_3\, Mode=(D-Register) @ [UDB=(0,1)][LB=1][MC=1]
        Total # of inputs        : 8
        Total # of product terms : 2
        List of special equations: 
            Clock  = (\UART:Net_9\) => Global
            Clock Enable: True
        Main Equation            : 2 pterms
        (
              !Net_1481 * !\UART:BUART:tx_ctrl_mark_last\ * 
              !\UART:BUART:rx_state_0\ * \UART:BUART:rx_bitclk_enable\ * 
              \UART:BUART:rx_state_3\ * \UART:BUART:rx_state_2\ * 
              !\UART:BUART:pollcount_1\
            + !\UART:BUART:tx_ctrl_mark_last\ * !\UART:BUART:rx_state_0\ * 
              \UART:BUART:rx_bitclk_enable\ * \UART:BUART:rx_state_3\ * 
              \UART:BUART:rx_state_2\ * !\UART:BUART:pollcount_1\ * 
              !\UART:BUART:pollcount_0\
        );
        Output = \UART:BUART:rx_status_3\ (fanout=1)
        Properties               : 
        {
        }

    [McSlotId=2]:     MacroCell: Name=\UART:BUART:rx_postpoll\, Mode=(Combinatorial) @ [UDB=(0,1)][LB=1][MC=2]
        Total # of inputs        : 3
        Total # of product terms : 2
            Clock Enable: True
        Main Equation            : 2 pterms
        (
              Net_1481 * \UART:BUART:pollcount_0\
            + \UART:BUART:pollcount_1\
        );
        Output = \UART:BUART:rx_postpoll\ (fanout=1)
        Properties               : 
        {
        }

    [McSlotId=3]: (empty)
}

datapathcell: Name =\UART:BUART:sRX:RxShifter:u0\
    PORT MAP (
        clock => \UART:Net_9\ ,
        cs_addr_2 => \UART:BUART:tx_ctrl_mark_last\ ,
        cs_addr_1 => \UART:BUART:rx_state_0\ ,
        cs_addr_0 => \UART:BUART:rx_bitclk_enable\ ,
        route_si => \UART:BUART:rx_postpoll\ ,
        f0_load => \UART:BUART:rx_load_fifo\ ,
        f0_bus_stat_comb => \UART:BUART:rx_fifonotempty\ ,
        f0_blk_stat_comb => \UART:BUART:rx_fifofull\ );
    Properties:
    {
        a0_init = "00000000"
        a1_init = "00000000"
        ce0_sync = 1
        ce1_sync = 1
        cl0_sync = 1
        cl1_sync = 1
        cmsb_sync = 1
        co_msb_sync = 1
        cy_dpconfig = "0000000000000000000000000000000000000000000000000000001001000000000100000000000000010000001100000001000000000000000100100001000011111111000000001111111111111111101000000110001001000001111100000000000000001100"
        d0_init = "00000000"
        d1_init = "00000000"
        f0_blk_sync = 1
        f0_bus_sync = 1
        f1_blk_sync = 1
        f1_bus_sync = 1
        ff0_sync = 1
        ff1_sync = 1
        ov_msb_sync = 1
        so_sync = 1
        z0_sync = 1
        z1_sync = 1
    }
    Clock Polarity: Active High
    Clock Enable: True

statusicell: Name =\UART:BUART:sRX:RxSts\
    PORT MAP (
        clock => \UART:Net_9\ ,
        status_5 => \UART:BUART:rx_status_5\ ,
        status_4 => \UART:BUART:rx_status_4\ ,
        status_3 => \UART:BUART:rx_status_3\ );
    Properties:
    {
        cy_force_order = 1
        cy_int_mask = "1111111"
        cy_md_select = "1011111"
    }
    Clock Polarity: Active High
    Clock Enable: True

UDB [UDB=(0,2)] is empty.
UDB [UDB=(0,3)] is empty.
UDB [UDB=(0,4)] contents:
LAB@[UDB=(0,4)][LB=0] #macrocells=2, #inputs=5, #pterms=3
{
    [McSlotId=0]:     MacroCell: Name=Net_1738, Mode=(D-Register) @ [UDB=(0,4)][LB=0][MC=0]
        Total # of inputs        : 3
        Total # of product terms : 2
        List of special equations: 
            Clock  = (Net_1749) => Global
            Clock Enable: True
        Main Equation            : 2 pterms
        (
              !ServoPWM_A * Net_1738
            + !ServoPWM_A * ServoPWM_1
        );
        Output = Net_1738 (fanout=2)
        Properties               : 
        {
        }

    [McSlotId=1]: (empty)
    [McSlotId=2]: (empty)
    [McSlotId=3]:     MacroCell: Name=\Servo_PWM:PWMUDB:status_2\, Mode=(Combinatorial) @ [UDB=(0,4)][LB=0][MC=3]
        Total # of inputs        : 2
        Total # of product terms : 1
            Clock Enable: True
        Main Equation            : 1 pterm
        (
              \Servo_PWM:PWMUDB:runmode_enable\ * \Servo_PWM:PWMUDB:tc_i\
        );
        Output = \Servo_PWM:PWMUDB:status_2\ (fanout=1)
        Properties               : 
        {
        }
}

LAB@[UDB=(0,4)][LB=1] #macrocells=3, #inputs=4, #pterms=3
{
    [McSlotId=0]: (empty)
    [McSlotId=1]:     MacroCell: Name=\Servo_PWM:PWMUDB:runmode_enable\, Mode=(D-Register) @ [UDB=(0,4)][LB=1][MC=1]
        Total # of inputs        : 1
        Total # of product terms : 1
        List of special equations: 
            Clock  = (Net_527) => Global
            Clock Enable: True
        Main Equation            : 1 pterm
        (
              \Servo_PWM:PWMUDB:control_7\
        );
        Output = \Servo_PWM:PWMUDB:runmode_enable\ (fanout=6)
        Properties               : 
        {
        }

    [McSlotId=2]:     MacroCell: Name=ServoPWM_2, Mode=(D-Register) @ [UDB=(0,4)][LB=1][MC=2]
        Total # of inputs        : 2
        Total # of product terms : 1
        List of special equations: 
            Clock  = (Net_527) => Global
            Clock Enable: True
        Main Equation            : 1 pterm
        (
              \Servo_PWM:PWMUDB:runmode_enable\ * 
              \Servo_PWM:PWMUDB:cmp2_less\
        );
        Output = ServoPWM_2 (fanout=3)
        Properties               : 
        {
        }

    [McSlotId=3]:     MacroCell: Name=\Servo_PWM:PWMUDB:prevCompare1\, Mode=(D-Register) @ [UDB=(0,4)][LB=1][MC=3]
        Total # of inputs        : 1
        Total # of product terms : 1
        List of special equations: 
            Clock  = (Net_527) => Global
            Clock Enable: True
        Main Equation            : 1 pterm
        (
              !\Servo_PWM:PWMUDB:cmp1_less\
        );
        Output = \Servo_PWM:PWMUDB:prevCompare1\ (fanout=1)
        Properties               : 
        {
        }
}

datapathcell: Name =\Servo_PWM:PWMUDB:sP16:pwmdp:u1\
    PORT MAP (
        clock => Net_527 ,
        cs_addr_2 => \Servo_PWM:PWMUDB:tc_i\ ,
        cs_addr_1 => \Servo_PWM:PWMUDB:runmode_enable\ ,
        cl0_comb => \Servo_PWM:PWMUDB:cmp1_less\ ,
        z0_comb => \Servo_PWM:PWMUDB:tc_i\ ,
        cl1_comb => \Servo_PWM:PWMUDB:cmp2_less\ ,
        f1_blk_stat_comb => \Servo_PWM:PWMUDB:status_3\ ,
        chain_in => \Servo_PWM:PWMUDB:sP16:pwmdp:carry\ );
    Properties:
    {
        a0_init = "00000000"
        a1_init = "00000000"
        ce0_sync = 1
        ce1_sync = 1
        cl0_sync = 1
        cl1_sync = 1
        cmsb_sync = 1
        co_msb_sync = 1
        cy_dpconfig = "0000000001000000000000001100000001000000010000000000000011000000000000001100000000000000110000000000000011000000000000001100000011111111000000001111111111111111101011110000000000000100000011110000000000011000"
        d0_init = "00000000"
        d1_init = "00000000"
        f0_blk_sync = 1
        f0_bus_sync = 1
        f1_blk_sync = 1
        f1_bus_sync = 1
        ff0_sync = 1
        ff1_sync = 1
        ov_msb_sync = 1
        so_sync = 1
        z0_sync = 1
        z1_sync = 1
    }
    Clock Polarity: Active High
    Clock Enable: True
    Previous in chain : \Servo_PWM:PWMUDB:sP16:pwmdp:u0\

statusicell: Name =\Servo_PWM:PWMUDB:genblk8:stsreg\
    PORT MAP (
        clock => Net_527 ,
        status_3 => \Servo_PWM:PWMUDB:status_3\ ,
        status_2 => \Servo_PWM:PWMUDB:status_2\ ,
        status_1 => \Servo_PWM:PWMUDB:status_1\ ,
        status_0 => \Servo_PWM:PWMUDB:status_0\ );
    Properties:
    {
        cy_force_order = 1
        cy_int_mask = "1111111"
        cy_md_select = "0100111"
    }
    Clock Polarity: Active High
    Clock Enable: True

controlcell: Name =\Servo_PWM:PWMUDB:genblk1:ctrlreg\
    PORT MAP (
        clock => Net_527 ,
        control_7 => \Servo_PWM:PWMUDB:control_7\ ,
        control_6 => \Servo_PWM:PWMUDB:control_6\ ,
        control_5 => \Servo_PWM:PWMUDB:control_5\ ,
        control_4 => \Servo_PWM:PWMUDB:control_4\ ,
        control_3 => \Servo_PWM:PWMUDB:control_3\ ,
        control_2 => \Servo_PWM:PWMUDB:control_2\ ,
        control_1 => \Servo_PWM:PWMUDB:control_1\ ,
        control_0 => \Servo_PWM:PWMUDB:control_0\ );
    Properties:
    {
        cy_ctrl_mode_0 = "11111111"
        cy_ctrl_mode_1 = "00000000"
        cy_ext_reset = 0
        cy_force_order = 1
        cy_init_value = "00000000"
    }
    Clock Polarity: Active High
    Clock Enable: True

UDB [UDB=(0,5)] contents:
LAB@[UDB=(0,5)][LB=0] #macrocells=2, #inputs=4, #pterms=2
{
    [McSlotId=0]:     MacroCell: Name=\Servo_PWM:PWMUDB:status_1\, Mode=(D-Register) @ [UDB=(0,5)][LB=0][MC=0]
        Total # of inputs        : 2
        Total # of product terms : 1
        List of special equations: 
            Clock  = (Net_527) => Global
            Clock Enable: True
        Main Equation            : 1 pterm
        (
              !\Servo_PWM:PWMUDB:prevCompare2\ * \Servo_PWM:PWMUDB:cmp2_less\
        );
        Output = \Servo_PWM:PWMUDB:status_1\ (fanout=1)
        Properties               : 
        {
        }

    [McSlotId=1]: (empty)
    [McSlotId=2]: (empty)
    [McSlotId=3]:     MacroCell: Name=ServoPWM_tc, Mode=(D-Register) @ [UDB=(0,5)][LB=0][MC=3]
        Total # of inputs        : 2
        Total # of product terms : 1
        List of special equations: 
            Clock  = (Net_527) => Global
            Clock Enable: True
        Main Equation            : 1 pterm
        (
              \Servo_PWM:PWMUDB:runmode_enable\ * \Servo_PWM:PWMUDB:tc_i\
        );
        Output = ServoPWM_tc (fanout=7)
        Properties               : 
        {
        }
}

LAB@[UDB=(0,5)][LB=1] #macrocells=3, #inputs=5, #pterms=3
{
    [McSlotId=0]:     MacroCell: Name=ServoPWM_1, Mode=(D-Register) @ [UDB=(0,5)][LB=1][MC=0]
        Total # of inputs        : 2
        Total # of product terms : 1
        List of special equations: 
            Clock  = (Net_527) => Global
            Clock Enable: True
        Main Equation            : 1 pterm
        (
              \Servo_PWM:PWMUDB:runmode_enable\ * 
              !\Servo_PWM:PWMUDB:cmp1_less\
        );
        Output = ServoPWM_1 (fanout=3)
        Properties               : 
        {
        }

    [McSlotId=1]: (empty)
    [McSlotId=2]:     MacroCell: Name=\ServoAB:PWMUDB:status_2\, Mode=(Combinatorial) @ [UDB=(0,5)][LB=1][MC=2]
        Total # of inputs        : 2
        Total # of product terms : 1
            Clock Enable: True
        Main Equation            : 1 pterm
        (
              \ServoAB:PWMUDB:runmode_enable\ * \ServoAB:PWMUDB:tc_i\
        );
        Output = \ServoAB:PWMUDB:status_2\ (fanout=1)
        Properties               : 
        {
        }

    [McSlotId=3]:     MacroCell: Name=\Servo_PWM:PWMUDB:prevCompare2\, Mode=(D-Register) @ [UDB=(0,5)][LB=1][MC=3]
        Total # of inputs        : 1
        Total # of product terms : 1
        List of special equations: 
            Clock  = (Net_527) => Global
            Clock Enable: True
        Main Equation            : 1 pterm
        (
              \Servo_PWM:PWMUDB:cmp2_less\
        );
        Output = \Servo_PWM:PWMUDB:prevCompare2\ (fanout=1)
        Properties               : 
        {
        }
}

datapathcell: Name =\ServoAB:PWMUDB:sP16:pwmdp:u0\
    PORT MAP (
        clock => ClockBlock_BUS_CLK ,
        cs_addr_2 => \ServoAB:PWMUDB:tc_i\ ,
        cs_addr_1 => \ServoAB:PWMUDB:runmode_enable\ ,
        cs_addr_0 => ServoPWM_tc ,
        chain_out => \ServoAB:PWMUDB:sP16:pwmdp:carry\ );
    Properties:
    {
        a0_init = "00000000"
        a1_init = "00000000"
        ce0_sync = 1
        ce1_sync = 1
        cl0_sync = 1
        cl1_sync = 1
        cmsb_sync = 1
        co_msb_sync = 1
        cy_dpconfig = "0000000001000000000000001100000001000000010000000000000011000000000000001100000000000000110000000000000011000000000000001100000011111111000000001111111111111111101000000000000000000100000000000000000000011000"
        d0_init = "00000000"
        d1_init = "00000000"
        f0_blk_sync = 1
        f0_bus_sync = 1
        f1_blk_sync = 1
        f1_bus_sync = 1
        ff0_sync = 1
        ff1_sync = 1
        ov_msb_sync = 1
        so_sync = 1
        z0_sync = 1
        z1_sync = 1
    }
    Clock Polarity: Active High
    Clock Enable: True
    Next in chain : \ServoAB:PWMUDB:sP16:pwmdp:u1\

UDB [UDB=(1,0)] contents:
LAB@[UDB=(1,0)][LB=0] #macrocells=3, #inputs=5, #pterms=6
{
    [McSlotId=0]:     MacroCell: Name=\UART:BUART:pollcount_1\, Mode=(D-Register) @ [UDB=(1,0)][LB=0][MC=0]
        Total # of inputs        : 5
        Total # of product terms : 3
        List of special equations: 
            Clock  = (\UART:Net_9\) => Global
            Clock Enable: True
        Main Equation            : 3 pterms
        (
              !Net_1481 * !\UART:BUART:rx_count_2\ * !\UART:BUART:rx_count_1\ * 
              \UART:BUART:pollcount_1\
            + Net_1481 * !\UART:BUART:rx_count_2\ * !\UART:BUART:rx_count_1\ * 
              !\UART:BUART:pollcount_1\ * \UART:BUART:pollcount_0\
            + !\UART:BUART:rx_count_2\ * !\UART:BUART:rx_count_1\ * 
              \UART:BUART:pollcount_1\ * !\UART:BUART:pollcount_0\
        );
        Output = \UART:BUART:pollcount_1\ (fanout=4)
        Properties               : 
        {
        }

    [McSlotId=1]:     MacroCell: Name=\UART:BUART:rx_last\, Mode=(D-Register) @ [UDB=(1,0)][LB=0][MC=1]
        Total # of inputs        : 1
        Total # of product terms : 1
        List of special equations: 
            Clock  = (\UART:Net_9\) => Global
            Clock Enable: True
        Main Equation            : 1 pterm
        (
              Net_1481
        );
        Output = \UART:BUART:rx_last\ (fanout=1)
        Properties               : 
        {
        }

    [McSlotId=2]:     MacroCell: Name=\UART:BUART:pollcount_0\, Mode=(D-Register) @ [UDB=(1,0)][LB=0][MC=2]
        Total # of inputs        : 4
        Total # of product terms : 2
        List of special equations: 
            Clock  = (\UART:Net_9\) => Global
            Clock Enable: True
        Main Equation            : 2 pterms
        (
              !Net_1481 * !\UART:BUART:rx_count_2\ * !\UART:BUART:rx_count_1\ * 
              \UART:BUART:pollcount_0\
            + Net_1481 * !\UART:BUART:rx_count_2\ * !\UART:BUART:rx_count_1\ * 
              !\UART:BUART:pollcount_0\
        );
        Output = \UART:BUART:pollcount_0\ (fanout=5)
        Properties               : 
        {
        }

    [McSlotId=3]: (empty)
}

LAB@[UDB=(1,0)][LB=1] #macrocells=2, #inputs=1, #pterms=1
{
    [McSlotId=0]:     MacroCell: Name=Net_1485, Mode=(Combinatorial) @ [UDB=(1,0)][LB=1][MC=0]
        Total # of inputs        : 1
        Total # of product terms : 1
            Clock Enable: True
        Main Equation            : 1 pterm
        (
              !\UART:BUART:txn\
        );
        Output = Net_1485 (fanout=1)
        Properties               : 
        {
        }

    [McSlotId=1]:     MacroCell: Name=\UART:BUART:tx_ctrl_mark_last\, Mode=(T-Register) @ [UDB=(1,0)][LB=1][MC=1]
        Total # of inputs        : 0
        Total # of product terms : 0
        List of special equations: 
            Clock  = (\UART:Net_9\) => Global
            Clock Enable: True
        Main Equation            : 0 pterms
        (
            0
        );
        Output = \UART:BUART:tx_ctrl_mark_last\ (fanout=8)
        Properties               : 
        {
        }

    [McSlotId=2]: (empty)
    [McSlotId=3]: (empty)
}

UDB [UDB=(1,1)] contents:
LAB@[UDB=(1,1)][LB=0] #macrocells=1, #inputs=4, #pterms=2
{
    [McSlotId=0]:     MacroCell: Name=\UART:BUART:tx_bitclk\, Mode=(D-Register) @ [UDB=(1,1)][LB=0][MC=0]
        Total # of inputs        : 4
        Total # of product terms : 2
        List of special equations: 
            Clock  = (\UART:Net_9\) => Global
            Clock Enable: True
        Main Equation            : 2 pterms
        !(
              !\UART:BUART:tx_state_1\ * !\UART:BUART:tx_state_0\ * 
              \UART:BUART:tx_state_2\
            + !\UART:BUART:tx_bitclk_enable_pre\
        );
        Output = \UART:BUART:tx_bitclk\ (fanout=4)
        Properties               : 
        {
        }

    [McSlotId=1]: (empty)
    [McSlotId=2]: (empty)
    [McSlotId=3]: (empty)
}

LAB@[UDB=(1,1)][LB=1] #macrocells=2, #inputs=8, #pterms=7
{
    [McSlotId=0]: (empty)
    [McSlotId=1]: (empty)
    [McSlotId=2]:     MacroCell: Name=\UART:BUART:txn\, Mode=(D-Register) @ [UDB=(1,1)][LB=1][MC=2]
        Total # of inputs        : 7
        Total # of product terms : 5
        List of special equations: 
            Clock  = (\UART:Net_9\) => Global
            Clock Enable: True
        Main Equation            : 5 pterms
        (
              \UART:BUART:txn\ * \UART:BUART:tx_state_1\ * 
              !\UART:BUART:tx_bitclk\
            + \UART:BUART:txn\ * \UART:BUART:tx_state_2\
            + !\UART:BUART:tx_state_1\ * \UART:BUART:tx_state_0\ * 
              !\UART:BUART:tx_shift_out\ * !\UART:BUART:tx_state_2\
            + !\UART:BUART:tx_state_1\ * \UART:BUART:tx_state_0\ * 
              !\UART:BUART:tx_state_2\ * !\UART:BUART:tx_bitclk\
            + \UART:BUART:tx_state_1\ * !\UART:BUART:tx_state_0\ * 
              !\UART:BUART:tx_shift_out\ * !\UART:BUART:tx_state_2\ * 
              !\UART:BUART:tx_counter_dp\ * \UART:BUART:tx_bitclk\
        );
        Output = \UART:BUART:txn\ (fanout=2)
        Properties               : 
        {
        }

    [McSlotId=3]:     MacroCell: Name=\UART:BUART:counter_load_not\, Mode=(Combinatorial) @ [UDB=(1,1)][LB=1][MC=3]
        Total # of inputs        : 4
        Total # of product terms : 2
            Clock Enable: True
        Main Equation            : 2 pterms
        !(
              !\UART:BUART:tx_state_1\ * !\UART:BUART:tx_state_0\ * 
              \UART:BUART:tx_bitclk_enable_pre\
            + !\UART:BUART:tx_state_1\ * !\UART:BUART:tx_state_0\ * 
              !\UART:BUART:tx_state_2\
        );
        Output = \UART:BUART:counter_load_not\ (fanout=1)
        Properties               : 
        {
        }
}

datapathcell: Name =\UART:BUART:sTX:sCLOCK:TxBitClkGen\
    PORT MAP (
        clock => \UART:Net_9\ ,
        cs_addr_0 => \UART:BUART:counter_load_not\ ,
        ce0_reg => \UART:BUART:tx_bitclk_enable_pre\ ,
        ce1_reg => \UART:BUART:tx_counter_dp\ );
    Properties:
    {
        a0_init = "00000000"
        a1_init = "00000000"
        ce0_sync = 1
        ce1_sync = 1
        cl0_sync = 1
        cl1_sync = 1
        cmsb_sync = 1
        co_msb_sync = 1
        cy_dpconfig = "1010100001000000001000000100000000000000000000000000000000000000000000000000000000000000000000000000000000000000000000000000000011111111000000001111111100000111001000000100000000000101111100000000000000001000"
        d0_init = "00000000"
        d1_init = "00000000"
        f0_blk_sync = 1
        f0_bus_sync = 1
        f1_blk_sync = 1
        f1_bus_sync = 1
        ff0_sync = 1
        ff1_sync = 1
        ov_msb_sync = 1
        so_sync = 1
        z0_sync = 1
        z1_sync = 1
    }
    Clock Polarity: Active High
    Clock Enable: True

UDB [UDB=(1,2)] is empty.
UDB [UDB=(1,3)] is empty.
UDB [UDB=(1,4)] contents:
LAB@[UDB=(1,4)][LB=0] #macrocells=3, #inputs=4, #pterms=3
{
    [McSlotId=0]:     MacroCell: Name=ServoPWM_B, Mode=(D-Register) @ [UDB=(1,4)][LB=0][MC=0]
        Total # of inputs        : 2
        Total # of product terms : 1
        List of special equations: 
            Clock  = (ClockBlock_BUS_CLK) => Global
            Clock Enable: True
        Main Equation            : 1 pterm
        (
              \ServoAB:PWMUDB:runmode_enable\ * \ServoAB:PWMUDB:cmp2_less\
        );
        Output = ServoPWM_B (fanout=1)
        Properties               : 
        {
        }

    [McSlotId=1]:     MacroCell: Name=\ServoAB:PWMUDB:prevCompare1\, Mode=(D-Register) @ [UDB=(1,4)][LB=0][MC=1]
        Total # of inputs        : 1
        Total # of product terms : 1
        List of special equations: 
            Clock  = (ClockBlock_BUS_CLK) => Global
            Clock Enable: True
        Main Equation            : 1 pterm
        (
              \ServoAB:PWMUDB:cmp1_less\
        );
        Output = \ServoAB:PWMUDB:prevCompare1\ (fanout=1)
        Properties               : 
        {
        }

    [McSlotId=2]:     MacroCell: Name=\ServoAB:PWMUDB:trig_last\, Mode=(D-Register) @ [UDB=(1,4)][LB=0][MC=2]
        Total # of inputs        : 1
        Total # of product terms : 1
        List of special equations: 
            Clock  = (ClockBlock_BUS_CLK) => Global
            Clock Enable: True
        Main Equation            : 1 pterm
        (
              ServoPWM_2
        );
        Output = \ServoAB:PWMUDB:trig_last\ (fanout=1)
        Properties               : 
        {
        }

    [McSlotId=3]: (empty)
}

LAB@[UDB=(1,4)][LB=1] #macrocells=2, #inputs=8, #pterms=3
{
    [McSlotId=0]: (empty)
    [McSlotId=1]:     MacroCell: Name=Net_1715, Mode=(Combinatorial) @ [UDB=(1,4)][LB=1][MC=1]
        Total # of inputs        : 2
        Total # of product terms : 1
            Clock Enable: True
        Main Equation            : 1 pterm
        (
              ServoPWM_B * ServoPWM_1
        );
        Output = Net_1715 (fanout=1)
        Properties               : 
        {
        }

    [McSlotId=2]:     MacroCell: Name=\ServoAB:PWMUDB:runmode_enable\, Mode=(D-Register) @ [UDB=(1,4)][LB=1][MC=2]
        Total # of inputs        : 6
        Total # of product terms : 2
        List of special equations: 
            Clock  = (ClockBlock_BUS_CLK) => Global
            Reset  = (ServoPWM_tc)
            Clock Enable: True
        Main Equation            : 2 pterms
        (
              \ServoAB:PWMUDB:control_7\ * !\ServoAB:PWMUDB:trig_last\ * 
              ServoPWM_2 * !\ServoAB:PWMUDB:runmode_enable\ * 
              !\ServoAB:PWMUDB:trig_disable\
            + \ServoAB:PWMUDB:control_7\ * \ServoAB:PWMUDB:runmode_enable\ * 
              !\ServoAB:PWMUDB:tc_i\
        );
        Output = \ServoAB:PWMUDB:runmode_enable\ (fanout=7)
        Properties               : 
        {
        }

    [McSlotId=3]: (empty)
}

datapathcell: Name =\Servo_PWM:PWMUDB:sP16:pwmdp:u0\
    PORT MAP (
        clock => Net_527 ,
        cs_addr_2 => \Servo_PWM:PWMUDB:tc_i\ ,
        cs_addr_1 => \Servo_PWM:PWMUDB:runmode_enable\ ,
        chain_out => \Servo_PWM:PWMUDB:sP16:pwmdp:carry\ );
    Properties:
    {
        a0_init = "00000000"
        a1_init = "00000000"
        ce0_sync = 1
        ce1_sync = 1
        cl0_sync = 1
        cl1_sync = 1
        cmsb_sync = 1
        co_msb_sync = 1
        cy_dpconfig = "0000000001000000000000001100000001000000010000000000000011000000000000001100000000000000110000000000000011000000000000001100000011111111000000001111111111111111101000000000000000000100000000000000000000011000"
        d0_init = "00000000"
        d1_init = "00000000"
        f0_blk_sync = 1
        f0_bus_sync = 1
        f1_blk_sync = 1
        f1_bus_sync = 1
        ff0_sync = 1
        ff1_sync = 1
        ov_msb_sync = 1
        so_sync = 1
        z0_sync = 1
        z1_sync = 1
    }
    Clock Polarity: Active High
    Clock Enable: True
    Next in chain : \Servo_PWM:PWMUDB:sP16:pwmdp:u1\

controlcell: Name =\ServoAB:PWMUDB:genblk1:ctrlreg\
    PORT MAP (
        clock => ClockBlock_BUS_CLK ,
        control_7 => \ServoAB:PWMUDB:control_7\ ,
        control_6 => \ServoAB:PWMUDB:control_6\ ,
        control_5 => \ServoAB:PWMUDB:control_5\ ,
        control_4 => \ServoAB:PWMUDB:control_4\ ,
        control_3 => \ServoAB:PWMUDB:control_3\ ,
        control_2 => \ServoAB:PWMUDB:control_2\ ,
        control_1 => \ServoAB:PWMUDB:control_1\ ,
        control_0 => \ServoAB:PWMUDB:control_0\ );
    Properties:
    {
        cy_ctrl_mode_0 = "11111111"
        cy_ctrl_mode_1 = "00000000"
        cy_ext_reset = 0
        cy_force_order = 1
        cy_init_value = "00000000"
    }
    Clock Polarity: Active High
    Clock Enable: True

UDB [UDB=(1,5)] contents:
LAB@[UDB=(1,5)][LB=0] #macrocells=3, #inputs=3, #pterms=2
{
    [McSlotId=0]:     MacroCell: Name=ServoPWM_A, Mode=(D-Register) @ [UDB=(1,5)][LB=0][MC=0]
        Total # of inputs        : 2
        Total # of product terms : 1
        List of special equations: 
            Clock  = (ClockBlock_BUS_CLK) => Global
            Clock Enable: True
        Main Equation            : 1 pterm
        (
              \ServoAB:PWMUDB:runmode_enable\ * \ServoAB:PWMUDB:cmp1_less\
        );
        Output = ServoPWM_A (fanout=2)
        Properties               : 
        {
        }

    [McSlotId=1]: (empty)
    [McSlotId=2]:     MacroCell: Name=__ZERO__, Mode=(Combinatorial) @ [UDB=(1,5)][LB=0][MC=2]
        Total # of inputs        : 0
        Total # of product terms : 0
            Clock Enable: True
        Main Equation            : 0 pterms
        (
            0
        );
        Output = __ZERO__ (fanout=1)
        Properties               : 
        {
        }

    [McSlotId=3]:     MacroCell: Name=\ServoAB:PWMUDB:prevCompare2\, Mode=(D-Register) @ [UDB=(1,5)][LB=0][MC=3]
        Total # of inputs        : 1
        Total # of product terms : 1
        List of special equations: 
            Clock  = (ClockBlock_BUS_CLK) => Global
            Clock Enable: True
        Main Equation            : 1 pterm
        (
              \ServoAB:PWMUDB:cmp2_less\
        );
        Output = \ServoAB:PWMUDB:prevCompare2\ (fanout=1)
        Properties               : 
        {
        }
}

LAB@[UDB=(1,5)][LB=1] #macrocells=3, #inputs=8, #pterms=3
{
    [McSlotId=0]:     MacroCell: Name=\ServoAB:PWMUDB:status_1\, Mode=(D-Register) @ [UDB=(1,5)][LB=1][MC=0]
        Total # of inputs        : 2
        Total # of product terms : 1
        List of special equations: 
            Clock  = (ClockBlock_BUS_CLK) => Global
            Reset  = (ServoPWM_tc)
            Clock Enable: True
        Main Equation            : 1 pterm
        (
              !\ServoAB:PWMUDB:prevCompare2\ * \ServoAB:PWMUDB:cmp2_less\
        );
        Output = \ServoAB:PWMUDB:status_1\ (fanout=1)
        Properties               : 
        {
        }

    [McSlotId=1]:     MacroCell: Name=\ServoAB:PWMUDB:status_0\, Mode=(D-Register) @ [UDB=(1,5)][LB=1][MC=1]
        Total # of inputs        : 2
        Total # of product terms : 1
        List of special equations: 
            Clock  = (ClockBlock_BUS_CLK) => Global
            Reset  = (ServoPWM_tc)
            Clock Enable: True
        Main Equation            : 1 pterm
        (
              !\ServoAB:PWMUDB:prevCompare1\ * \ServoAB:PWMUDB:cmp1_less\
        );
        Output = \ServoAB:PWMUDB:status_0\ (fanout=1)
        Properties               : 
        {
        }

    [McSlotId=2]: (empty)
    [McSlotId=3]:     MacroCell: Name=\ServoAB:PWMUDB:trig_disable\, Mode=(T-Register) @ [UDB=(1,5)][LB=1][MC=3]
        Total # of inputs        : 4
        Total # of product terms : 1
        List of special equations: 
            Clock  = (ClockBlock_BUS_CLK) => Global
            Reset  = (ServoPWM_tc)
            Clock Enable: True
        Main Equation            : 1 pterm
        (
              \ServoAB:PWMUDB:control_7\ * \ServoAB:PWMUDB:runmode_enable\ * 
              \ServoAB:PWMUDB:tc_i\ * !\ServoAB:PWMUDB:trig_disable\
        );
        Output = \ServoAB:PWMUDB:trig_disable\ (fanout=2)
        Properties               : 
        {
        }
}

datapathcell: Name =\ServoAB:PWMUDB:sP16:pwmdp:u1\
    PORT MAP (
        clock => ClockBlock_BUS_CLK ,
        cs_addr_2 => \ServoAB:PWMUDB:tc_i\ ,
        cs_addr_1 => \ServoAB:PWMUDB:runmode_enable\ ,
        cs_addr_0 => ServoPWM_tc ,
        cl0_comb => \ServoAB:PWMUDB:cmp1_less\ ,
        z0_comb => \ServoAB:PWMUDB:tc_i\ ,
        cl1_comb => \ServoAB:PWMUDB:cmp2_less\ ,
        f1_blk_stat_comb => \ServoAB:PWMUDB:status_3\ ,
        chain_in => \ServoAB:PWMUDB:sP16:pwmdp:carry\ );
    Properties:
    {
        a0_init = "00000000"
        a1_init = "00000000"
        ce0_sync = 1
        ce1_sync = 1
        cl0_sync = 1
        cl1_sync = 1
        cmsb_sync = 1
        co_msb_sync = 1
        cy_dpconfig = "0000000001000000000000001100000001000000010000000000000011000000000000001100000000000000110000000000000011000000000000001100000011111111000000001111111111111111101011110000000000000100000011110000000000011000"
        d0_init = "00000000"
        d1_init = "00000000"
        f0_blk_sync = 1
        f0_bus_sync = 1
        f1_blk_sync = 1
        f1_bus_sync = 1
        ff0_sync = 1
        ff1_sync = 1
        ov_msb_sync = 1
        so_sync = 1
        z0_sync = 1
        z1_sync = 1
    }
    Clock Polarity: Active High
    Clock Enable: True
    Previous in chain : \ServoAB:PWMUDB:sP16:pwmdp:u0\

statusicell: Name =\ServoAB:PWMUDB:genblk8:stsreg\
    PORT MAP (
        reset => ServoPWM_tc ,
        clock => ClockBlock_BUS_CLK ,
        status_3 => \ServoAB:PWMUDB:status_3\ ,
        status_2 => \ServoAB:PWMUDB:status_2\ ,
        status_1 => \ServoAB:PWMUDB:status_1\ ,
        status_0 => \ServoAB:PWMUDB:status_0\ );
    Properties:
    {
        cy_force_order = 1
        cy_int_mask = "1111111"
        cy_md_select = "0100111"
    }
    Clock Polarity: Active High
    Clock Enable: True

UDB [UDB=(2,0)] is empty.
UDB [UDB=(2,1)] contents:
LAB@[UDB=(2,1)][LB=0] #macrocells=3, #inputs=7, #pterms=7
{
    [McSlotId=0]:     MacroCell: Name=\UART:BUART:tx_state_0\, Mode=(T-Register) @ [UDB=(2,1)][LB=0][MC=0]
        Total # of inputs        : 6
        Total # of product terms : 4
        List of special equations: 
            Clock  = (\UART:Net_9\) => Global
            Clock Enable: True
        Main Equation            : 4 pterms
        (
              !\UART:BUART:tx_state_1\ * !\UART:BUART:tx_state_0\ * 
              \UART:BUART:tx_bitclk_enable_pre\ * !\UART:BUART:tx_fifo_empty\
            + !\UART:BUART:tx_state_1\ * !\UART:BUART:tx_state_0\ * 
              !\UART:BUART:tx_fifo_empty\ * !\UART:BUART:tx_state_2\
            + \UART:BUART:tx_state_1\ * \UART:BUART:tx_state_0\ * 
              \UART:BUART:tx_bitclk_enable_pre\ * \UART:BUART:tx_fifo_empty\ * 
              \UART:BUART:tx_state_2\
            + \UART:BUART:tx_state_0\ * !\UART:BUART:tx_state_2\ * 
              \UART:BUART:tx_bitclk\
        );
        Output = \UART:BUART:tx_state_0\ (fanout=8)
        Properties               : 
        {
        }

    [McSlotId=1]:     MacroCell: Name=\UART:BUART:tx_status_0\, Mode=(Combinatorial) @ [UDB=(2,1)][LB=0][MC=1]
        Total # of inputs        : 5
        Total # of product terms : 1
            Clock Enable: True
        Main Equation            : 1 pterm
        (
              !\UART:BUART:tx_state_1\ * !\UART:BUART:tx_state_0\ * 
              \UART:BUART:tx_bitclk_enable_pre\ * \UART:BUART:tx_fifo_empty\ * 
              \UART:BUART:tx_state_2\
        );
        Output = \UART:BUART:tx_status_0\ (fanout=1)
        Properties               : 
        {
        }

    [McSlotId=2]:     MacroCell: Name=\UART:BUART:tx_state_1\, Mode=(T-Register) @ [UDB=(2,1)][LB=0][MC=2]
        Total # of inputs        : 6
        Total # of product terms : 3
        List of special equations: 
            Clock  = (\UART:Net_9\) => Global
            Clock Enable: True
        Main Equation            : 3 pterms
        (
              \UART:BUART:tx_state_1\ * \UART:BUART:tx_state_0\ * 
              \UART:BUART:tx_bitclk_enable_pre\ * \UART:BUART:tx_state_2\
            + \UART:BUART:tx_state_1\ * !\UART:BUART:tx_state_2\ * 
              \UART:BUART:tx_counter_dp\ * \UART:BUART:tx_bitclk\
            + \UART:BUART:tx_state_0\ * !\UART:BUART:tx_state_2\ * 
              \UART:BUART:tx_bitclk\
        );
        Output = \UART:BUART:tx_state_1\ (fanout=8)
        Properties               : 
        {
        }

    [McSlotId=3]: (empty)
}

LAB@[UDB=(2,1)][LB=1] #macrocells=2, #inputs=8, #pterms=5
{
    [McSlotId=0]:     MacroCell: Name=\UART:BUART:tx_state_2\, Mode=(T-Register) @ [UDB=(2,1)][LB=1][MC=0]
        Total # of inputs        : 6
        Total # of product terms : 4
        List of special equations: 
            Clock  = (\UART:Net_9\) => Global
            Clock Enable: True
        Main Equation            : 4 pterms
        (
              !\UART:BUART:tx_state_1\ * !\UART:BUART:tx_state_0\ * 
              \UART:BUART:tx_bitclk_enable_pre\ * \UART:BUART:tx_state_2\
            + \UART:BUART:tx_state_1\ * \UART:BUART:tx_state_0\ * 
              \UART:BUART:tx_bitclk_enable_pre\ * \UART:BUART:tx_state_2\
            + \UART:BUART:tx_state_1\ * \UART:BUART:tx_state_0\ * 
              !\UART:BUART:tx_state_2\ * \UART:BUART:tx_bitclk\
            + \UART:BUART:tx_state_1\ * !\UART:BUART:tx_state_2\ * 
              \UART:BUART:tx_counter_dp\ * \UART:BUART:tx_bitclk\
        );
        Output = \UART:BUART:tx_state_2\ (fanout=7)
        Properties               : 
        {
        }

    [McSlotId=1]: (empty)
    [McSlotId=2]: (empty)
    [McSlotId=3]:     MacroCell: Name=\MotorA_QuadDec:Cnt16:CounterUDB:status_3\, Mode=(Combinatorial) @ [UDB=(2,1)][LB=1][MC=3]
        Total # of inputs        : 2
        Total # of product terms : 1
            Clock Enable: True
        Main Equation            : 1 pterm
        (
              \MotorA_QuadDec:Cnt16:CounterUDB:status_1\ * 
              !\MotorA_QuadDec:Cnt16:CounterUDB:underflow_reg_i\
        );
        Output = \MotorA_QuadDec:Cnt16:CounterUDB:status_3\ (fanout=1)
        Properties               : 
        {
        }
}

datapathcell: Name =\UART:BUART:sTX:TxShifter:u0\
    PORT MAP (
        clock => \UART:Net_9\ ,
        cs_addr_2 => \UART:BUART:tx_state_1\ ,
        cs_addr_1 => \UART:BUART:tx_state_0\ ,
        cs_addr_0 => \UART:BUART:tx_bitclk_enable_pre\ ,
        so_comb => \UART:BUART:tx_shift_out\ ,
        f0_bus_stat_comb => \UART:BUART:tx_fifo_notfull\ ,
        f0_blk_stat_comb => \UART:BUART:tx_fifo_empty\ );
    Properties:
    {
        a0_init = "00000000"
        a1_init = "00000000"
        ce0_sync = 1
        ce1_sync = 1
        cl0_sync = 1
        cl1_sync = 1
        cmsb_sync = 1
        co_msb_sync = 1
        cy_dpconfig = "0000000000000000000000000000000000000000000000000000000011000000000000000000000000000010010000000000000000000000000000000000000011111111000000001111111111111111000000000000000001000100111100000000000000001100"
        d0_init = "00000000"
        d1_init = "00000000"
        f0_blk_sync = 1
        f0_bus_sync = 1
        f1_blk_sync = 1
        f1_bus_sync = 1
        ff0_sync = 1
        ff1_sync = 1
        ov_msb_sync = 1
        so_sync = 1
        z0_sync = 1
        z1_sync = 1
    }
    Clock Polarity: Active High
    Clock Enable: True

statusicell: Name =\UART:BUART:sTX:TxSts\
    PORT MAP (
        clock => \UART:Net_9\ ,
        status_3 => \UART:BUART:tx_fifo_notfull\ ,
        status_2 => \UART:BUART:tx_status_2\ ,
        status_1 => \UART:BUART:tx_fifo_empty\ ,
        status_0 => \UART:BUART:tx_status_0\ );
    Properties:
    {
        cy_force_order = 1
        cy_int_mask = "1111111"
        cy_md_select = "0000001"
    }
    Clock Polarity: Active High
    Clock Enable: True

UDB [UDB=(2,2)] contents:
LAB@[UDB=(2,2)][LB=0] #macrocells=1, #inputs=8, #pterms=4
{
    [McSlotId=0]:     MacroCell: Name=\MotorA_QuadDec:Net_1251\, Mode=(D-Register) @ [UDB=(2,2)][LB=0][MC=0]
        Total # of inputs        : 8
        Total # of product terms : 4
        List of special equations: 
            Clock  = (ClockBlock_BUS_CLK) => Global
            Clock Enable: True
        Main Equation            : 4 pterms
        (
              \MotorA_QuadDec:Net_1251\ * !\MotorA_QuadDec:Net_1260\ * 
              !\MotorA_QuadDec:bQuadDec:quad_A_filt\ * 
              !\MotorA_QuadDec:bQuadDec:error\ * 
              !\MotorA_QuadDec:bQuadDec:state_0\
            + \MotorA_QuadDec:Net_1251\ * !\MotorA_QuadDec:Net_1260\ * 
              \MotorA_QuadDec:bQuadDec:quad_A_filt\ * 
              !\MotorA_QuadDec:bQuadDec:error\ * 
              \MotorA_QuadDec:bQuadDec:state_0\
            + \MotorA_QuadDec:Net_1251\ * !\MotorA_QuadDec:Net_1260\ * 
              !\MotorA_QuadDec:bQuadDec:quad_B_filt\ * 
              !\MotorA_QuadDec:bQuadDec:error\ * 
              \MotorA_QuadDec:bQuadDec:state_1\
            + \MotorA_QuadDec:Net_1251_split\
        );
        Output = \MotorA_QuadDec:Net_1251\ (fanout=6)
        Properties               : 
        {
        }

    [McSlotId=1]: (empty)
    [McSlotId=2]: (empty)
    [McSlotId=3]: (empty)
}

LAB@[UDB=(2,2)][LB=1] #macrocells=1, #inputs=7, #pterms=8
{
    [McSlotId=0]:     MacroCell: Name=\MotorA_QuadDec:Net_1251_split\, Mode=(Combinatorial) @ [UDB=(2,2)][LB=1][MC=0]
        Total # of inputs        : 7
        Total # of product terms : 8
            Clock Enable: True
        Main Equation            : 8 pterms
        (
              \MotorA_QuadDec:Net_1251\ * !\MotorA_QuadDec:Net_1260\ * 
              \MotorA_QuadDec:bQuadDec:quad_B_filt\ * 
              !\MotorA_QuadDec:bQuadDec:error\ * 
              !\MotorA_QuadDec:bQuadDec:state_1\
            + \MotorA_QuadDec:Net_1251\ * !\MotorA_QuadDec:Net_1260\ * 
              \MotorA_QuadDec:bQuadDec:error\ * 
              !\MotorA_QuadDec:bQuadDec:state_1\ * 
              !\MotorA_QuadDec:bQuadDec:state_0\
            + \MotorA_QuadDec:Net_1251\ * 
              !\MotorA_QuadDec:bQuadDec:quad_A_filt\ * 
              !\MotorA_QuadDec:bQuadDec:error\ * 
              !\MotorA_QuadDec:bQuadDec:state_1\ * 
              !\MotorA_QuadDec:bQuadDec:state_0\
            + \MotorA_QuadDec:Net_1251\ * 
              \MotorA_QuadDec:bQuadDec:quad_B_filt\ * 
              !\MotorA_QuadDec:bQuadDec:error\ * 
              !\MotorA_QuadDec:bQuadDec:state_1\ * 
              !\MotorA_QuadDec:bQuadDec:state_0\
            + !\MotorA_QuadDec:Net_1260\ * 
              !\MotorA_QuadDec:bQuadDec:quad_A_filt\ * 
              !\MotorA_QuadDec:bQuadDec:quad_B_filt\ * 
              !\MotorA_QuadDec:bQuadDec:error\ * 
              \MotorA_QuadDec:bQuadDec:state_1\ * 
              !\MotorA_QuadDec:bQuadDec:state_0\
            + !\MotorA_QuadDec:Net_1260\ * 
              \MotorA_QuadDec:bQuadDec:quad_A_filt\ * 
              !\MotorA_QuadDec:bQuadDec:quad_B_filt\ * 
              !\MotorA_QuadDec:bQuadDec:error\ * 
              \MotorA_QuadDec:bQuadDec:state_1\ * 
              \MotorA_QuadDec:bQuadDec:state_0\
            + !\MotorA_QuadDec:Net_1260\ * 
              \MotorA_QuadDec:bQuadDec:quad_A_filt\ * 
              \MotorA_QuadDec:bQuadDec:quad_B_filt\ * 
              !\MotorA_QuadDec:bQuadDec:error\ * 
              !\MotorA_QuadDec:bQuadDec:state_1\ * 
              \MotorA_QuadDec:bQuadDec:state_0\
            + !\MotorA_QuadDec:bQuadDec:quad_A_filt\ * 
              \MotorA_QuadDec:bQuadDec:quad_B_filt\ * 
              !\MotorA_QuadDec:bQuadDec:error\ * 
              !\MotorA_QuadDec:bQuadDec:state_1\ * 
              !\MotorA_QuadDec:bQuadDec:state_0\
        );
        Output = \MotorA_QuadDec:Net_1251_split\ (fanout=1)
        Properties               : 
        {
        }

    [McSlotId=1]: (empty)
    [McSlotId=2]: (empty)
    [McSlotId=3]: (empty)
}

datapathcell: Name =\MotorA_QuadDec:Cnt16:CounterUDB:sC16:counterdp:u1\
    PORT MAP (
        clock => ClockBlock_BUS_CLK ,
        cs_addr_2 => \MotorA_QuadDec:Net_1251\ ,
        cs_addr_1 => \MotorA_QuadDec:Cnt16:CounterUDB:count_enable\ ,
        cs_addr_0 => \MotorA_QuadDec:Cnt16:CounterUDB:reload\ ,
        z0_comb => \MotorA_QuadDec:Cnt16:CounterUDB:status_1\ ,
        f0_comb => \MotorA_QuadDec:Cnt16:CounterUDB:overflow\ ,
        ce1_comb => \MotorA_QuadDec:Cnt16:CounterUDB:cmp_out_i\ ,
        f0_bus_stat_comb => \MotorA_QuadDec:Cnt16:CounterUDB:status_6\ ,
        f0_blk_stat_comb => \MotorA_QuadDec:Cnt16:CounterUDB:status_5\ ,
        chain_in => \MotorA_QuadDec:Cnt16:CounterUDB:sC16:counterdp:carry\ );
    Properties:
    {
        a0_init = "00000000"
        a1_init = "00000000"
        ce0_sync = 1
        ce1_sync = 1
        cl0_sync = 1
        cl1_sync = 1
        cmsb_sync = 1
        co_msb_sync = 1
        cy_dpconfig = "0000000001000000000000001000000001000000010000000000000010000000000000000100000000000000100000000010000001000000000000001000000011111111000000001111111111111111101011110000000000000001000001110000000000011000"
        d0_init = "00000000"
        d1_init = "00000000"
        f0_blk_sync = 1
        f0_bus_sync = 1
        f1_blk_sync = 1
        f1_bus_sync = 1
        ff0_sync = 1
        ff1_sync = 1
        ov_msb_sync = 1
        so_sync = 1
        z0_sync = 1
        z1_sync = 1
    }
    Clock Polarity: Active High
    Clock Enable: True
    Previous in chain : \MotorA_QuadDec:Cnt16:CounterUDB:sC16:counterdp:u0\

UDB [UDB=(2,3)] contents:
LAB@[UDB=(2,3)][LB=0] #macrocells=3, #inputs=8, #pterms=5
{
    [McSlotId=0]:     MacroCell: Name=\MotorA_QuadDec:Cnt16:CounterUDB:status_2\, Mode=(Combinatorial) @ [UDB=(2,3)][LB=0][MC=0]
        Total # of inputs        : 2
        Total # of product terms : 1
            Clock Enable: True
        Main Equation            : 1 pterm
        (
              \MotorA_QuadDec:Cnt16:CounterUDB:overflow\ * 
              !\MotorA_QuadDec:Cnt16:CounterUDB:overflow_reg_i\
        );
        Output = \MotorA_QuadDec:Cnt16:CounterUDB:status_2\ (fanout=1)
        Properties               : 
        {
        }

    [McSlotId=1]:     MacroCell: Name=\MotorA_QuadDec:Net_1260\, Mode=(D-Register) @ [UDB=(2,3)][LB=0][MC=1]
        Total # of inputs        : 4
        Total # of product terms : 3
        List of special equations: 
            Clock  = (ClockBlock_BUS_CLK) => Global
            Clock Enable: True
        Main Equation            : 3 pterms
        !(
              !\MotorA_QuadDec:Net_1260\ * !\MotorA_QuadDec:bQuadDec:error\
            + !\MotorA_QuadDec:Net_1260\ * !\MotorA_QuadDec:bQuadDec:state_1\ * 
              !\MotorA_QuadDec:bQuadDec:state_0\
            + !\MotorA_QuadDec:bQuadDec:error\ * 
              !\MotorA_QuadDec:bQuadDec:state_1\ * 
              !\MotorA_QuadDec:bQuadDec:state_0\
        );
        Output = \MotorA_QuadDec:Net_1260\ (fanout=10)
        Properties               : 
        {
        }

    [McSlotId=2]: (empty)
    [McSlotId=3]:     MacroCell: Name=\MotorA_QuadDec:Cnt16:CounterUDB:status_0\, Mode=(Combinatorial) @ [UDB=(2,3)][LB=0][MC=3]
        Total # of inputs        : 2
        Total # of product terms : 1
            Clock Enable: True
        Main Equation            : 1 pterm
        (
              \MotorA_QuadDec:Cnt16:CounterUDB:cmp_out_i\ * 
              !\MotorA_QuadDec:Cnt16:CounterUDB:prevCompare\
        );
        Output = \MotorA_QuadDec:Cnt16:CounterUDB:status_0\ (fanout=1)
        Properties               : 
        {
        }
}

LAB@[UDB=(2,3)][LB=1] #macrocells=4, #inputs=4, #pterms=4
{
    [McSlotId=0]:     MacroCell: Name=\MotorA_QuadDec:Cnt16:CounterUDB:prevCompare\, Mode=(D-Register) @ [UDB=(2,3)][LB=1][MC=0]
        Total # of inputs        : 1
        Total # of product terms : 1
        List of special equations: 
            Clock  = (ClockBlock_BUS_CLK) => Global
            Clock Enable: True
        Main Equation            : 1 pterm
        (
              \MotorA_QuadDec:Cnt16:CounterUDB:cmp_out_i\
        );
        Output = \MotorA_QuadDec:Cnt16:CounterUDB:prevCompare\ (fanout=3)
        Properties               : 
        {
        }

    [McSlotId=1]:     MacroCell: Name=\UART:BUART:tx_status_2\, Mode=(Combinatorial) @ [UDB=(2,3)][LB=1][MC=1]
        Total # of inputs        : 1
        Total # of product terms : 1
            Clock Enable: True
        Main Equation            : 1 pterm
        (
              !\UART:BUART:tx_fifo_notfull\
        );
        Output = \UART:BUART:tx_status_2\ (fanout=1)
        Properties               : 
        {
        }

    [McSlotId=2]:     MacroCell: Name=\MotorA_QuadDec:Cnt16:CounterUDB:overflow_reg_i\, Mode=(D-Register) @ [UDB=(2,3)][LB=1][MC=2]
        Total # of inputs        : 1
        Total # of product terms : 1
        List of special equations: 
            Clock  = (ClockBlock_BUS_CLK) => Global
            Clock Enable: True
        Main Equation            : 1 pterm
        (
              \MotorA_QuadDec:Cnt16:CounterUDB:overflow\
        );
        Output = \MotorA_QuadDec:Cnt16:CounterUDB:overflow_reg_i\ (fanout=1)
        Properties               : 
        {
        }

    [McSlotId=3]:     MacroCell: Name=\MotorA_QuadDec:Cnt16:CounterUDB:underflow_reg_i\, Mode=(D-Register) @ [UDB=(2,3)][LB=1][MC=3]
        Total # of inputs        : 1
        Total # of product terms : 1
        List of special equations: 
            Clock  = (ClockBlock_BUS_CLK) => Global
            Clock Enable: True
        Main Equation            : 1 pterm
        (
              \MotorA_QuadDec:Cnt16:CounterUDB:status_1\
        );
        Output = \MotorA_QuadDec:Cnt16:CounterUDB:underflow_reg_i\ (fanout=1)
        Properties               : 
        {
        }
}

statusicell: Name =\MotorA_QuadDec:Cnt16:CounterUDB:sSTSReg:stsreg\
    PORT MAP (
        reset => \MotorA_QuadDec:Net_1260\ ,
        clock => ClockBlock_BUS_CLK ,
        status_6 => \MotorA_QuadDec:Cnt16:CounterUDB:status_6\ ,
        status_5 => \MotorA_QuadDec:Cnt16:CounterUDB:status_5\ ,
        status_3 => \MotorA_QuadDec:Cnt16:CounterUDB:status_3\ ,
        status_2 => \MotorA_QuadDec:Cnt16:CounterUDB:status_2\ ,
        status_1 => \MotorA_QuadDec:Cnt16:CounterUDB:status_1\ ,
        status_0 => \MotorA_QuadDec:Cnt16:CounterUDB:status_0\ );
    Properties:
    {
        cy_force_order = 1
        cy_int_mask = "1111111"
        cy_md_select = "0011111"
    }
    Clock Polarity: Active High
    Clock Enable: True

UDB [UDB=(2,4)] contents:
LAB@[UDB=(2,4)][LB=0] #macrocells=2, #inputs=6, #pterms=3
{
    [McSlotId=0]:     MacroCell: Name=\MotorA_PWM:PWMUDB:status_2\, Mode=(Combinatorial) @ [UDB=(2,4)][LB=0][MC=0]
        Total # of inputs        : 2
        Total # of product terms : 1
            Clock Enable: True
        Main Equation            : 1 pterm
        (
              \MotorA_PWM:PWMUDB:runmode_enable\ * \MotorA_PWM:PWMUDB:tc_i\
        );
        Output = \MotorA_PWM:PWMUDB:status_2\ (fanout=1)
        Properties               : 
        {
        }

    [McSlotId=1]: (empty)
    [McSlotId=2]:     MacroCell: Name=\MotorA_QuadDec:bQuadDec:quad_A_filt\, Mode=(T-Register) @ [UDB=(2,4)][LB=0][MC=2]
        Total # of inputs        : 4
        Total # of product terms : 2
        List of special equations: 
            Clock  = (ClockBlock_BUS_CLK) => Global
            Clock Enable: True
        Main Equation            : 2 pterms
        (
              !\MotorA_QuadDec:bQuadDec:quad_A_delayed_0\ * 
              !\MotorA_QuadDec:bQuadDec:quad_A_delayed_1\ * 
              !\MotorA_QuadDec:bQuadDec:quad_A_delayed_2\ * 
              \MotorA_QuadDec:bQuadDec:quad_A_filt\
            + \MotorA_QuadDec:bQuadDec:quad_A_delayed_0\ * 
              \MotorA_QuadDec:bQuadDec:quad_A_delayed_1\ * 
              \MotorA_QuadDec:bQuadDec:quad_A_delayed_2\ * 
              !\MotorA_QuadDec:bQuadDec:quad_A_filt\
        );
        Output = \MotorA_QuadDec:bQuadDec:quad_A_filt\ (fanout=8)
        Properties               : 
        {
        }

    [McSlotId=3]: (empty)
}

LAB@[UDB=(2,4)][LB=1] #macrocells=4, #inputs=4, #pterms=4
{
    [McSlotId=0]:     MacroCell: Name=\MotorA_QuadDec:bQuadDec:quad_A_delayed_2\, Mode=(D-Register) @ [UDB=(2,4)][LB=1][MC=0]
        Total # of inputs        : 1
        Total # of product terms : 1
        List of special equations: 
            Clock  = (ClockBlock_BUS_CLK) => Global
            Clock Enable: True
        Main Equation            : 1 pterm
        (
              \MotorA_QuadDec:bQuadDec:quad_A_delayed_1\
        );
        Output = \MotorA_QuadDec:bQuadDec:quad_A_delayed_2\ (fanout=1)
        Properties               : 
        {
        }

    [McSlotId=1]:     MacroCell: Name=\MotorA_PWM:PWMUDB:status_0\, Mode=(D-Register) @ [UDB=(2,4)][LB=1][MC=1]
        Total # of inputs        : 2
        Total # of product terms : 1
        List of special equations: 
            Clock  = (ClockBlock_BUS_CLK) => Global
            Clock Enable: True
        Main Equation            : 1 pterm
        (
              !\MotorA_PWM:PWMUDB:prevCompare1\ * 
              \MotorA_PWM:PWMUDB:cmp1_less\
        );
        Output = \MotorA_PWM:PWMUDB:status_0\ (fanout=1)
        Properties               : 
        {
        }

    [McSlotId=2]:     MacroCell: Name=\MotorA_QuadDec:bQuadDec:quad_A_delayed_1\, Mode=(D-Register) @ [UDB=(2,4)][LB=1][MC=2]
        Total # of inputs        : 1
        Total # of product terms : 1
        List of special equations: 
            Clock  = (ClockBlock_BUS_CLK) => Global
            Clock Enable: True
        Main Equation            : 1 pterm
        (
              \MotorA_QuadDec:bQuadDec:quad_A_delayed_0\
        );
        Output = \MotorA_QuadDec:bQuadDec:quad_A_delayed_1\ (fanout=2)
        Properties               : 
        {
        }

    [McSlotId=3]:     MacroCell: Name=\MotorA_PWM:PWMUDB:prevCompare1\, Mode=(D-Register) @ [UDB=(2,4)][LB=1][MC=3]
        Total # of inputs        : 1
        Total # of product terms : 1
        List of special equations: 
            Clock  = (ClockBlock_BUS_CLK) => Global
            Clock Enable: True
        Main Equation            : 1 pterm
        (
              \MotorA_PWM:PWMUDB:cmp1_less\
        );
        Output = \MotorA_PWM:PWMUDB:prevCompare1\ (fanout=1)
        Properties               : 
        {
        }
}

datapathcell: Name =\MotorA_PWM:PWMUDB:sP16:pwmdp:u1\
    PORT MAP (
        clock => ClockBlock_BUS_CLK ,
        cs_addr_2 => \MotorA_PWM:PWMUDB:tc_i\ ,
        cs_addr_1 => \MotorA_PWM:PWMUDB:runmode_enable\ ,
        cl0_comb => \MotorA_PWM:PWMUDB:cmp1_less\ ,
        z0_comb => \MotorA_PWM:PWMUDB:tc_i\ ,
        f1_blk_stat_comb => \MotorA_PWM:PWMUDB:status_3\ ,
        chain_in => \MotorA_PWM:PWMUDB:sP16:pwmdp:carry\ );
    Properties:
    {
        a0_init = "00000000"
        a1_init = "00000000"
        ce0_sync = 1
        ce1_sync = 1
        cl0_sync = 1
        cl1_sync = 1
        cmsb_sync = 1
        co_msb_sync = 1
        cy_dpconfig = "0000000001000000000000001100000001000000010000000000000011000000000000001100000000000000110000000000000011000000000000001100000011111111000000001111111111111111101011110000000000000100000011110000000000011000"
        d0_init = "00000000"
        d1_init = "00000000"
        f0_blk_sync = 1
        f0_bus_sync = 1
        f1_blk_sync = 1
        f1_bus_sync = 1
        ff0_sync = 1
        ff1_sync = 1
        ov_msb_sync = 1
        so_sync = 1
        z0_sync = 1
        z1_sync = 1
    }
    Clock Polarity: Active High
    Clock Enable: True
    Previous in chain : \MotorA_PWM:PWMUDB:sP16:pwmdp:u0\

statusicell: Name =\MotorA_PWM:PWMUDB:genblk8:stsreg\
    PORT MAP (
        clock => ClockBlock_BUS_CLK ,
        status_3 => \MotorA_PWM:PWMUDB:status_3\ ,
        status_2 => \MotorA_PWM:PWMUDB:status_2\ ,
        status_0 => \MotorA_PWM:PWMUDB:status_0\ );
    Properties:
    {
        cy_force_order = 1
        cy_int_mask = "1111111"
        cy_md_select = "0100111"
    }
    Clock Polarity: Active High
    Clock Enable: True

UDB [UDB=(2,5)] is empty.
UDB [UDB=(3,0)] is empty.
UDB [UDB=(3,1)] contents:
LAB@[UDB=(3,1)][LB=0] #macrocells=1, #inputs=3, #pterms=1
{
    [McSlotId=0]: (empty)
    [McSlotId=1]: (empty)
    [McSlotId=2]:     MacroCell: Name=\MotorA_QuadDec:Net_611\, Mode=(Combinatorial) @ [UDB=(3,1)][LB=0][MC=2]
        Total # of inputs        : 3
        Total # of product terms : 1
            Clock Enable: True
        Main Equation            : 1 pterm
        (
              \MotorA_QuadDec:Net_1275\ * !\MotorA_QuadDec:Net_1251\ * 
              !\MotorA_QuadDec:Cnt16:CounterUDB:prevCompare\
        );
        Output = \MotorA_QuadDec:Net_611\ (fanout=1)
        Properties               : 
        {
        }

    [McSlotId=3]: (empty)
}

LAB@[UDB=(3,1)][LB=1] #macrocells=2, #inputs=5, #pterms=2
{
    [McSlotId=0]: (empty)
    [McSlotId=1]:     MacroCell: Name=\MotorA_QuadDec:Net_1275\, Mode=(D-Register) @ [UDB=(3,1)][LB=1][MC=1]
        Total # of inputs        : 2
        Total # of product terms : 1
        List of special equations: 
            Clock  = (ClockBlock_BUS_CLK) => Global
            Clock Enable: True
        Main Equation            : 1 pterm
        !(
              !\MotorA_QuadDec:Cnt16:CounterUDB:status_1\ * 
              !\MotorA_QuadDec:Cnt16:CounterUDB:overflow\
        );
        Output = \MotorA_QuadDec:Net_1275\ (fanout=2)
        Properties               : 
        {
        }

    [McSlotId=2]:     MacroCell: Name=\MotorA_QuadDec:Net_530\, Mode=(Combinatorial) @ [UDB=(3,1)][LB=1][MC=2]
        Total # of inputs        : 3
        Total # of product terms : 1
            Clock Enable: True
        Main Equation            : 1 pterm
        (
              \MotorA_QuadDec:Net_1275\ * \MotorA_QuadDec:Net_1251\ * 
              !\MotorA_QuadDec:Cnt16:CounterUDB:prevCompare\
        );
        Output = \MotorA_QuadDec:Net_530\ (fanout=1)
        Properties               : 
        {
        }

    [McSlotId=3]: (empty)
}

statusicell: Name =\MotorA_QuadDec:bQuadDec:Stsreg\
    PORT MAP (
        clock => ClockBlock_BUS_CLK ,
        status_3 => \MotorA_QuadDec:bQuadDec:error\ ,
        status_2 => \MotorA_QuadDec:Net_1260\ ,
        status_1 => \MotorA_QuadDec:Net_611\ ,
        status_0 => \MotorA_QuadDec:Net_530\ ,
        interrupt => Net_173 );
    Properties:
    {
        cy_force_order = 1
        cy_int_mask = "0001111"
        cy_md_select = "0001111"
    }
    Clock Polarity: Active High
    Clock Enable: True

controlcell: Name =\MotorA_Dir:Sync:ctrl_reg\
    PORT MAP (
        control_7 => \MotorA_Dir:control_7\ ,
        control_6 => \MotorA_Dir:control_6\ ,
        control_5 => \MotorA_Dir:control_5\ ,
        control_4 => \MotorA_Dir:control_4\ ,
        control_3 => \MotorA_Dir:control_3\ ,
        control_2 => \MotorA_Dir:control_2\ ,
        control_1 => \MotorA_Dir:control_1\ ,
        control_0 => Net_303 );
    Properties:
    {
        cy_ctrl_mode_0 = "00000000"
        cy_ctrl_mode_1 = "00000000"
        cy_ext_reset = 0
        cy_force_order = 1
        cy_init_value = "00000000"
    }
    Clock Enable: True

UDB [UDB=(3,2)] contents:
LAB@[UDB=(3,2)][LB=0] #macrocells=2, #inputs=9, #pterms=5
{
    [McSlotId=0]:     MacroCell: Name=\MotorA_QuadDec:Cnt16:CounterUDB:count_enable\, Mode=(Combinatorial) @ [UDB=(3,2)][LB=0][MC=0]
        Total # of inputs        : 3
        Total # of product terms : 1
            Clock Enable: True
        Main Equation            : 1 pterm
        (
              \MotorA_QuadDec:Cnt16:CounterUDB:control_7\ * 
              !\MotorA_QuadDec:Cnt16:CounterUDB:count_stored_i\ * 
              \MotorA_QuadDec:Net_1203\
        );
        Output = \MotorA_QuadDec:Cnt16:CounterUDB:count_enable\ (fanout=2)
        Properties               : 
        {
        }

    [McSlotId=1]:     MacroCell: Name=\MotorA_QuadDec:bQuadDec:error\, Mode=(D-Register) @ [UDB=(3,2)][LB=0][MC=1]
        Total # of inputs        : 6
        Total # of product terms : 4
        List of special equations: 
            Clock  = (ClockBlock_BUS_CLK) => Global
            Clock Enable: True
        Main Equation            : 4 pterms
        (
              !\MotorA_QuadDec:Net_1260\ * 
              !\MotorA_QuadDec:bQuadDec:quad_A_filt\ * 
              !\MotorA_QuadDec:bQuadDec:quad_B_filt\ * 
              !\MotorA_QuadDec:bQuadDec:error\ * 
              \MotorA_QuadDec:bQuadDec:state_1\ * 
              \MotorA_QuadDec:bQuadDec:state_0\
            + !\MotorA_QuadDec:Net_1260\ * 
              !\MotorA_QuadDec:bQuadDec:quad_A_filt\ * 
              \MotorA_QuadDec:bQuadDec:quad_B_filt\ * 
              !\MotorA_QuadDec:bQuadDec:error\ * 
              \MotorA_QuadDec:bQuadDec:state_1\ * 
              !\MotorA_QuadDec:bQuadDec:state_0\
            + !\MotorA_QuadDec:Net_1260\ * 
              \MotorA_QuadDec:bQuadDec:quad_A_filt\ * 
              !\MotorA_QuadDec:bQuadDec:quad_B_filt\ * 
              !\MotorA_QuadDec:bQuadDec:error\ * 
              !\MotorA_QuadDec:bQuadDec:state_1\ * 
              \MotorA_QuadDec:bQuadDec:state_0\
            + \MotorA_QuadDec:bQuadDec:quad_A_filt\ * 
              \MotorA_QuadDec:bQuadDec:quad_B_filt\ * 
              !\MotorA_QuadDec:bQuadDec:error\ * 
              !\MotorA_QuadDec:bQuadDec:state_1\ * 
              !\MotorA_QuadDec:bQuadDec:state_0\
        );
        Output = \MotorA_QuadDec:bQuadDec:error\ (fanout=9)
        Properties               : 
        {
        }

    [McSlotId=2]: (empty)
    [McSlotId=3]: (empty)
}

LAB@[UDB=(3,2)][LB=1] #macrocells=2, #inputs=7, #pterms=5
{
    [McSlotId=0]: (empty)
    [McSlotId=1]: (empty)
    [McSlotId=2]:     MacroCell: Name=\MotorA_QuadDec:bQuadDec:state_0\, Mode=(D-Register) @ [UDB=(3,2)][LB=1][MC=2]
        Total # of inputs        : 6
        Total # of product terms : 4
        List of special equations: 
            Clock  = (ClockBlock_BUS_CLK) => Global
            Clock Enable: True
        Main Equation            : 4 pterms
        (
              !\MotorA_QuadDec:Net_1260\ * 
              \MotorA_QuadDec:bQuadDec:quad_A_filt\ * 
              \MotorA_QuadDec:bQuadDec:quad_B_filt\ * 
              !\MotorA_QuadDec:bQuadDec:error\ * 
              \MotorA_QuadDec:bQuadDec:state_1\
            + !\MotorA_QuadDec:Net_1260\ * 
              \MotorA_QuadDec:bQuadDec:quad_B_filt\ * 
              !\MotorA_QuadDec:bQuadDec:error\ * 
              \MotorA_QuadDec:bQuadDec:state_0\
            + !\MotorA_QuadDec:Net_1260\ * 
              \MotorA_QuadDec:bQuadDec:quad_B_filt\ * 
              \MotorA_QuadDec:bQuadDec:error\ * 
              !\MotorA_QuadDec:bQuadDec:state_1\ * 
              !\MotorA_QuadDec:bQuadDec:state_0\
            + !\MotorA_QuadDec:bQuadDec:quad_A_filt\ * 
              \MotorA_QuadDec:bQuadDec:quad_B_filt\ * 
              !\MotorA_QuadDec:bQuadDec:error\ * 
              !\MotorA_QuadDec:bQuadDec:state_1\ * 
              !\MotorA_QuadDec:bQuadDec:state_0\
        );
        Output = \MotorA_QuadDec:bQuadDec:state_0\ (fanout=8)
        Properties               : 
        {
        }

    [McSlotId=3]:     MacroCell: Name=\MotorA_QuadDec:Cnt16:CounterUDB:count_stored_i\, Mode=(D-Register) @ [UDB=(3,2)][LB=1][MC=3]
        Total # of inputs        : 1
        Total # of product terms : 1
        List of special equations: 
            Clock  = (ClockBlock_BUS_CLK) => Global
            Clock Enable: True
        Main Equation            : 1 pterm
        (
              \MotorA_QuadDec:Net_1203\
        );
        Output = \MotorA_QuadDec:Cnt16:CounterUDB:count_stored_i\ (fanout=1)
        Properties               : 
        {
        }
}

datapathcell: Name =\MotorA_QuadDec:Cnt16:CounterUDB:sC16:counterdp:u0\
    PORT MAP (
        clock => ClockBlock_BUS_CLK ,
        cs_addr_2 => \MotorA_QuadDec:Net_1251\ ,
        cs_addr_1 => \MotorA_QuadDec:Cnt16:CounterUDB:count_enable\ ,
        cs_addr_0 => \MotorA_QuadDec:Cnt16:CounterUDB:reload\ ,
        chain_out => \MotorA_QuadDec:Cnt16:CounterUDB:sC16:counterdp:carry\ );
    Properties:
    {
        a0_init = "00000000"
        a1_init = "00000000"
        ce0_sync = 1
        ce1_sync = 1
        cl0_sync = 1
        cl1_sync = 1
        cmsb_sync = 1
        co_msb_sync = 1
        cy_dpconfig = "0000000001000000000000001000000001000000010000000000000010000000000000000100000000000000100000000010000001000000000000001000000011111111000000001111111111111111101000000000000000000001000000000000000000011000"
        d0_init = "00000000"
        d1_init = "00000000"
        f0_blk_sync = 1
        f0_bus_sync = 1
        f1_blk_sync = 1
        f1_bus_sync = 1
        ff0_sync = 1
        ff1_sync = 1
        ov_msb_sync = 1
        so_sync = 1
        z0_sync = 1
        z1_sync = 1
    }
    Clock Polarity: Active High
    Clock Enable: True
    Next in chain : \MotorA_QuadDec:Cnt16:CounterUDB:sC16:counterdp:u1\

controlcell: Name =\MotorA_QuadDec:Cnt16:CounterUDB:sCTRLReg:ctrlreg\
    PORT MAP (
        clock => ClockBlock_BUS_CLK ,
        control_7 => \MotorA_QuadDec:Cnt16:CounterUDB:control_7\ ,
        control_6 => \MotorA_QuadDec:Cnt16:CounterUDB:control_6\ ,
        control_5 => \MotorA_QuadDec:Cnt16:CounterUDB:control_5\ ,
        control_4 => \MotorA_QuadDec:Cnt16:CounterUDB:control_4\ ,
        control_3 => \MotorA_QuadDec:Cnt16:CounterUDB:control_3\ ,
        control_2 => \MotorA_QuadDec:Cnt16:CounterUDB:control_2\ ,
        control_1 => \MotorA_QuadDec:Cnt16:CounterUDB:control_1\ ,
        control_0 => \MotorA_QuadDec:Cnt16:CounterUDB:control_0\ );
    Properties:
    {
        cy_ctrl_mode_0 = "11111111"
        cy_ctrl_mode_1 = "00000000"
        cy_ext_reset = 0
        cy_force_order = 1
        cy_init_value = "00000000"
    }
    Clock Polarity: Active High
    Clock Enable: True

UDB [UDB=(3,3)] contents:
LAB@[UDB=(3,3)][LB=0] #macrocells=1, #inputs=7, #pterms=8
{
    [McSlotId=0]:     MacroCell: Name=\MotorA_QuadDec:Net_1203_split\, Mode=(Combinatorial) @ [UDB=(3,3)][LB=0][MC=0]
        Total # of inputs        : 7
        Total # of product terms : 8
            Clock Enable: True
        Main Equation            : 8 pterms
        (
              !\MotorA_QuadDec:Net_1260\ * \MotorA_QuadDec:Net_1203\ * 
              \MotorA_QuadDec:bQuadDec:error\ * 
              !\MotorA_QuadDec:bQuadDec:state_1\ * 
              !\MotorA_QuadDec:bQuadDec:state_0\
            + !\MotorA_QuadDec:Net_1260\ * 
              !\MotorA_QuadDec:bQuadDec:quad_A_filt\ * 
              !\MotorA_QuadDec:bQuadDec:quad_B_filt\ * 
              !\MotorA_QuadDec:bQuadDec:error\ * 
              !\MotorA_QuadDec:bQuadDec:state_1\ * 
              \MotorA_QuadDec:bQuadDec:state_0\
            + !\MotorA_QuadDec:Net_1260\ * 
              !\MotorA_QuadDec:bQuadDec:quad_A_filt\ * 
              !\MotorA_QuadDec:bQuadDec:quad_B_filt\ * 
              !\MotorA_QuadDec:bQuadDec:error\ * 
              \MotorA_QuadDec:bQuadDec:state_1\ * 
              !\MotorA_QuadDec:bQuadDec:state_0\
            + !\MotorA_QuadDec:Net_1260\ * 
              !\MotorA_QuadDec:bQuadDec:quad_A_filt\ * 
              \MotorA_QuadDec:bQuadDec:quad_B_filt\ * 
              !\MotorA_QuadDec:bQuadDec:error\ * 
              \MotorA_QuadDec:bQuadDec:state_1\ * 
              \MotorA_QuadDec:bQuadDec:state_0\
            + !\MotorA_QuadDec:Net_1260\ * 
              \MotorA_QuadDec:bQuadDec:quad_A_filt\ * 
              !\MotorA_QuadDec:bQuadDec:quad_B_filt\ * 
              !\MotorA_QuadDec:bQuadDec:error\ * 
              \MotorA_QuadDec:bQuadDec:state_1\ * 
              \MotorA_QuadDec:bQuadDec:state_0\
            + !\MotorA_QuadDec:Net_1260\ * 
              \MotorA_QuadDec:bQuadDec:quad_A_filt\ * 
              \MotorA_QuadDec:bQuadDec:quad_B_filt\ * 
              !\MotorA_QuadDec:bQuadDec:error\ * 
              !\MotorA_QuadDec:bQuadDec:state_1\ * 
              \MotorA_QuadDec:bQuadDec:state_0\
            + !\MotorA_QuadDec:Net_1260\ * 
              \MotorA_QuadDec:bQuadDec:quad_A_filt\ * 
              \MotorA_QuadDec:bQuadDec:quad_B_filt\ * 
              !\MotorA_QuadDec:bQuadDec:error\ * 
              \MotorA_QuadDec:bQuadDec:state_1\ * 
              !\MotorA_QuadDec:bQuadDec:state_0\
            + \MotorA_QuadDec:bQuadDec:quad_A_filt\ * 
              !\MotorA_QuadDec:bQuadDec:quad_B_filt\ * 
              !\MotorA_QuadDec:bQuadDec:error\ * 
              !\MotorA_QuadDec:bQuadDec:state_1\ * 
              !\MotorA_QuadDec:bQuadDec:state_0\
        );
        Output = \MotorA_QuadDec:Net_1203_split\ (fanout=1)
        Properties               : 
        {
        }

    [McSlotId=1]: (empty)
    [McSlotId=2]: (empty)
    [McSlotId=3]: (empty)
}

LAB@[UDB=(3,3)][LB=1] #macrocells=4, #inputs=11, #pterms=5
{
    [McSlotId=0]:     MacroCell: Name=Net_294, Mode=(Combinatorial) @ [UDB=(3,3)][LB=1][MC=0]
        Total # of inputs        : 1
        Total # of product terms : 1
            Clock Enable: True
        Main Equation            : 1 pterm
        (
              !Net_303
        );
        Output = Net_294 (fanout=1)
        Properties               : 
        {
        }

    [McSlotId=1]:     MacroCell: Name=\MotorA_QuadDec:Cnt16:CounterUDB:reload\, Mode=(Combinatorial) @ [UDB=(3,3)][LB=1][MC=1]
        Total # of inputs        : 3
        Total # of product terms : 1
            Clock Enable: True
        Main Equation            : 1 pterm
        !(
              !\MotorA_QuadDec:Net_1260\ * 
              !\MotorA_QuadDec:Cnt16:CounterUDB:status_1\ * 
              !\MotorA_QuadDec:Cnt16:CounterUDB:overflow\
        );
        Output = \MotorA_QuadDec:Cnt16:CounterUDB:reload\ (fanout=2)
        Properties               : 
        {
        }

    [McSlotId=2]:     MacroCell: Name=\MotorA_QuadDec:Net_1203\, Mode=(D-Register) @ [UDB=(3,3)][LB=1][MC=2]
        Total # of inputs        : 6
        Total # of product terms : 2
        List of special equations: 
            Clock  = (ClockBlock_BUS_CLK) => Global
            Clock Enable: True
        Main Equation            : 2 pterms
        (
              !\MotorA_QuadDec:bQuadDec:quad_A_filt\ * 
              \MotorA_QuadDec:bQuadDec:quad_B_filt\ * 
              !\MotorA_QuadDec:bQuadDec:error\ * 
              !\MotorA_QuadDec:bQuadDec:state_1\ * 
              !\MotorA_QuadDec:bQuadDec:state_0\
            + \MotorA_QuadDec:Net_1203_split\
        );
        Output = \MotorA_QuadDec:Net_1203\ (fanout=3)
        Properties               : 
        {
        }

    [McSlotId=3]:     MacroCell: Name=\MotorA_QuadDec:bQuadDec:quad_A_delayed_0\, Mode=(D-Register) @ [UDB=(3,3)][LB=1][MC=3]
        Total # of inputs        : 1
        Total # of product terms : 1
        List of special equations: 
            Clock  = (ClockBlock_BUS_CLK) => Global
            Clock Enable: True
        Main Equation            : 1 pterm
        (
              Net_169
        );
        Output = \MotorA_QuadDec:bQuadDec:quad_A_delayed_0\ (fanout=2)
        Properties               : 
        {
        }
}

UDB [UDB=(3,4)] contents:
LAB@[UDB=(3,4)][LB=0] #macrocells=4, #inputs=11, #pterms=8
{
    [McSlotId=0]:     MacroCell: Name=\MotorA_QuadDec:bQuadDec:quad_B_delayed_0\, Mode=(D-Register) @ [UDB=(3,4)][LB=0][MC=0]
        Total # of inputs        : 1
        Total # of product terms : 1
        List of special equations: 
            Clock  = (ClockBlock_BUS_CLK) => Global
            Clock Enable: True
        Main Equation            : 1 pterm
        (
              Net_170
        );
        Output = \MotorA_QuadDec:bQuadDec:quad_B_delayed_0\ (fanout=2)
        Properties               : 
        {
        }

    [McSlotId=1]:     MacroCell: Name=\MotorA_QuadDec:bQuadDec:quad_B_filt\, Mode=(T-Register) @ [UDB=(3,4)][LB=0][MC=1]
        Total # of inputs        : 4
        Total # of product terms : 2
        List of special equations: 
            Clock  = (ClockBlock_BUS_CLK) => Global
            Clock Enable: True
        Main Equation            : 2 pterms
        (
              !\MotorA_QuadDec:bQuadDec:quad_B_delayed_0\ * 
              !\MotorA_QuadDec:bQuadDec:quad_B_delayed_1\ * 
              !\MotorA_QuadDec:bQuadDec:quad_B_delayed_2\ * 
              \MotorA_QuadDec:bQuadDec:quad_B_filt\
            + \MotorA_QuadDec:bQuadDec:quad_B_delayed_0\ * 
              \MotorA_QuadDec:bQuadDec:quad_B_delayed_1\ * 
              \MotorA_QuadDec:bQuadDec:quad_B_delayed_2\ * 
              !\MotorA_QuadDec:bQuadDec:quad_B_filt\
        );
        Output = \MotorA_QuadDec:bQuadDec:quad_B_filt\ (fanout=8)
        Properties               : 
        {
        }

    [McSlotId=2]:     MacroCell: Name=\MotorA_QuadDec:bQuadDec:state_1\, Mode=(D-Register) @ [UDB=(3,4)][LB=0][MC=2]
        Total # of inputs        : 6
        Total # of product terms : 4
        List of special equations: 
            Clock  = (ClockBlock_BUS_CLK) => Global
            Clock Enable: True
        Main Equation            : 4 pterms
        (
              !\MotorA_QuadDec:Net_1260\ * 
              \MotorA_QuadDec:bQuadDec:quad_A_filt\ * 
              \MotorA_QuadDec:bQuadDec:quad_B_filt\ * 
              !\MotorA_QuadDec:bQuadDec:error\ * 
              \MotorA_QuadDec:bQuadDec:state_0\
            + !\MotorA_QuadDec:Net_1260\ * 
              \MotorA_QuadDec:bQuadDec:quad_A_filt\ * 
              !\MotorA_QuadDec:bQuadDec:error\ * 
              \MotorA_QuadDec:bQuadDec:state_1\
            + !\MotorA_QuadDec:Net_1260\ * 
              \MotorA_QuadDec:bQuadDec:quad_A_filt\ * 
              \MotorA_QuadDec:bQuadDec:error\ * 
              !\MotorA_QuadDec:bQuadDec:state_1\ * 
              !\MotorA_QuadDec:bQuadDec:state_0\
            + \MotorA_QuadDec:bQuadDec:quad_A_filt\ * 
              !\MotorA_QuadDec:bQuadDec:quad_B_filt\ * 
              !\MotorA_QuadDec:bQuadDec:error\ * 
              !\MotorA_QuadDec:bQuadDec:state_1\ * 
              !\MotorA_QuadDec:bQuadDec:state_0\
        );
        Output = \MotorA_QuadDec:bQuadDec:state_1\ (fanout=8)
        Properties               : 
        {
        }

    [McSlotId=3]:     MacroCell: Name=\MotorA_PWM:PWMUDB:runmode_enable\, Mode=(D-Register) @ [UDB=(3,4)][LB=0][MC=3]
        Total # of inputs        : 1
        Total # of product terms : 1
        List of special equations: 
            Clock  = (ClockBlock_BUS_CLK) => Global
            Clock Enable: True
        Main Equation            : 1 pterm
        (
              \MotorA_PWM:PWMUDB:control_7\
        );
        Output = \MotorA_PWM:PWMUDB:runmode_enable\ (fanout=4)
        Properties               : 
        {
        }
}

LAB@[UDB=(3,4)][LB=1] #macrocells=3, #inputs=4, #pterms=3
{
    [McSlotId=0]:     MacroCell: Name=\MotorA_QuadDec:bQuadDec:quad_B_delayed_1\, Mode=(D-Register) @ [UDB=(3,4)][LB=1][MC=0]
        Total # of inputs        : 1
        Total # of product terms : 1
        List of special equations: 
            Clock  = (ClockBlock_BUS_CLK) => Global
            Clock Enable: True
        Main Equation            : 1 pterm
        (
              \MotorA_QuadDec:bQuadDec:quad_B_delayed_0\
        );
        Output = \MotorA_QuadDec:bQuadDec:quad_B_delayed_1\ (fanout=2)
        Properties               : 
        {
        }

    [McSlotId=1]:     MacroCell: Name=\MotorA_QuadDec:bQuadDec:quad_B_delayed_2\, Mode=(D-Register) @ [UDB=(3,4)][LB=1][MC=1]
        Total # of inputs        : 1
        Total # of product terms : 1
        List of special equations: 
            Clock  = (ClockBlock_BUS_CLK) => Global
            Clock Enable: True
        Main Equation            : 1 pterm
        (
              \MotorA_QuadDec:bQuadDec:quad_B_delayed_1\
        );
        Output = \MotorA_QuadDec:bQuadDec:quad_B_delayed_2\ (fanout=1)
        Properties               : 
        {
        }

    [McSlotId=2]: (empty)
    [McSlotId=3]:     MacroCell: Name=Net_234, Mode=(D-Register) @ [UDB=(3,4)][LB=1][MC=3]
        Total # of inputs        : 2
        Total # of product terms : 1
        List of special equations: 
            Clock  = (ClockBlock_BUS_CLK) => Global
            Clock Enable: True
        Main Equation            : 1 pterm
        (
              \MotorA_PWM:PWMUDB:runmode_enable\ * 
              \MotorA_PWM:PWMUDB:cmp1_less\
        );
        Output = Net_234 (fanout=1)
        Properties               : 
        {
        }
}

datapathcell: Name =\MotorA_PWM:PWMUDB:sP16:pwmdp:u0\
    PORT MAP (
        clock => ClockBlock_BUS_CLK ,
        cs_addr_2 => \MotorA_PWM:PWMUDB:tc_i\ ,
        cs_addr_1 => \MotorA_PWM:PWMUDB:runmode_enable\ ,
        chain_out => \MotorA_PWM:PWMUDB:sP16:pwmdp:carry\ );
    Properties:
    {
        a0_init = "00000000"
        a1_init = "00000000"
        ce0_sync = 1
        ce1_sync = 1
        cl0_sync = 1
        cl1_sync = 1
        cmsb_sync = 1
        co_msb_sync = 1
        cy_dpconfig = "0000000001000000000000001100000001000000010000000000000011000000000000001100000000000000110000000000000011000000000000001100000011111111000000001111111111111111101000000000000000000100000000000000000000011000"
        d0_init = "00000000"
        d1_init = "00000000"
        f0_blk_sync = 1
        f0_bus_sync = 1
        f1_blk_sync = 1
        f1_bus_sync = 1
        ff0_sync = 1
        ff1_sync = 1
        ov_msb_sync = 1
        so_sync = 1
        z0_sync = 1
        z1_sync = 1
    }
    Clock Polarity: Active High
    Clock Enable: True
    Next in chain : \MotorA_PWM:PWMUDB:sP16:pwmdp:u1\

controlcell: Name =\MotorA_PWM:PWMUDB:genblk1:ctrlreg\
    PORT MAP (
        clock => ClockBlock_BUS_CLK ,
        control_7 => \MotorA_PWM:PWMUDB:control_7\ ,
        control_6 => \MotorA_PWM:PWMUDB:control_6\ ,
        control_5 => \MotorA_PWM:PWMUDB:control_5\ ,
        control_4 => \MotorA_PWM:PWMUDB:control_4\ ,
        control_3 => \MotorA_PWM:PWMUDB:control_3\ ,
        control_2 => \MotorA_PWM:PWMUDB:control_2\ ,
        control_1 => \MotorA_PWM:PWMUDB:control_1\ ,
        control_0 => \MotorA_PWM:PWMUDB:control_0\ );
    Properties:
    {
        cy_ctrl_mode_0 = "11111111"
        cy_ctrl_mode_1 = "00000000"
        cy_ext_reset = 0
        cy_force_order = 1
        cy_init_value = "00000000"
    }
    Clock Polarity: Active High
    Clock Enable: True

UDB [UDB=(3,5)] is empty.
Intr container @ [IntrContainer=(0)]: 
  Intr@ [IntrContainer=(0)][IntrId=(0)] 
    interrupt: Name =MotorA_ISR
        PORT MAP (
            interrupt => Net_173 );
        Properties:
        {
            int_type = "10"
            is_nmi = 0
        }
Drq container @ [DrqContainer=(0)]: empty
Port 0 contains the following IO cells:
[IoId=0]: 
Pin : Name = Encoder(0)
    Attributes:
        In Group/Port: True
        In Sync Option: NOSYNC
        Out Sync Option: AUTO
        Interrupt generated: False
        Interrupt mode: NONE
        Drive mode: HI_Z_DIGITAL
        VTrip: CMOS
        Slew: FAST
        Input Sync needed: False
        Output Sync needed: False
        SC shield enabled: False
        POR State: ANY
        LCD Mode: COMMON
        Register Mode: RegComb
        CaSense Mode: NEITHER
        Treat as pin: False
        Is OE Registered: False
        Uses Analog: False
        Can contain Digital: True
        Is SIO: False
        SIO Output Buf: NONREGULATED
        SIO Input Buf: SINGLE_ENDED
        SIO HiFreq: LOW
        SIO Hyst: DISABLED
        SIO Vtrip: MULTIPLIER_0_5
        SIO Multiplier Index: 0
        SIO RefSel: VCC_IO
        Required Capabilities: DIGITAL, ROUTABLE
        Initial Value: 0
        IO Voltage: 0
    PORT MAP (
        pa_out => Encoder(0)__PA ,
        fb => Net_169 ,
        pad => Encoder(0)_PAD );
    Properties:
    {
    }

[IoId=1]: 
Pin : Name = Encoder(1)
    Attributes:
        In Group/Port: True
        In Sync Option: NOSYNC
        Out Sync Option: AUTO
        Interrupt generated: False
        Interrupt mode: NONE
        Drive mode: HI_Z_DIGITAL
        VTrip: CMOS
        Slew: FAST
        Input Sync needed: False
        Output Sync needed: False
        SC shield enabled: False
        POR State: ANY
        LCD Mode: COMMON
        Register Mode: RegComb
        CaSense Mode: NEITHER
        Treat as pin: False
        Is OE Registered: False
        Uses Analog: False
        Can contain Digital: True
        Is SIO: False
        SIO Output Buf: NONREGULATED
        SIO Input Buf: SINGLE_ENDED
        SIO HiFreq: LOW
        SIO Hyst: DISABLED
        SIO Vtrip: MULTIPLIER_0_5
        SIO Multiplier Index: 0
        SIO RefSel: VCC_IO
        Required Capabilities: DIGITAL, ROUTABLE
        Initial Value: 0
        IO Voltage: 0
    PORT MAP (
        pa_out => Encoder(1)__PA ,
        fb => Net_170 ,
        pad => Encoder(1)_PAD );
    Properties:
    {
    }

[IoId=3]: 
Pin : Name = MotorCCW(0)
    Attributes:
        In Group/Port: True
        In Sync Option: AUTO
        Out Sync Option: NOSYNC
        Interrupt generated: False
        Interrupt mode: NONE
        Drive mode: CMOS_OUT
        VTrip: EITHER
        Slew: FAST
        Input Sync needed: False
        Output Sync needed: False
        SC shield enabled: False
        POR State: ANY
        LCD Mode: COMMON
        Register Mode: RegComb
        CaSense Mode: NEITHER
        Treat as pin: True
        Is OE Registered: False
        Uses Analog: False
        Can contain Digital: True
        Is SIO: False
        SIO Output Buf: NONREGULATED
        SIO Input Buf: SINGLE_ENDED
        SIO HiFreq: LOW
        SIO Hyst: DISABLED
        SIO Vtrip: MULTIPLIER_0_5
        SIO Multiplier Index: 0
        SIO RefSel: VCC_IO
        Required Capabilities: DIGITAL, ROUTABLE
        Initial Value: 0
        IO Voltage: 0
    PORT MAP (
        pa_out => MotorCCW(0)__PA ,
        pin_input => Net_294 ,
        pad => MotorCCW(0)_PAD );
    Properties:
    {
    }

[IoId=4]: 
Pin : Name = MotorPWM(0)
    Attributes:
        In Group/Port: True
        In Sync Option: AUTO
        Out Sync Option: NOSYNC
        Interrupt generated: False
        Interrupt mode: NONE
        Drive mode: CMOS_OUT
        VTrip: EITHER
        Slew: FAST
        Input Sync needed: False
        Output Sync needed: False
        SC shield enabled: False
        POR State: ANY
        LCD Mode: COMMON
        Register Mode: RegComb
        CaSense Mode: NEITHER
        Treat as pin: True
        Is OE Registered: False
        Uses Analog: False
        Can contain Digital: True
        Is SIO: False
        SIO Output Buf: NONREGULATED
        SIO Input Buf: SINGLE_ENDED
        SIO HiFreq: LOW
        SIO Hyst: DISABLED
        SIO Vtrip: MULTIPLIER_0_5
        SIO Multiplier Index: 0
        SIO RefSel: VCC_IO
        Required Capabilities: DIGITAL, ROUTABLE
        Initial Value: 0
        IO Voltage: 0
    PORT MAP (
        pa_out => MotorPWM(0)__PA ,
        pin_input => Net_234 ,
        pad => MotorPWM(0)_PAD );
    Properties:
    {
    }

Port 1 contains the following IO cells:
Port 2 contains the following IO cells:
[IoId=0]: 
Pin : Name = Pin_1(0)
    Attributes:
        In Group/Port: True
        In Sync Option: AUTO
        Out Sync Option: NOSYNC
        Interrupt generated: False
        Interrupt mode: NONE
        Drive mode: CMOS_OUT
        VTrip: EITHER
        Slew: FAST
        Input Sync needed: False
        Output Sync needed: False
        SC shield enabled: False
        POR State: ANY
        LCD Mode: COMMON
        Register Mode: RegComb
        CaSense Mode: NEITHER
        Treat as pin: True
        Is OE Registered: False
        Uses Analog: False
        Can contain Digital: True
        Is SIO: False
        SIO Output Buf: NONREGULATED
        SIO Input Buf: SINGLE_ENDED
        SIO HiFreq: LOW
        SIO Hyst: DISABLED
        SIO Vtrip: MULTIPLIER_0_5
        SIO Multiplier Index: 0
        SIO RefSel: VCC_IO
        Required Capabilities: DIGITAL, ROUTABLE
        Initial Value: 0
        IO Voltage: 0
    PORT MAP (
        pa_out => Pin_1(0)__PA ,
        pin_input => ServoPWM_1 ,
        pad => Pin_1(0)_PAD );
    Properties:
    {
    }

[IoId=1]: 
Pin : Name = Pin_2(0)
    Attributes:
        In Group/Port: True
        In Sync Option: AUTO
        Out Sync Option: NOSYNC
        Interrupt generated: False
        Interrupt mode: NONE
        Drive mode: CMOS_OUT
        VTrip: EITHER
        Slew: FAST
        Input Sync needed: False
        Output Sync needed: False
        SC shield enabled: False
        POR State: ANY
        LCD Mode: COMMON
        Register Mode: RegComb
        CaSense Mode: NEITHER
        Treat as pin: True
        Is OE Registered: False
        Uses Analog: False
        Can contain Digital: True
        Is SIO: False
        SIO Output Buf: NONREGULATED
        SIO Input Buf: SINGLE_ENDED
        SIO HiFreq: LOW
        SIO Hyst: DISABLED
        SIO Vtrip: MULTIPLIER_0_5
        SIO Multiplier Index: 0
        SIO RefSel: VCC_IO
        Required Capabilities: DIGITAL, ROUTABLE
        Initial Value: 0
        IO Voltage: 0
    PORT MAP (
        pa_out => Pin_2(0)__PA ,
        pin_input => ServoPWM_2 ,
        pad => Pin_2(0)_PAD );
    Properties:
    {
    }

[IoId=2]: 
Pin : Name = Pin_3(0)
    Attributes:
        In Group/Port: True
        In Sync Option: AUTO
        Out Sync Option: NOSYNC
        Interrupt generated: False
        Interrupt mode: NONE
        Drive mode: CMOS_OUT
        VTrip: EITHER
        Slew: FAST
        Input Sync needed: False
        Output Sync needed: False
        SC shield enabled: False
        POR State: ANY
        LCD Mode: COMMON
        Register Mode: RegComb
        CaSense Mode: NEITHER
        Treat as pin: True
        Is OE Registered: False
        Uses Analog: False
        Can contain Digital: True
        Is SIO: False
        SIO Output Buf: NONREGULATED
        SIO Input Buf: SINGLE_ENDED
        SIO HiFreq: LOW
        SIO Hyst: DISABLED
        SIO Vtrip: MULTIPLIER_0_5
        SIO Multiplier Index: 0
        SIO RefSel: VCC_IO
        Required Capabilities: DIGITAL, ROUTABLE
        Initial Value: 0
        IO Voltage: 0
    PORT MAP (
        pa_out => Pin_3(0)__PA ,
        pin_input => ServoPWM_A ,
        pad => Pin_3(0)_PAD );
    Properties:
    {
    }

[IoId=3]: 
Pin : Name = ServoA_Out(0)
    Attributes:
        In Group/Port: True
        In Sync Option: AUTO
        Out Sync Option: NOSYNC
        Interrupt generated: False
        Interrupt mode: NONE
        Drive mode: CMOS_OUT
        VTrip: EITHER
        Slew: FAST
        Input Sync needed: False
        Output Sync needed: False
        SC shield enabled: False
        POR State: ANY
        LCD Mode: COMMON
        Register Mode: RegComb
        CaSense Mode: NEITHER
        Treat as pin: True
        Is OE Registered: False
        Uses Analog: False
        Can contain Digital: True
        Is SIO: False
        SIO Output Buf: NONREGULATED
        SIO Input Buf: SINGLE_ENDED
        SIO HiFreq: LOW
        SIO Hyst: DISABLED
        SIO Vtrip: MULTIPLIER_0_5
        SIO Multiplier Index: 0
        SIO RefSel: VCC_IO
        Required Capabilities: DIGITAL, ROUTABLE
        Initial Value: 0
        IO Voltage: 0
    PORT MAP (
        pa_out => ServoA_Out(0)__PA ,
        pin_input => Net_1738 ,
        pad => ServoA_Out(0)_PAD );
    Properties:
    {
    }

Port 3 contains the following IO cells:
Port 12 contains the following IO cells:
[IoId=2]: 
Pin : Name = MotorCW(0)
    Attributes:
        In Group/Port: True
        In Sync Option: AUTO
        Out Sync Option: NOSYNC
        Interrupt generated: False
        Interrupt mode: NONE
        Drive mode: CMOS_OUT
        VTrip: EITHER
        Slew: FAST
        Input Sync needed: False
        Output Sync needed: False
        SC shield enabled: False
        POR State: ANY
        LCD Mode: COMMON
        Register Mode: RegComb
        CaSense Mode: NEITHER
        Treat as pin: True
        Is OE Registered: False
        Uses Analog: False
        Can contain Digital: True
        Is SIO: False
        SIO Output Buf: NONREGULATED
        SIO Input Buf: SINGLE_ENDED
        SIO HiFreq: LOW
        SIO Hyst: DISABLED
        SIO Vtrip: MULTIPLIER_0_5
        SIO Multiplier Index: 0
        SIO RefSel: VCC_IO
        Required Capabilities: DIGITAL, ROUTABLE
        Initial Value: 0
        IO Voltage: 0
    PORT MAP (
        pa_out => MotorCW(0)__PA ,
        pin_input => Net_303 ,
        pad => MotorCW(0)_PAD );
    Properties:
    {
    }

[IoId=6]: 
Pin : Name = Rx_1(0)
    Attributes:
        In Group/Port: True
        In Sync Option: SYNC
        Out Sync Option: AUTO
        Interrupt generated: False
        Interrupt mode: NONE
        Drive mode: HI_Z_DIGITAL
        VTrip: CMOS
        Slew: FAST
        Input Sync needed: True
        Output Sync needed: False
        SC shield enabled: False
        POR State: ANY
        LCD Mode: COMMON
        Register Mode: RegComb
        CaSense Mode: NEITHER
        Treat as pin: True
        Is OE Registered: False
        Uses Analog: False
        Can contain Digital: True
        Is SIO: False
        SIO Output Buf: NONREGULATED
        SIO Input Buf: SINGLE_ENDED
        SIO HiFreq: LOW
        SIO Hyst: DISABLED
        SIO Vtrip: MULTIPLIER_0_5
        SIO Multiplier Index: 0
        SIO RefSel: VCC_IO
        Required Capabilities: DIGITAL, ROUTABLE
        Initial Value: 0
        IO Voltage: 0
    PORT MAP (
        pa_out => Rx_1(0)__PA ,
        fb => Net_1481 ,
        pad => Rx_1(0)_PAD );
    Properties:
    {
    }

[IoId=7]: 
Pin : Name = Tx_1(0)
    Attributes:
        In Group/Port: True
        In Sync Option: AUTO
        Out Sync Option: NOSYNC
        Interrupt generated: False
        Interrupt mode: NONE
        Drive mode: CMOS_OUT
        VTrip: EITHER
        Slew: FAST
        Input Sync needed: False
        Output Sync needed: False
        SC shield enabled: False
        POR State: ANY
        LCD Mode: COMMON
        Register Mode: RegComb
        CaSense Mode: NEITHER
        Treat as pin: True
        Is OE Registered: False
        Uses Analog: False
        Can contain Digital: True
        Is SIO: False
        SIO Output Buf: NONREGULATED
        SIO Input Buf: SINGLE_ENDED
        SIO HiFreq: LOW
        SIO Hyst: DISABLED
        SIO Vtrip: MULTIPLIER_0_5
        SIO Multiplier Index: 0
        SIO RefSel: VCC_IO
        Required Capabilities: DIGITAL, ROUTABLE
        Initial Value: 1
        IO Voltage: 0
    PORT MAP (
        pa_out => Tx_1(0)__PA ,
        pin_input => Net_1485 ,
        pad => Tx_1(0)_PAD );
    Properties:
    {
    }

Port 15 contains the following IO cells:
[IoId=0]: 
Pin : Name = ServoB_Out(0)
    Attributes:
        In Group/Port: True
        In Sync Option: AUTO
        Out Sync Option: NOSYNC
        Interrupt generated: False
        Interrupt mode: NONE
        Drive mode: CMOS_OUT
        VTrip: EITHER
        Slew: FAST
        Input Sync needed: False
        Output Sync needed: False
        SC shield enabled: False
        POR State: ANY
        LCD Mode: COMMON
        Register Mode: RegComb
        CaSense Mode: NEITHER
        Treat as pin: True
        Is OE Registered: False
        Uses Analog: False
        Can contain Digital: True
        Is SIO: False
        SIO Output Buf: NONREGULATED
        SIO Input Buf: SINGLE_ENDED
        SIO HiFreq: LOW
        SIO Hyst: DISABLED
        SIO Vtrip: MULTIPLIER_0_5
        SIO Multiplier Index: 0
        SIO RefSel: VCC_IO
        Required Capabilities: DIGITAL, ROUTABLE
        Initial Value: 0
        IO Voltage: 0
    PORT MAP (
        pa_out => ServoB_Out(0)__PA ,
        pin_input => Net_1715 ,
        pad => ServoB_Out(0)_PAD );
    Properties:
    {
    }

ARM group 0: empty
CAN group 0: empty
Cache group 0: empty
CapSense group 0: empty
Clock group 0: 
    Clock Block @ F(Clock,0): 
    clockblockcell: Name =ClockBlock
        PORT MAP (
            imo => ClockBlock_IMO ,
            pllout => ClockBlock_PLL_OUT ,
            ilo => ClockBlock_ILO ,
            clk_100k => ClockBlock_100k ,
            clk_1k => ClockBlock_1k ,
            clk_32k => ClockBlock_32k ,
            xtal => ClockBlock_XTAL ,
            clk_32k_xtal => ClockBlock_XTAL_32KHZ ,
            clk_sync => ClockBlock_MASTER_CLK ,
            clk_bus_glb => ClockBlock_BUS_CLK ,
            clk_bus => ClockBlock_BUS_CLK_local ,
            dclk_glb_0 => Net_1584 ,
            dclk_0 => Net_1584_local ,
            dclk_glb_1 => \UART:Net_9\ ,
            dclk_1 => \UART:Net_9_local\ ,
            dclk_glb_2 => Net_1749 ,
            dclk_2 => Net_1749_local ,
            dclk_glb_3 => Net_527 ,
            dclk_3 => Net_527_local );
        Properties:
        {
        }
Comparator group 0: empty
DFB group 0: empty
DSM group 0: empty
Decimator group 0: empty
EMIF group 0: empty
I2C group 0: empty
LCD group 0: empty
LVD group 0: empty
PICU group 0: empty
PM group 0: empty
SC group 0: empty
SPC group 0: empty
Timer group 0: 
    Timer Block @ F(Timer,0): 
    timercell: Name =\usCounter:CounterHW\
        PORT MAP (
            clock => Net_1584 ,
            enable => __ZERO__ ,
            tc => \usCounter:Net_48\ ,
            cmp => \usCounter:Net_47\ ,
            irq => \usCounter:Net_42\ );
        Properties:
        {
            cy_registers = ""
        }
USB group 0: empty
VIDAC group 0: empty
OpAmp group 0: empty
CsAbuf group 0: empty
Vref group 0: empty
LPF group 0: empty
SAR group 0: empty
ANAIF group 0: empty
PHUB group 0: empty
</CYPRESSTAG>
<CYPRESSTAG name="Port Configuration Details">

------------------------------------------------------------
Port Configuration report
------------------------------------------------------------
     |     |       | Interrupt |                  |               | 
Port | Pin | Fixed |      Type |       Drive Mode |          Name | Connections
-----+-----+-------+-----------+------------------+---------------+---------------
   0 |   0 |       |      NONE |     HI_Z_DIGITAL |    Encoder(0) | FB(Net_169)
     |   1 |       |      NONE |     HI_Z_DIGITAL |    Encoder(1) | FB(Net_170)
     |   3 |       |      NONE |         CMOS_OUT |   MotorCCW(0) | In(Net_294)
     |   4 |       |      NONE |         CMOS_OUT |   MotorPWM(0) | In(Net_234)
-----+-----+-------+-----------+------------------+---------------+---------------
   2 |   0 |     * |      NONE |         CMOS_OUT |      Pin_1(0) | In(ServoPWM_1)
     |   1 |     * |      NONE |         CMOS_OUT |      Pin_2(0) | In(ServoPWM_2)
     |   2 |     * |      NONE |         CMOS_OUT |      Pin_3(0) | In(ServoPWM_A)
     |   3 |     * |      NONE |         CMOS_OUT | ServoA_Out(0) | In(Net_1738)
-----+-----+-------+-----------+------------------+---------------+---------------
  12 |   2 |       |      NONE |         CMOS_OUT |    MotorCW(0) | In(Net_303)
     |   6 |     * |      NONE |     HI_Z_DIGITAL |       Rx_1(0) | FB(Net_1481)
     |   7 |     * |      NONE |         CMOS_OUT |       Tx_1(0) | In(Net_1485)
-----+-----+-------+-----------+------------------+---------------+---------------
  15 |   0 |       |      NONE |         CMOS_OUT | ServoB_Out(0) | In(Net_1715)
----------------------------------------------------------------------------------
</CYPRESSTAG>
</CYPRESSTAG>
</CYPRESSTAG>
Digital component placer commit/Report: Elapsed time ==> 0s.059ms
Digital Placement phase: Elapsed time ==> 1s.729ms
</CYPRESSTAG>
<CYPRESSTAG name="Digital Routing">
"C:\Program Files (x86)\Cypress\PSoC Creator\4.4\PSoC Creator\bin/sjrouter.exe" --xml-path "C:\Program Files (x86)\Cypress\PSoC Creator\4.4\PSoC Creator\dev\psoc5/psoc5lp/route_arch-rrg.cydata" --vh2-path "MotorPID_r.vh2" --pcf-path "MotorPID.pco" --des-name "MotorPID" --dsf-path "MotorPID.dsf" --sdc-path "MotorPID.sdc" --lib-path "MotorPID_r.lib"
Routing successful.
Digital Routing phase: Elapsed time ==> 1s.572ms
</CYPRESSTAG>
<CYPRESSTAG name="Bitstream Generation">
Bitstream Generation phase: Elapsed time ==> 0s.116ms
</CYPRESSTAG>
<CYPRESSTAG name="Bitstream Verification">
Bitstream Verification phase: Elapsed time ==> 0s.027ms
</CYPRESSTAG>
<CYPRESSTAG name="Static timing analysis">
Timing report is in MotorPID_timing.html.
Static timing analysis phase: Elapsed time ==> 0s.357ms
</CYPRESSTAG>
<CYPRESSTAG name="Data reporting">
Data reporting phase: Elapsed time ==> 0s.000ms
</CYPRESSTAG>
<CYPRESSTAG name="Database update...">
Design database save phase: Elapsed time ==> 0s.177ms
</CYPRESSTAG>
cydsfit: Elapsed time ==> 4s.450ms
</CYPRESSTAG>
Fitter phase: Elapsed time ==> 4s.450ms
API generation phase: Elapsed time ==> 0s.882ms
Dependency generation phase: Elapsed time ==> 0s.007ms
Cleanup phase: Elapsed time ==> 0s.000ms
